transaction_id,amount,payment_method,failure_reason,bank,hour_of_day,day_of_week,is_weekend,prev_retry_attempts,customer_success_rate_history,retry_success
txn_000000,1068.34,UPI,expired_card,SBI,18,6,1,0,0.641,1
txn_000001,375.64,Debit Card,insufficient_funds,Axis,21,4,0,0,0.814,0
txn_000002,766.98,Credit Card,network_timeout,SBI,2,4,0,1,0.82,0
txn_000003,460.28,UPI,insufficient_funds,Kotak,16,3,0,0,0.925,0
txn_000004,827.69,Debit Card,bank_server_down,ICICI,15,6,1,0,0.818,1
txn_000005,146.94,Debit Card,bank_server_down,Axis,14,4,0,0,0.872,0
txn_000006,1337.34,Debit Card,card_declined,HDFC,8,3,0,2,0.893,0
txn_000007,261.45,Netbanking,wrong_otp,Kotak,13,6,1,0,0.816,1
txn_000008,533.96,Credit Card,wrong_otp,Axis,12,6,1,1,0.869,1
txn_000009,439.32,Credit Card,network_timeout,Axis,10,1,0,0,0.624,1
txn_000010,46.75,UPI,bank_server_down,Yes Bank,4,0,0,0,0.788,1
txn_000011,1507.0,UPI,expired_card,Axis,2,0,0,0,0.708,0
txn_000012,4791.37,Credit Card,card_declined,IDFC,10,2,0,0,0.51,0
txn_000013,1145.38,Credit Card,card_declined,SBI,19,3,0,1,0.539,1
txn_000014,3133.59,UPI,bank_server_down,HDFC,17,6,1,1,0.761,0
txn_000015,1098.39,UPI,insufficient_funds,SBI,15,2,0,1,0.565,0
txn_000016,96.1,Wallet,insufficient_funds,Axis,0,5,1,0,0.626,0
txn_000017,769.59,UPI,insufficient_funds,Yes Bank,5,4,0,0,0.588,0
txn_000018,986.67,Credit Card,wrong_otp,HDFC,16,3,0,3,0.785,0
txn_000019,146.23,UPI,insufficient_funds,HDFC,9,6,1,2,0.908,0
txn_000020,203.76,UPI,card_declined,IDFC,9,6,1,0,0.938,0
txn_000021,1091.16,UPI,insufficient_funds,SBI,22,6,1,0,0.865,0
txn_000022,950.8,UPI,insufficient_funds,Yes Bank,14,5,1,1,0.555,0
txn_000023,1030.73,Debit Card,insufficient_funds,Kotak,17,3,0,1,0.925,0
txn_000024,337.84,Netbanking,bank_server_down,Yes Bank,21,0,0,1,0.763,1
txn_000025,327.78,UPI,insufficient_funds,HDFC,13,5,1,1,0.864,0
txn_000026,181.24,Credit Card,insufficient_funds,IDFC,9,1,0,1,0.819,1
txn_000027,1131.61,Credit Card,insufficient_funds,Kotak,18,2,0,1,0.843,0
txn_000028,1555.58,Debit Card,card_declined,Kotak,23,3,0,0,0.667,1
txn_000029,1127.73,UPI,card_declined,IDFC,4,3,0,0,0.694,1
txn_000030,679.26,Netbanking,bank_server_down,Axis,8,2,0,0,0.782,1
txn_000031,5390.47,UPI,card_declined,Axis,20,6,1,1,0.636,0
txn_000032,1163.41,UPI,insufficient_funds,HDFC,4,4,0,0,0.943,1
txn_000033,564.61,Wallet,network_timeout,Yes Bank,11,5,1,1,0.967,1
txn_000034,2371.17,Debit Card,network_timeout,IDFC,12,3,0,1,0.838,1
txn_000035,562.24,Wallet,insufficient_funds,Kotak,18,3,0,0,0.853,0
txn_000036,595.3,UPI,network_timeout,SBI,20,1,0,0,0.677,0
txn_000037,348.86,Wallet,card_declined,HDFC,12,3,0,0,0.288,0
txn_000038,617.94,Netbanking,wrong_otp,Kotak,0,1,0,1,0.655,1
txn_000039,936.79,Credit Card,bank_server_down,HDFC,4,5,1,2,0.957,0
txn_000040,1920.7,UPI,insufficient_funds,HDFC,7,6,1,1,0.705,0
txn_000041,2948.48,Netbanking,bank_server_down,IDFC,18,6,1,0,0.665,1
txn_000042,1581.41,Netbanking,bank_server_down,Yes Bank,22,1,0,2,0.938,0
txn_000043,107.85,Credit Card,bank_server_down,SBI,14,0,0,0,0.594,0
txn_000044,248.21,UPI,network_timeout,SBI,18,2,0,1,0.771,1
txn_000045,600.67,Netbanking,insufficient_funds,ICICI,14,0,0,1,0.714,1
txn_000046,3445.99,UPI,network_timeout,Yes Bank,13,2,0,0,0.709,1
txn_000047,892.18,UPI,wrong_otp,IDFC,9,6,1,0,0.812,0
txn_000048,8719.57,Debit Card,network_timeout,Kotak,21,1,0,1,0.902,0
txn_000049,164.26,UPI,wrong_otp,Yes Bank,21,4,0,0,0.831,1
txn_000050,1476.58,Netbanking,insufficient_funds,SBI,14,5,1,1,0.665,0
txn_000051,310.05,Debit Card,insufficient_funds,ICICI,0,3,0,0,0.825,0
txn_000052,314.83,Credit Card,wrong_otp,HDFC,4,6,1,1,0.166,0
txn_000053,964.05,Netbanking,network_timeout,ICICI,8,1,0,0,0.594,1
txn_000054,427.33,Debit Card,insufficient_funds,Yes Bank,18,2,0,2,0.839,1
txn_000055,136.97,Credit Card,wrong_otp,IDFC,0,6,1,0,0.703,0
txn_000056,1106.97,Credit Card,bank_server_down,Axis,19,5,1,2,0.726,1
txn_000057,725.63,Debit Card,network_timeout,HDFC,14,3,0,0,0.224,1
txn_000058,1005.7,Debit Card,insufficient_funds,SBI,10,2,0,0,0.841,0
txn_000059,1584.22,Netbanking,insufficient_funds,Kotak,10,3,0,0,0.438,0
txn_000060,607.76,UPI,insufficient_funds,HDFC,13,4,0,2,0.791,0
txn_000061,1069.9,UPI,bank_server_down,Axis,2,6,1,0,0.837,0
txn_000062,520.22,Credit Card,insufficient_funds,SBI,6,3,0,0,0.541,0
txn_000063,6481.14,Debit Card,insufficient_funds,Axis,21,3,0,1,0.716,0
txn_000064,643.71,UPI,wrong_otp,HDFC,7,2,0,0,0.462,0
txn_000065,377.01,Credit Card,insufficient_funds,HDFC,2,1,0,0,0.772,0
txn_000066,307.81,Debit Card,insufficient_funds,IDFC,7,5,1,0,0.65,1
txn_000067,463.61,Wallet,card_declined,Yes Bank,4,5,1,0,0.961,0
txn_000068,478.51,UPI,insufficient_funds,ICICI,19,4,0,0,0.581,1
txn_000069,1757.81,Debit Card,insufficient_funds,Yes Bank,16,1,0,0,0.423,0
txn_000070,895.43,Debit Card,expired_card,ICICI,4,2,0,1,0.877,0
txn_000071,859.22,Debit Card,insufficient_funds,Yes Bank,11,4,0,1,0.967,0
txn_000072,770.63,UPI,network_timeout,SBI,20,2,0,0,0.858,1
txn_000073,115.03,Debit Card,risk_flagged,Kotak,14,3,0,0,0.667,0
txn_000074,355.33,UPI,bank_server_down,Kotak,6,2,0,2,0.973,0
txn_000075,279.05,UPI,expired_card,IDFC,15,2,0,2,0.806,0
txn_000076,737.66,Wallet,risk_flagged,IDFC,16,6,1,1,0.624,0
txn_000077,684.25,UPI,network_timeout,IDFC,17,2,0,1,0.802,1
txn_000078,2524.65,UPI,card_declined,Axis,3,4,0,1,0.617,0
txn_000079,1357.5,Wallet,insufficient_funds,Kotak,2,2,0,1,0.814,0
txn_000080,886.23,Wallet,network_timeout,HDFC,0,5,1,0,0.334,0
txn_000081,96.19,UPI,risk_flagged,IDFC,23,3,0,0,0.433,0
txn_000082,572.96,Credit Card,insufficient_funds,Axis,21,4,0,1,0.74,1
txn_000083,2753.16,Debit Card,card_declined,IDFC,16,2,0,1,0.338,0
txn_000084,363.35,Netbanking,insufficient_funds,Axis,1,3,0,0,0.715,0
txn_000085,1154.09,UPI,card_declined,ICICI,15,4,0,2,0.603,0
txn_000086,845.58,Credit Card,network_timeout,HDFC,7,3,0,3,0.616,0
txn_000087,386.87,Netbanking,network_timeout,SBI,6,6,1,0,0.883,1
txn_000088,533.15,UPI,wrong_otp,IDFC,18,5,1,0,0.802,0
txn_000089,552.04,Debit Card,insufficient_funds,Axis,16,3,0,0,0.507,1
txn_000090,2005.54,Wallet,expired_card,Axis,11,6,1,0,0.724,0
txn_000091,156.33,UPI,wrong_otp,Axis,6,6,1,2,0.274,1
txn_000092,104.92,UPI,bank_server_down,Kotak,5,6,1,1,0.596,1
txn_000093,1349.81,UPI,insufficient_funds,Kotak,13,1,0,1,0.624,0
txn_000094,150.39,UPI,card_declined,Axis,21,5,1,0,0.721,1
txn_000095,136.47,Debit Card,bank_server_down,IDFC,12,0,0,2,0.828,0
txn_000096,2172.02,Credit Card,card_declined,Axis,17,3,0,0,0.75,0
txn_000097,406.07,UPI,card_declined,IDFC,16,2,0,0,0.431,1
txn_000098,372.61,Netbanking,risk_flagged,Axis,6,2,0,1,0.552,0
txn_000099,493.59,UPI,insufficient_funds,IDFC,18,1,0,0,0.815,0
txn_000100,690.91,UPI,insufficient_funds,SBI,9,2,0,1,0.784,0
txn_000101,1593.65,Debit Card,bank_server_down,Axis,23,1,0,2,0.652,0
txn_000102,185.45,UPI,card_declined,Yes Bank,17,4,0,1,0.492,0
txn_000103,2098.05,Netbanking,bank_server_down,IDFC,5,0,0,0,0.383,1
txn_000104,1025.71,UPI,expired_card,IDFC,21,5,1,0,0.841,0
txn_000105,1551.66,Netbanking,insufficient_funds,Yes Bank,4,0,0,2,0.853,0
txn_000106,192.99,Credit Card,risk_flagged,Kotak,4,4,0,0,0.552,0
txn_000107,1662.92,Debit Card,insufficient_funds,HDFC,23,6,1,1,0.86,1
txn_000108,1149.65,UPI,insufficient_funds,IDFC,22,6,1,2,0.603,1
txn_000109,1539.46,Debit Card,card_declined,SBI,1,1,0,1,0.879,0
txn_000110,1208.82,Debit Card,risk_flagged,SBI,8,6,1,0,0.777,0
txn_000111,1595.33,UPI,bank_server_down,Kotak,0,0,0,1,0.714,1
txn_000112,422.32,Credit Card,wrong_otp,ICICI,11,4,0,0,0.403,1
txn_000113,507.45,Debit Card,expired_card,Kotak,15,6,1,0,0.935,0
txn_000114,278.5,UPI,insufficient_funds,Axis,14,3,0,1,0.805,0
txn_000115,387.49,UPI,card_declined,ICICI,23,0,0,1,0.583,1
txn_000116,851.92,Credit Card,expired_card,IDFC,8,1,0,0,0.758,0
txn_000117,1329.69,UPI,network_timeout,ICICI,6,1,0,2,0.832,1
txn_000118,2263.31,Credit Card,insufficient_funds,Kotak,10,1,0,0,0.773,0
txn_000119,900.26,UPI,card_declined,SBI,9,6,1,1,0.918,1
txn_000120,840.32,Credit Card,bank_server_down,Axis,5,1,0,1,0.813,1
txn_000121,110.38,Wallet,card_declined,IDFC,22,1,0,0,0.874,0
txn_000122,162.85,Wallet,risk_flagged,Axis,0,0,0,1,0.878,0
txn_000123,681.88,UPI,insufficient_funds,Kotak,1,0,0,0,0.638,0
txn_000124,214.55,Netbanking,wrong_otp,Yes Bank,4,3,0,0,0.507,0
txn_000125,1211.48,UPI,bank_server_down,ICICI,1,2,0,0,0.716,1
txn_000126,492.68,UPI,wrong_otp,HDFC,5,0,0,1,0.855,1
txn_000127,198.4,Netbanking,insufficient_funds,IDFC,1,3,0,0,0.928,0
txn_000128,360.18,Debit Card,card_declined,IDFC,15,3,0,1,0.82,1
txn_000129,584.93,Debit Card,card_declined,Kotak,2,6,1,1,0.759,0
txn_000130,385.2,UPI,network_timeout,Kotak,6,4,0,0,0.89,1
txn_000131,1383.46,Debit Card,insufficient_funds,ICICI,2,0,0,2,0.513,0
txn_000132,1197.75,UPI,risk_flagged,Axis,22,1,0,0,0.728,1
txn_000133,529.02,UPI,expired_card,IDFC,22,2,0,2,0.983,1
txn_000134,423.52,Wallet,risk_flagged,SBI,4,4,0,2,0.533,0
txn_000135,538.43,UPI,insufficient_funds,Yes Bank,22,5,1,1,0.868,1
txn_000136,461.76,Credit Card,card_declined,ICICI,7,1,0,0,0.917,1
txn_000137,904.52,UPI,insufficient_funds,SBI,2,1,0,4,0.638,0
txn_000138,290.48,Debit Card,insufficient_funds,Yes Bank,12,1,0,0,0.926,0
txn_000139,1170.88,Debit Card,network_timeout,SBI,6,3,0,1,0.569,0
txn_000140,182.45,Wallet,insufficient_funds,ICICI,20,5,1,1,0.783,1
txn_000141,1520.8,UPI,network_timeout,Yes Bank,19,2,0,2,0.833,1
txn_000142,3572.76,UPI,insufficient_funds,Yes Bank,20,1,0,1,0.628,0
txn_000143,521.03,UPI,wrong_otp,IDFC,23,1,0,1,0.583,1
txn_000144,726.62,Debit Card,expired_card,Kotak,15,4,0,0,0.915,0
txn_000145,276.15,Debit Card,expired_card,Axis,5,3,0,0,0.543,0
txn_000146,392.38,Credit Card,expired_card,SBI,16,2,0,0,0.852,0
txn_000147,777.73,UPI,network_timeout,ICICI,3,5,1,1,0.635,1
txn_000148,601.75,UPI,network_timeout,HDFC,6,2,0,0,0.728,0
txn_000149,58.9,UPI,insufficient_funds,Axis,6,5,1,1,0.796,0
txn_000150,1000.59,UPI,insufficient_funds,HDFC,4,2,0,1,0.69,0
txn_000151,1252.58,UPI,card_declined,IDFC,22,0,0,1,0.741,1
txn_000152,222.44,UPI,bank_server_down,HDFC,21,0,0,1,0.618,1
txn_000153,354.79,Debit Card,bank_server_down,SBI,6,4,0,0,0.769,0
txn_000154,724.93,Netbanking,network_timeout,SBI,16,6,1,1,0.877,1
txn_000155,744.92,Credit Card,bank_server_down,SBI,23,3,0,1,0.656,1
txn_000156,972.7,UPI,card_declined,Axis,12,2,0,1,0.692,0
txn_000157,318.68,Debit Card,bank_server_down,Yes Bank,8,3,0,1,0.889,1
txn_000158,2180.67,Wallet,expired_card,SBI,19,1,0,0,0.844,0
txn_000159,79.69,Wallet,risk_flagged,Axis,1,5,1,1,0.536,0
txn_000160,1040.4,UPI,bank_server_down,IDFC,22,5,1,3,0.693,1
txn_000161,1195.95,Debit Card,insufficient_funds,Axis,22,6,1,0,0.786,0
txn_000162,944.48,UPI,network_timeout,Axis,2,3,0,1,0.683,1
txn_000163,856.57,Credit Card,network_timeout,Yes Bank,13,2,0,0,0.68,0
txn_000164,1545.98,UPI,risk_flagged,ICICI,12,6,1,1,0.475,0
txn_000165,100.97,UPI,insufficient_funds,HDFC,10,4,0,0,0.557,1
txn_000166,380.65,UPI,insufficient_funds,HDFC,10,5,1,1,0.466,0
txn_000167,216.93,Netbanking,card_declined,HDFC,18,1,0,0,0.739,0
txn_000168,514.61,Debit Card,insufficient_funds,Axis,21,3,0,2,0.541,0
txn_000169,533.68,Credit Card,insufficient_funds,SBI,7,5,1,1,0.51,0
txn_000170,61.29,UPI,insufficient_funds,ICICI,9,2,0,0,0.682,0
txn_000171,4452.36,Netbanking,wrong_otp,IDFC,18,2,0,0,0.911,1
txn_000172,410.32,Debit Card,card_declined,HDFC,12,6,1,0,0.846,1
txn_000173,1668.61,UPI,insufficient_funds,Axis,11,1,0,0,0.487,1
txn_000174,817.89,Credit Card,wrong_otp,SBI,2,3,0,1,0.723,0
txn_000175,780.44,UPI,bank_server_down,Kotak,22,0,0,0,0.679,1
txn_000176,1127.85,Netbanking,card_declined,Axis,11,6,1,1,0.787,0
txn_000177,488.81,UPI,card_declined,Kotak,19,2,0,0,0.939,1
txn_000178,2257.75,UPI,card_declined,Kotak,23,3,0,1,0.743,1
txn_000179,513.48,UPI,risk_flagged,SBI,9,4,0,1,0.944,0
txn_000180,305.54,UPI,expired_card,Yes Bank,3,4,0,0,0.593,0
txn_000181,386.58,UPI,insufficient_funds,Yes Bank,11,4,0,2,0.576,1
txn_000182,499.69,Netbanking,card_declined,HDFC,23,1,0,0,0.588,1
txn_000183,3171.33,Credit Card,insufficient_funds,Yes Bank,10,6,1,0,0.524,1
txn_000184,205.9,Credit Card,network_timeout,IDFC,22,1,0,0,0.803,0
txn_000185,1305.58,Netbanking,bank_server_down,Axis,18,6,1,1,0.844,1
txn_000186,1814.5,Credit Card,risk_flagged,ICICI,21,4,0,0,0.581,0
txn_000187,1833.73,Credit Card,network_timeout,SBI,18,1,0,2,0.679,0
txn_000188,2169.94,Debit Card,card_declined,IDFC,8,1,0,0,0.858,1
txn_000189,581.28,UPI,expired_card,SBI,5,1,0,0,0.837,0
txn_000190,327.15,UPI,bank_server_down,IDFC,13,5,1,0,0.792,1
txn_000191,166.86,UPI,card_declined,Yes Bank,9,1,0,1,0.465,0
txn_000192,240.75,UPI,risk_flagged,ICICI,11,6,1,0,0.474,0
txn_000193,359.38,Credit Card,risk_flagged,ICICI,7,0,0,0,0.888,0
txn_000194,202.54,Debit Card,insufficient_funds,IDFC,0,3,0,1,0.649,0
txn_000195,810.23,UPI,network_timeout,Axis,4,1,0,0,0.413,0
txn_000196,288.92,UPI,network_timeout,Kotak,17,4,0,2,0.39,1
txn_000197,3301.9,UPI,card_declined,ICICI,2,3,0,1,0.41,1
txn_000198,487.48,Debit Card,wrong_otp,IDFC,20,1,0,0,0.78,0
txn_000199,47.52,Credit Card,card_declined,Kotak,10,0,0,2,0.891,0
txn_000200,806.12,UPI,bank_server_down,HDFC,22,1,0,0,0.558,1
txn_000201,758.32,Credit Card,network_timeout,IDFC,23,4,0,0,0.728,1
txn_000202,597.31,UPI,expired_card,HDFC,22,4,0,1,0.539,1
txn_000203,2829.52,Debit Card,bank_server_down,SBI,10,4,0,2,0.46,1
txn_000204,106.09,Debit Card,insufficient_funds,HDFC,17,4,0,1,0.808,1
txn_000205,573.72,Credit Card,risk_flagged,Yes Bank,17,5,1,1,0.622,1
txn_000206,1198.17,UPI,expired_card,SBI,11,2,0,0,0.436,1
txn_000207,484.07,UPI,insufficient_funds,SBI,6,0,0,0,0.8,0
txn_000208,1217.45,Debit Card,card_declined,SBI,21,4,0,0,0.83,0
txn_000209,1230.32,Credit Card,card_declined,Axis,20,5,1,3,0.534,0
txn_000210,1381.28,Netbanking,insufficient_funds,ICICI,10,0,0,0,0.586,0
txn_000211,139.18,Debit Card,bank_server_down,Axis,6,6,1,2,0.717,0
txn_000212,301.06,Credit Card,insufficient_funds,Yes Bank,3,1,0,1,0.866,0
txn_000213,1394.92,UPI,network_timeout,IDFC,20,3,0,0,0.877,1
txn_000214,2012.21,UPI,card_declined,Axis,3,6,1,0,0.495,0
txn_000215,1346.64,UPI,insufficient_funds,SBI,21,4,0,0,0.421,0
txn_000216,70.76,Credit Card,insufficient_funds,ICICI,15,3,0,1,0.595,1
txn_000217,482.67,UPI,insufficient_funds,IDFC,0,6,1,2,0.901,0
txn_000218,1390.44,Wallet,network_timeout,IDFC,12,6,1,1,0.803,0
txn_000219,897.71,Credit Card,network_timeout,IDFC,3,2,0,1,0.674,1
txn_000220,633.84,Debit Card,expired_card,SBI,10,1,0,2,0.872,0
txn_000221,553.8,Wallet,card_declined,Axis,15,3,0,0,0.768,1
txn_000222,1343.39,Credit Card,insufficient_funds,HDFC,17,0,0,1,0.804,0
txn_000223,2831.32,UPI,network_timeout,Axis,23,1,0,2,0.776,1
txn_000224,971.33,Credit Card,insufficient_funds,HDFC,11,6,1,0,0.917,0
txn_000225,712.9,UPI,insufficient_funds,Yes Bank,19,2,0,0,0.415,0
txn_000226,1728.96,Credit Card,bank_server_down,Yes Bank,8,2,0,0,0.78,1
txn_000227,935.04,Credit Card,card_declined,HDFC,12,3,0,1,0.634,0
txn_000228,2861.52,UPI,card_declined,ICICI,17,2,0,0,0.807,0
txn_000229,133.41,UPI,card_declined,HDFC,10,0,0,1,0.911,0
txn_000230,101.75,Credit Card,card_declined,Yes Bank,15,6,1,4,0.917,0
txn_000231,690.86,Netbanking,card_declined,HDFC,6,0,0,3,0.481,0
txn_000232,2373.35,UPI,network_timeout,ICICI,1,6,1,0,0.707,0
txn_000233,333.71,UPI,network_timeout,Yes Bank,5,1,0,0,0.83,1
txn_000234,1148.79,Debit Card,insufficient_funds,Axis,23,1,0,1,0.866,0
txn_000235,170.14,Netbanking,network_timeout,Kotak,8,5,1,1,0.81,1
txn_000236,1220.3,Credit Card,insufficient_funds,Kotak,22,4,0,1,0.427,0
txn_000237,781.37,Credit Card,bank_server_down,Yes Bank,10,1,0,1,0.585,1
txn_000238,399.52,UPI,bank_server_down,Yes Bank,23,2,0,1,0.987,1
txn_000239,181.79,Netbanking,card_declined,IDFC,12,0,0,0,0.615,1
txn_000240,434.86,Debit Card,expired_card,HDFC,16,5,1,1,0.955,1
txn_000241,3860.76,Debit Card,network_timeout,SBI,11,2,0,0,0.427,1
txn_000242,658.2,Credit Card,insufficient_funds,ICICI,7,5,1,0,0.873,0
txn_000243,949.54,Wallet,insufficient_funds,Kotak,9,4,0,0,0.79,0
txn_000244,164.49,UPI,risk_flagged,Yes Bank,10,1,0,1,0.54,1
txn_000245,1006.92,Debit Card,wrong_otp,HDFC,2,4,0,0,0.413,0
txn_000246,467.86,Credit Card,bank_server_down,ICICI,3,1,0,1,0.893,1
txn_000247,242.73,UPI,bank_server_down,Axis,9,3,0,1,0.58,1
txn_000248,1145.25,Credit Card,card_declined,SBI,0,5,1,0,0.894,0
txn_000249,193.93,Debit Card,network_timeout,Yes Bank,23,3,0,2,0.916,0
txn_000250,949.46,UPI,insufficient_funds,IDFC,6,4,0,2,0.643,1
txn_000251,295.52,Netbanking,expired_card,SBI,14,4,0,0,0.535,0
txn_000252,2025.07,Credit Card,insufficient_funds,SBI,15,4,0,2,0.897,1
txn_000253,779.89,UPI,wrong_otp,SBI,4,2,0,0,0.822,0
txn_000254,669.03,UPI,network_timeout,IDFC,10,4,0,1,0.744,1
txn_000255,1211.04,UPI,insufficient_funds,ICICI,14,0,0,1,0.746,0
txn_000256,1162.28,UPI,insufficient_funds,Kotak,16,5,1,1,0.655,0
txn_000257,1391.99,Debit Card,card_declined,Kotak,14,2,0,1,0.751,0
txn_000258,409.68,Wallet,network_timeout,ICICI,18,5,1,0,0.923,0
txn_000259,522.44,Debit Card,expired_card,Axis,23,6,1,1,0.764,0
txn_000260,213.03,UPI,network_timeout,IDFC,17,5,1,1,0.853,1
txn_000261,898.84,Credit Card,insufficient_funds,SBI,11,3,0,0,0.848,0
txn_000262,352.29,Debit Card,wrong_otp,SBI,11,0,0,1,0.809,0
txn_000263,403.68,Debit Card,wrong_otp,Axis,5,2,0,1,0.669,1
txn_000264,686.62,Debit Card,wrong_otp,Kotak,13,6,1,0,0.482,0
txn_000265,533.92,UPI,risk_flagged,Kotak,5,6,1,1,0.878,1
txn_000266,807.63,UPI,card_declined,HDFC,20,1,0,1,0.603,0
txn_000267,362.15,Credit Card,insufficient_funds,ICICI,7,1,0,4,0.661,0
txn_000268,749.57,UPI,card_declined,ICICI,12,2,0,0,0.852,1
txn_000269,1614.42,UPI,insufficient_funds,HDFC,19,0,0,1,0.795,0
txn_000270,924.74,UPI,insufficient_funds,HDFC,10,1,0,0,0.624,1
txn_000271,4224.3,UPI,insufficient_funds,Kotak,12,2,0,1,0.859,0
txn_000272,809.04,Credit Card,card_declined,Yes Bank,1,5,1,3,0.609,0
txn_000273,528.72,UPI,bank_server_down,HDFC,11,1,0,1,0.563,1
txn_000274,671.75,Debit Card,network_timeout,ICICI,18,2,0,0,0.492,1
txn_000275,1036.16,Debit Card,bank_server_down,IDFC,15,0,0,0,0.738,1
txn_000276,1003.1,UPI,card_declined,ICICI,13,3,0,1,0.297,1
txn_000277,803.09,Credit Card,card_declined,ICICI,9,0,0,1,0.881,1
txn_000278,518.86,UPI,risk_flagged,ICICI,0,3,0,2,0.707,0
txn_000279,144.64,UPI,network_timeout,IDFC,1,6,1,0,0.806,0
txn_000280,829.88,Netbanking,network_timeout,Yes Bank,5,2,0,0,0.876,1
txn_000281,283.9,Debit Card,insufficient_funds,IDFC,7,4,0,1,0.514,0
txn_000282,833.55,Credit Card,risk_flagged,ICICI,19,5,1,0,0.743,0
txn_000283,328.14,Credit Card,risk_flagged,Axis,2,0,0,1,0.748,1
txn_000284,577.5,UPI,network_timeout,Yes Bank,13,4,0,0,0.676,1
txn_000285,391.77,Netbanking,wrong_otp,Yes Bank,7,6,1,2,0.654,0
txn_000286,3401.11,UPI,network_timeout,SBI,12,6,1,1,0.533,1
txn_000287,414.36,Credit Card,bank_server_down,Axis,5,2,0,1,0.673,0
txn_000288,461.49,UPI,insufficient_funds,Yes Bank,15,6,1,0,0.727,0
txn_000289,1178.96,Credit Card,bank_server_down,Axis,1,4,0,1,0.671,1
txn_000290,256.58,UPI,network_timeout,Yes Bank,12,6,1,0,0.823,1
txn_000291,2485.68,Credit Card,insufficient_funds,Axis,10,6,1,0,0.404,0
txn_000292,325.16,Debit Card,insufficient_funds,IDFC,13,6,1,0,0.853,1
txn_000293,384.23,UPI,bank_server_down,Kotak,14,3,0,0,0.846,1
txn_000294,1662.51,Debit Card,wrong_otp,Kotak,9,4,0,2,0.803,0
txn_000295,779.03,UPI,card_declined,Kotak,10,5,1,1,0.798,0
txn_000296,934.96,UPI,wrong_otp,ICICI,17,4,0,0,0.44,0
txn_000297,4144.84,UPI,wrong_otp,ICICI,19,1,0,0,0.966,0
txn_000298,1017.85,Credit Card,network_timeout,ICICI,14,1,0,0,0.531,1
txn_000299,1636.64,UPI,bank_server_down,ICICI,11,2,0,1,0.67,1
txn_000300,566.19,Debit Card,insufficient_funds,Axis,23,0,0,1,0.818,0
txn_000301,539.68,Wallet,insufficient_funds,HDFC,11,1,0,0,0.904,0
txn_000302,2335.48,UPI,card_declined,Yes Bank,4,3,0,0,0.579,0
txn_000303,1034.12,Debit Card,network_timeout,Yes Bank,3,5,1,1,0.553,0
txn_000304,298.21,UPI,insufficient_funds,SBI,6,6,1,0,0.714,1
txn_000305,266.06,Credit Card,bank_server_down,Yes Bank,18,5,1,0,0.762,1
txn_000306,387.51,UPI,card_declined,Axis,0,3,0,0,0.735,0
txn_000307,293.62,Credit Card,bank_server_down,Kotak,19,5,1,1,0.394,1
txn_000308,3870.69,UPI,network_timeout,SBI,12,2,0,0,0.804,0
txn_000309,109.23,UPI,insufficient_funds,ICICI,22,2,0,0,0.603,0
txn_000310,4773.64,UPI,insufficient_funds,ICICI,13,3,0,0,0.497,1
txn_000311,330.52,Credit Card,insufficient_funds,ICICI,18,4,0,1,0.745,0
txn_000312,827.18,UPI,wrong_otp,Kotak,14,0,0,0,0.617,1
txn_000313,905.14,Wallet,bank_server_down,Yes Bank,5,1,0,1,0.868,1
txn_000314,7666.25,UPI,insufficient_funds,ICICI,17,5,1,1,0.717,1
txn_000315,822.69,UPI,insufficient_funds,ICICI,23,2,0,0,0.702,1
txn_000316,4781.66,Netbanking,wrong_otp,SBI,16,6,1,2,0.585,0
txn_000317,206.91,Debit Card,insufficient_funds,IDFC,22,1,0,0,0.833,0
txn_000318,990.98,Netbanking,card_declined,HDFC,6,0,0,1,0.946,1
txn_000319,526.19,UPI,insufficient_funds,IDFC,4,1,0,0,0.744,0
txn_000320,628.23,Debit Card,wrong_otp,Axis,22,0,0,0,0.808,0
txn_000321,769.33,Credit Card,insufficient_funds,Yes Bank,9,4,0,1,0.694,0
txn_000322,1863.55,UPI,bank_server_down,Yes Bank,18,2,0,0,0.702,1
txn_000323,1149.36,Credit Card,wrong_otp,HDFC,6,6,1,3,0.605,0
txn_000324,700.83,Netbanking,expired_card,Axis,8,3,0,0,0.564,0
txn_000325,2095.48,Credit Card,insufficient_funds,Axis,8,3,0,1,0.571,0
txn_000326,1237.38,UPI,insufficient_funds,ICICI,22,4,0,0,0.835,1
txn_000327,6680.99,Wallet,insufficient_funds,Yes Bank,10,6,1,1,0.811,0
txn_000328,780.33,Credit Card,insufficient_funds,Yes Bank,1,6,1,0,0.62,0
txn_000329,117.92,Debit Card,bank_server_down,Yes Bank,20,0,0,0,0.743,1
txn_000330,599.78,Netbanking,bank_server_down,IDFC,22,2,0,1,0.606,1
txn_000331,181.42,UPI,card_declined,Kotak,7,4,0,0,0.785,0
txn_000332,543.58,UPI,insufficient_funds,Yes Bank,5,4,0,0,0.735,0
txn_000333,1408.73,Debit Card,bank_server_down,Kotak,12,0,0,2,0.645,0
txn_000334,1115.91,Credit Card,insufficient_funds,ICICI,17,1,0,0,0.793,0
txn_000335,331.72,Debit Card,network_timeout,HDFC,19,4,0,1,0.46,1
txn_000336,1928.47,UPI,risk_flagged,IDFC,14,1,0,1,0.833,0
txn_000337,414.11,UPI,insufficient_funds,SBI,12,3,0,1,0.574,0
txn_000338,543.11,UPI,expired_card,IDFC,18,4,0,3,0.465,0
txn_000339,348.3,Credit Card,bank_server_down,ICICI,4,2,0,0,0.485,0
txn_000340,473.84,Debit Card,bank_server_down,SBI,5,3,0,0,0.771,1
txn_000341,1451.17,UPI,network_timeout,ICICI,6,2,0,1,0.801,1
txn_000342,966.18,UPI,bank_server_down,Axis,13,2,0,1,0.657,1
txn_000343,311.01,Netbanking,insufficient_funds,HDFC,21,3,0,1,0.761,1
txn_000344,728.58,Debit Card,card_declined,IDFC,16,2,0,4,0.808,0
txn_000345,715.32,UPI,card_declined,Yes Bank,3,6,1,0,0.773,0
txn_000346,803.39,UPI,insufficient_funds,HDFC,1,1,0,0,0.156,1
txn_000347,726.99,UPI,insufficient_funds,Yes Bank,19,4,0,0,0.903,0
txn_000348,1470.23,Netbanking,card_declined,Yes Bank,15,2,0,0,0.911,1
txn_000349,1524.44,Debit Card,network_timeout,IDFC,0,1,0,1,0.916,0
txn_000350,2328.18,Debit Card,insufficient_funds,IDFC,12,0,0,0,0.51,0
txn_000351,370.47,Debit Card,wrong_otp,SBI,6,5,1,0,0.777,0
txn_000352,174.31,UPI,insufficient_funds,SBI,21,6,1,0,0.869,1
txn_000353,231.29,Debit Card,wrong_otp,HDFC,13,6,1,0,0.564,0
txn_000354,606.47,Netbanking,insufficient_funds,Axis,20,4,0,0,0.859,1
txn_000355,564.34,Credit Card,insufficient_funds,SBI,6,3,0,0,0.617,0
txn_000356,1072.71,UPI,bank_server_down,Kotak,8,3,0,1,0.881,0
txn_000357,453.59,UPI,insufficient_funds,SBI,12,6,1,0,0.663,1
txn_000358,1241.34,UPI,network_timeout,ICICI,1,0,0,3,0.851,0
txn_000359,1111.61,UPI,insufficient_funds,ICICI,16,0,0,0,0.753,0
txn_000360,584.33,UPI,network_timeout,HDFC,1,6,1,0,0.364,1
txn_000361,329.69,UPI,insufficient_funds,Kotak,8,4,0,1,0.625,0
txn_000362,1290.42,Debit Card,bank_server_down,HDFC,20,1,0,1,0.735,1
txn_000363,665.61,UPI,network_timeout,IDFC,23,6,1,1,0.921,0
txn_000364,2015.17,UPI,bank_server_down,Axis,2,1,0,2,0.612,1
txn_000365,2679.68,Wallet,network_timeout,Yes Bank,15,4,0,1,0.813,1
txn_000366,895.23,Credit Card,wrong_otp,IDFC,13,6,1,0,0.92,0
txn_000367,706.11,Credit Card,network_timeout,HDFC,12,5,1,0,0.839,1
txn_000368,242.99,Wallet,insufficient_funds,IDFC,1,3,0,2,0.747,1
txn_000369,468.98,Credit Card,wrong_otp,Axis,21,5,1,0,0.341,0
txn_000370,502.71,UPI,bank_server_down,Kotak,4,6,1,1,0.563,0
txn_000371,1198.29,Debit Card,risk_flagged,Kotak,13,1,0,1,0.784,0
txn_000372,1171.72,Credit Card,insufficient_funds,ICICI,17,4,0,0,0.869,0
txn_000373,84.95,UPI,insufficient_funds,ICICI,20,3,0,0,0.495,0
txn_000374,520.26,Credit Card,bank_server_down,IDFC,8,0,0,3,0.871,1
txn_000375,601.86,UPI,insufficient_funds,HDFC,17,3,0,0,0.689,1
txn_000376,427.52,UPI,wrong_otp,SBI,7,5,1,0,0.752,1
txn_000377,3585.24,UPI,card_declined,SBI,13,5,1,0,0.921,0
txn_000378,769.62,Wallet,network_timeout,IDFC,9,2,0,1,0.664,1
txn_000379,229.6,UPI,insufficient_funds,Kotak,7,2,0,0,0.625,1
txn_000380,753.07,Debit Card,insufficient_funds,IDFC,15,6,1,1,0.75,1
txn_000381,5164.56,UPI,bank_server_down,ICICI,2,6,1,1,0.603,0
txn_000382,497.68,Credit Card,insufficient_funds,HDFC,3,6,1,0,0.496,0
txn_000383,267.93,Credit Card,risk_flagged,Yes Bank,1,5,1,0,0.563,0
txn_000384,1206.51,Credit Card,insufficient_funds,HDFC,5,6,1,0,0.835,0
txn_000385,1275.82,Debit Card,expired_card,Axis,8,4,0,2,0.471,0
txn_000386,311.54,UPI,bank_server_down,Axis,0,6,1,1,0.593,1
txn_000387,318.87,UPI,network_timeout,Axis,6,6,1,0,0.874,0
txn_000388,1235.07,UPI,wrong_otp,HDFC,14,4,0,1,0.805,1
txn_000389,1242.83,Netbanking,wrong_otp,HDFC,22,5,1,1,0.96,0
txn_000390,4146.25,UPI,insufficient_funds,Yes Bank,18,4,0,0,0.775,0
txn_000391,602.51,Credit Card,bank_server_down,IDFC,5,2,0,1,0.91,1
txn_000392,468.3,UPI,network_timeout,HDFC,7,5,1,0,0.775,1
txn_000393,1624.97,Debit Card,expired_card,Axis,0,6,1,0,0.622,0
txn_000394,223.58,UPI,bank_server_down,HDFC,12,2,0,1,0.885,1
txn_000395,1979.94,UPI,insufficient_funds,HDFC,22,0,0,0,0.656,0
txn_000396,410.85,Wallet,bank_server_down,SBI,6,0,0,1,0.752,1
txn_000397,348.52,Netbanking,network_timeout,IDFC,16,0,0,0,0.871,0
txn_000398,1623.06,UPI,insufficient_funds,HDFC,9,6,1,0,0.767,1
txn_000399,421.09,Netbanking,insufficient_funds,Yes Bank,1,6,1,0,0.795,0
txn_000400,251.95,Credit Card,card_declined,IDFC,19,0,0,1,0.806,1
txn_000401,364.16,Netbanking,card_declined,ICICI,5,3,0,1,0.365,0
txn_000402,3316.11,Debit Card,insufficient_funds,Yes Bank,5,1,0,0,0.61,0
txn_000403,231.58,Credit Card,insufficient_funds,Kotak,6,0,0,0,0.894,1
txn_000404,546.25,UPI,bank_server_down,Kotak,23,3,0,0,0.858,1
txn_000405,2253.6,Wallet,network_timeout,ICICI,21,6,1,0,0.428,1
txn_000406,84.49,UPI,wrong_otp,SBI,10,5,1,2,0.953,0
txn_000407,109.51,UPI,insufficient_funds,HDFC,12,2,0,0,0.937,1
txn_000408,304.84,UPI,insufficient_funds,Kotak,17,6,1,0,0.969,0
txn_000409,466.59,Wallet,insufficient_funds,Yes Bank,1,5,1,1,0.953,0
txn_000410,362.32,UPI,card_declined,ICICI,20,2,0,0,0.518,1
txn_000411,524.12,Debit Card,insufficient_funds,Kotak,2,4,0,1,0.463,1
txn_000412,691.83,UPI,network_timeout,ICICI,2,6,1,0,0.75,1
txn_000413,599.26,UPI,card_declined,ICICI,5,4,0,1,0.707,1
txn_000414,2334.15,Debit Card,network_timeout,Kotak,11,1,0,0,0.845,0
txn_000415,1998.72,Netbanking,bank_server_down,IDFC,5,1,0,0,0.688,0
txn_000416,7818.22,Netbanking,network_timeout,Axis,17,0,0,1,0.645,1
txn_000417,731.97,UPI,risk_flagged,HDFC,13,4,0,0,0.907,1
txn_000418,1302.91,Credit Card,card_declined,IDFC,9,3,0,0,0.611,0
txn_000419,918.91,Credit Card,bank_server_down,Kotak,5,4,0,2,0.753,1
txn_000420,1281.74,UPI,expired_card,Axis,23,5,1,1,0.702,1
txn_000421,297.33,Credit Card,bank_server_down,HDFC,10,4,0,0,0.918,1
txn_000422,535.71,UPI,risk_flagged,IDFC,15,6,1,0,0.724,0
txn_000423,374.9,Credit Card,wrong_otp,SBI,22,0,0,1,0.902,1
txn_000424,408.42,Credit Card,insufficient_funds,Axis,8,1,0,1,0.944,0
txn_000425,104.62,Netbanking,wrong_otp,HDFC,1,3,0,0,0.826,1
txn_000426,534.39,UPI,insufficient_funds,SBI,11,4,0,0,0.653,1
txn_000427,412.0,UPI,network_timeout,HDFC,17,0,0,0,0.909,0
txn_000428,878.57,Debit Card,bank_server_down,ICICI,15,2,0,1,0.747,0
txn_000429,218.8,UPI,insufficient_funds,Yes Bank,7,3,0,1,0.856,0
txn_000430,314.39,UPI,network_timeout,ICICI,1,5,1,0,0.631,1
txn_000431,820.14,UPI,insufficient_funds,Axis,1,1,0,0,0.602,0
txn_000432,1148.01,Debit Card,wrong_otp,IDFC,12,2,0,0,0.249,1
txn_000433,491.96,UPI,card_declined,IDFC,11,5,1,0,0.88,0
txn_000434,195.18,Wallet,insufficient_funds,HDFC,7,2,0,0,0.934,1
txn_000435,462.64,UPI,card_declined,SBI,15,6,1,0,0.879,0
txn_000436,365.94,Credit Card,network_timeout,Axis,10,1,0,0,0.982,1
txn_000437,526.62,Debit Card,bank_server_down,ICICI,9,0,0,0,0.905,1
txn_000438,206.46,Credit Card,wrong_otp,IDFC,12,4,0,0,0.808,1
txn_000439,481.3,Debit Card,bank_server_down,Yes Bank,5,6,1,0,0.655,0
txn_000440,277.03,Debit Card,card_declined,IDFC,8,1,0,0,0.691,1
txn_000441,157.02,Debit Card,card_declined,IDFC,10,1,0,0,0.833,1
txn_000442,628.83,Debit Card,insufficient_funds,Kotak,2,5,1,0,0.891,0
txn_000443,1197.8,Credit Card,risk_flagged,IDFC,7,1,0,3,0.721,0
txn_000444,2173.85,UPI,expired_card,IDFC,10,6,1,0,0.825,1
txn_000445,1134.84,Debit Card,insufficient_funds,HDFC,5,0,0,0,0.539,0
txn_000446,688.15,UPI,network_timeout,SBI,20,3,0,1,0.618,0
txn_000447,291.05,Netbanking,insufficient_funds,Yes Bank,23,6,1,0,0.758,0
txn_000448,407.99,Debit Card,network_timeout,ICICI,6,3,0,1,0.652,0
txn_000449,250.93,Netbanking,wrong_otp,HDFC,13,4,0,0,0.552,0
txn_000450,890.3,UPI,wrong_otp,HDFC,18,2,0,2,0.762,0
txn_000451,1092.36,UPI,card_declined,SBI,15,5,1,0,0.786,0
txn_000452,134.84,UPI,card_declined,Kotak,5,2,0,0,0.91,1
txn_000453,7179.67,Debit Card,insufficient_funds,IDFC,23,2,0,1,0.907,0
txn_000454,545.2,UPI,card_declined,Axis,2,3,0,1,0.742,1
txn_000455,1827.97,UPI,card_declined,SBI,4,4,0,1,0.847,0
txn_000456,2706.83,UPI,network_timeout,Kotak,17,6,1,0,0.785,0
txn_000457,1112.31,Credit Card,card_declined,HDFC,20,1,0,1,0.668,0
txn_000458,326.84,UPI,expired_card,Kotak,20,1,0,0,0.583,0
txn_000459,1780.33,Debit Card,wrong_otp,IDFC,13,3,0,0,0.774,0
txn_000460,1757.43,Debit Card,risk_flagged,SBI,17,5,1,0,0.83,1
txn_000461,343.27,UPI,bank_server_down,IDFC,4,1,0,0,0.867,1
txn_000462,367.78,Credit Card,insufficient_funds,Axis,14,1,0,1,0.92,1
txn_000463,336.78,Credit Card,bank_server_down,HDFC,15,4,0,2,0.617,0
txn_000464,74.35,Debit Card,network_timeout,HDFC,15,1,0,0,0.561,0
txn_000465,499.06,Debit Card,card_declined,Kotak,0,1,0,1,0.874,0
txn_000466,2328.86,Debit Card,insufficient_funds,Kotak,16,5,1,1,0.903,1
txn_000467,198.21,UPI,insufficient_funds,IDFC,10,2,0,1,0.673,0
txn_000468,2081.54,Debit Card,insufficient_funds,HDFC,0,3,0,0,0.398,0
txn_000469,2640.5,UPI,bank_server_down,HDFC,16,0,0,0,0.679,1
txn_000470,14956.63,Debit Card,insufficient_funds,Yes Bank,3,4,0,0,0.927,0
txn_000471,577.36,Wallet,card_declined,Kotak,6,3,0,0,0.84,1
txn_000472,344.31,Netbanking,wrong_otp,IDFC,17,3,0,2,0.518,0
txn_000473,822.93,Netbanking,insufficient_funds,Yes Bank,4,4,0,1,0.926,0
txn_000474,1741.81,UPI,bank_server_down,SBI,0,5,1,0,0.976,1
txn_000475,1495.01,Debit Card,card_declined,HDFC,15,2,0,1,0.679,0
txn_000476,386.65,UPI,risk_flagged,HDFC,6,1,0,1,0.963,0
txn_000477,396.78,UPI,network_timeout,ICICI,23,0,0,1,0.615,1
txn_000478,830.06,Debit Card,insufficient_funds,IDFC,4,1,0,2,0.948,0
txn_000479,394.88,UPI,card_declined,SBI,5,3,0,0,0.92,1
txn_000480,712.0,Debit Card,card_declined,ICICI,10,5,1,1,0.738,0
txn_000481,1678.47,UPI,bank_server_down,IDFC,5,1,0,0,0.656,1
txn_000482,1462.85,UPI,risk_flagged,IDFC,6,6,1,2,0.783,0
txn_000483,180.33,UPI,network_timeout,ICICI,6,2,0,1,0.674,0
txn_000484,344.11,UPI,insufficient_funds,HDFC,20,3,0,1,0.851,1
txn_000485,336.02,Netbanking,wrong_otp,SBI,6,1,0,1,0.944,0
txn_000486,671.25,UPI,wrong_otp,Axis,0,3,0,0,0.832,1
txn_000487,266.0,Debit Card,insufficient_funds,Yes Bank,4,6,1,0,0.723,1
txn_000488,425.68,UPI,bank_server_down,SBI,18,0,0,2,0.649,1
txn_000489,183.84,Debit Card,card_declined,HDFC,2,6,1,0,0.781,1
txn_000490,2275.05,Credit Card,insufficient_funds,SBI,5,3,0,1,0.695,0
txn_000491,400.61,UPI,wrong_otp,SBI,23,5,1,0,0.958,1
txn_000492,1733.56,Debit Card,bank_server_down,Axis,0,4,0,1,0.824,1
txn_000493,488.01,Credit Card,risk_flagged,IDFC,10,6,1,0,0.545,0
txn_000494,170.31,UPI,card_declined,SBI,6,5,1,0,0.537,1
txn_000495,412.17,UPI,risk_flagged,Axis,17,0,0,0,0.876,0
txn_000496,1372.15,Credit Card,card_declined,HDFC,10,2,0,0,0.744,1
txn_000497,1268.55,Debit Card,bank_server_down,ICICI,9,1,0,1,0.526,1
txn_000498,265.55,Debit Card,risk_flagged,Kotak,18,3,0,0,0.968,0
txn_000499,298.4,Credit Card,card_declined,SBI,4,6,1,1,0.62,1
txn_000500,533.5,UPI,insufficient_funds,Axis,12,0,0,0,0.572,1
txn_000501,2202.15,Debit Card,risk_flagged,HDFC,14,6,1,2,0.838,0
txn_000502,435.59,Credit Card,insufficient_funds,HDFC,18,3,0,0,0.88,0
txn_000503,490.06,UPI,network_timeout,Yes Bank,15,5,1,1,0.957,1
txn_000504,2089.23,UPI,network_timeout,ICICI,13,0,0,1,0.902,1
txn_000505,496.39,UPI,insufficient_funds,ICICI,2,4,0,0,0.679,0
txn_000506,324.39,UPI,network_timeout,HDFC,1,4,0,0,0.787,1
txn_000507,1512.32,UPI,wrong_otp,Axis,0,4,0,0,0.539,0
txn_000508,134.71,Debit Card,bank_server_down,Axis,20,1,0,0,0.944,1
txn_000509,772.28,UPI,card_declined,Yes Bank,7,2,0,1,0.854,0
txn_000510,189.84,Credit Card,insufficient_funds,Kotak,21,1,0,1,0.77,0
txn_000511,1267.24,Credit Card,risk_flagged,SBI,13,5,1,0,0.543,0
txn_000512,610.14,Credit Card,insufficient_funds,ICICI,17,5,1,0,0.747,0
txn_000513,2321.07,Debit Card,bank_server_down,Yes Bank,20,3,0,1,0.823,1
txn_000514,1431.6,Netbanking,insufficient_funds,Kotak,19,3,0,1,0.36,0
txn_000515,1638.44,UPI,insufficient_funds,HDFC,12,4,0,0,0.498,0
txn_000516,1519.67,Credit Card,network_timeout,Yes Bank,12,5,1,1,0.473,1
txn_000517,1996.17,Debit Card,card_declined,SBI,16,2,0,0,0.555,0
txn_000518,2018.23,UPI,wrong_otp,Yes Bank,23,0,0,1,0.721,0
txn_000519,167.0,Debit Card,network_timeout,IDFC,4,6,1,0,0.497,1
txn_000520,235.96,Netbanking,bank_server_down,ICICI,2,1,0,0,0.678,1
txn_000521,2261.84,Credit Card,insufficient_funds,Axis,19,4,0,0,0.531,0
txn_000522,1143.37,UPI,network_timeout,Yes Bank,3,0,0,0,0.663,1
txn_000523,2817.24,UPI,network_timeout,Axis,19,5,1,1,0.566,1
txn_000524,1272.76,Credit Card,insufficient_funds,Yes Bank,2,3,0,2,0.848,0
txn_000525,116.79,Credit Card,wrong_otp,ICICI,15,6,1,1,0.638,0
txn_000526,659.46,UPI,bank_server_down,Axis,13,6,1,0,0.717,1
txn_000527,461.98,Credit Card,wrong_otp,Yes Bank,14,1,0,0,0.593,0
txn_000528,504.38,UPI,expired_card,ICICI,21,3,0,0,0.882,0
txn_000529,1325.35,Debit Card,insufficient_funds,Kotak,23,3,0,1,0.548,0
txn_000530,730.08,Credit Card,insufficient_funds,HDFC,17,2,0,2,0.827,0
txn_000531,1396.73,Credit Card,wrong_otp,ICICI,2,6,1,1,0.941,0
txn_000532,380.11,Credit Card,bank_server_down,Kotak,19,1,0,0,0.566,0
txn_000533,917.36,UPI,risk_flagged,SBI,11,2,0,0,0.659,0
txn_000534,1285.39,UPI,bank_server_down,Kotak,3,1,0,0,0.61,0
txn_000535,1474.59,Netbanking,insufficient_funds,Kotak,18,6,1,2,0.889,0
txn_000536,318.0,UPI,network_timeout,ICICI,22,4,0,1,0.57,1
txn_000537,456.43,Netbanking,expired_card,HDFC,9,3,0,1,0.639,0
txn_000538,1549.67,Debit Card,insufficient_funds,HDFC,14,1,0,2,0.463,0
txn_000539,767.92,Netbanking,risk_flagged,ICICI,13,5,1,1,0.492,0
txn_000540,291.29,UPI,bank_server_down,IDFC,4,1,0,2,0.835,0
txn_000541,2729.92,UPI,insufficient_funds,HDFC,4,6,1,4,0.775,0
txn_000542,3952.11,Debit Card,bank_server_down,ICICI,1,0,0,0,0.639,1
txn_000543,338.21,Wallet,wrong_otp,SBI,22,3,0,0,0.362,0
txn_000544,11310.6,UPI,insufficient_funds,ICICI,11,5,1,1,0.892,0
txn_000545,540.08,Credit Card,card_declined,SBI,4,5,1,0,0.917,1
txn_000546,524.14,Credit Card,wrong_otp,Kotak,1,0,0,1,0.565,0
txn_000547,795.89,UPI,insufficient_funds,SBI,19,4,0,1,0.646,0
txn_000548,2201.54,Wallet,bank_server_down,IDFC,15,5,1,1,0.719,0
txn_000549,1937.6,UPI,wrong_otp,Yes Bank,4,2,0,0,0.909,1
txn_000550,385.61,Credit Card,bank_server_down,Kotak,16,3,0,0,0.315,1
txn_000551,209.88,Debit Card,insufficient_funds,ICICI,23,6,1,0,0.612,0
txn_000552,826.81,UPI,insufficient_funds,ICICI,3,0,0,0,0.377,0
txn_000553,187.14,Credit Card,bank_server_down,SBI,5,2,0,3,0.801,0
txn_000554,1360.34,UPI,network_timeout,IDFC,18,5,1,1,0.796,1
txn_000555,1040.39,Credit Card,insufficient_funds,SBI,17,3,0,0,0.641,1
txn_000556,389.71,UPI,bank_server_down,Kotak,23,4,0,0,0.546,0
txn_000557,1356.08,UPI,insufficient_funds,ICICI,6,5,1,1,0.625,1
txn_000558,1402.83,Credit Card,bank_server_down,ICICI,2,3,0,0,0.406,0
txn_000559,129.38,Credit Card,wrong_otp,Kotak,20,2,0,1,0.775,1
txn_000560,760.77,Debit Card,bank_server_down,HDFC,9,0,0,0,0.79,1
txn_000561,735.0,Netbanking,bank_server_down,Axis,4,4,0,1,0.664,0
txn_000562,596.64,UPI,bank_server_down,Kotak,19,5,1,1,0.365,1
txn_000563,4872.54,Debit Card,card_declined,SBI,7,1,0,2,0.832,1
txn_000564,1577.39,UPI,insufficient_funds,ICICI,17,4,0,1,0.893,0
txn_000565,744.28,Netbanking,bank_server_down,SBI,11,0,0,2,0.66,1
txn_000566,853.59,UPI,insufficient_funds,ICICI,3,4,0,1,0.812,0
txn_000567,202.65,UPI,insufficient_funds,HDFC,21,0,0,1,0.794,0
txn_000568,604.75,Debit Card,network_timeout,HDFC,8,2,0,3,0.744,1
txn_000569,670.87,UPI,network_timeout,Kotak,9,6,1,1,0.554,1
txn_000570,1583.17,UPI,insufficient_funds,Axis,9,3,0,1,0.657,1
txn_000571,4059.69,UPI,insufficient_funds,HDFC,6,3,0,0,0.827,0
txn_000572,866.32,UPI,insufficient_funds,ICICI,17,3,0,1,0.758,0
txn_000573,1347.8,Credit Card,insufficient_funds,HDFC,18,3,0,1,0.716,0
txn_000574,1883.63,UPI,insufficient_funds,Kotak,11,0,0,2,0.548,0
txn_000575,3072.77,UPI,insufficient_funds,Kotak,6,0,0,1,0.872,0
txn_000576,684.35,UPI,risk_flagged,SBI,12,1,0,0,0.741,1
txn_000577,1282.72,UPI,card_declined,SBI,8,2,0,0,0.879,0
txn_000578,1372.78,Credit Card,card_declined,IDFC,11,2,0,0,0.936,0
txn_000579,1056.73,Netbanking,risk_flagged,SBI,1,6,1,1,0.965,0
txn_000580,568.49,Debit Card,insufficient_funds,Kotak,4,5,1,1,0.899,0
txn_000581,185.33,Debit Card,card_declined,SBI,7,2,0,0,0.939,0
txn_000582,101.5,UPI,insufficient_funds,Kotak,11,1,0,0,0.746,1
txn_000583,5191.9,UPI,card_declined,IDFC,19,5,1,1,0.49,0
txn_000584,646.9,Debit Card,insufficient_funds,SBI,15,0,0,1,0.627,0
txn_000585,1972.18,UPI,risk_flagged,ICICI,22,4,0,0,0.848,0
txn_000586,353.75,Debit Card,card_declined,SBI,0,0,0,0,0.482,0
txn_000587,295.46,UPI,risk_flagged,Axis,20,6,1,0,0.876,0
txn_000588,109.57,UPI,insufficient_funds,Kotak,15,6,1,1,0.74,0
txn_000589,715.75,UPI,card_declined,Yes Bank,1,6,1,1,0.851,1
txn_000590,1617.37,Credit Card,insufficient_funds,Kotak,18,1,0,0,0.935,0
txn_000591,235.05,Debit Card,card_declined,SBI,19,1,0,0,0.655,1
txn_000592,470.23,Netbanking,card_declined,ICICI,15,2,0,0,0.626,0
txn_000593,295.74,Netbanking,wrong_otp,Axis,23,6,1,0,0.529,1
txn_000594,1698.95,Debit Card,wrong_otp,IDFC,9,1,0,0,0.834,1
txn_000595,388.55,UPI,network_timeout,IDFC,17,2,0,0,0.832,0
txn_000596,1318.73,UPI,expired_card,HDFC,14,2,0,0,0.753,0
txn_000597,1091.93,Debit Card,bank_server_down,Yes Bank,21,3,0,1,0.505,1
txn_000598,117.58,UPI,network_timeout,Axis,1,0,0,2,0.707,1
txn_000599,1090.73,UPI,insufficient_funds,HDFC,3,2,0,2,0.786,1
txn_000600,2980.13,Credit Card,risk_flagged,Axis,0,3,0,2,0.609,0
txn_000601,892.52,Debit Card,network_timeout,Yes Bank,9,0,0,0,0.833,1
txn_000602,925.3,Debit Card,expired_card,Kotak,12,2,0,2,0.589,0
txn_000603,290.81,UPI,bank_server_down,HDFC,15,1,0,0,0.841,1
txn_000604,835.28,UPI,network_timeout,IDFC,3,2,0,2,0.82,1
txn_000605,3080.98,UPI,bank_server_down,HDFC,7,2,0,0,0.918,1
txn_000606,157.2,UPI,insufficient_funds,HDFC,9,6,1,1,0.82,0
txn_000607,2722.15,UPI,wrong_otp,SBI,16,0,0,0,0.743,1
txn_000608,913.97,Credit Card,bank_server_down,Axis,14,3,0,3,0.832,1
txn_000609,529.53,Debit Card,bank_server_down,Axis,20,2,0,1,0.368,1
txn_000610,1930.19,UPI,card_declined,SBI,7,0,0,2,0.622,1
txn_000611,2567.69,UPI,card_declined,Axis,19,5,1,1,0.68,1
txn_000612,460.07,UPI,card_declined,ICICI,17,2,0,1,0.797,1
txn_000613,934.73,UPI,insufficient_funds,Kotak,7,5,1,0,0.855,0
txn_000614,1096.29,UPI,insufficient_funds,Yes Bank,17,1,0,0,0.958,1
txn_000615,391.21,Netbanking,wrong_otp,IDFC,8,5,1,1,0.531,1
txn_000616,2747.38,UPI,bank_server_down,Kotak,3,2,0,0,0.878,1
txn_000617,1234.09,UPI,network_timeout,IDFC,1,3,0,0,0.774,0
txn_000618,498.74,UPI,risk_flagged,Kotak,19,5,1,1,0.852,0
txn_000619,212.46,Credit Card,wrong_otp,ICICI,23,2,0,0,0.561,1
txn_000620,1752.92,Credit Card,card_declined,Axis,18,5,1,1,0.373,1
txn_000621,157.47,UPI,network_timeout,IDFC,22,4,0,1,0.667,1
txn_000622,345.66,Credit Card,bank_server_down,Axis,19,6,1,1,0.429,1
txn_000623,1659.61,UPI,insufficient_funds,Axis,12,0,0,0,0.983,0
txn_000624,283.3,Debit Card,card_declined,IDFC,8,3,0,0,0.563,1
txn_000625,385.64,Debit Card,card_declined,HDFC,8,6,1,1,0.832,0
txn_000626,491.51,Debit Card,expired_card,Yes Bank,14,2,0,0,0.748,0
txn_000627,392.3,Debit Card,insufficient_funds,HDFC,21,4,0,0,0.751,0
txn_000628,443.59,Credit Card,insufficient_funds,Axis,1,3,0,0,0.648,0
txn_000629,1307.17,UPI,expired_card,HDFC,20,2,0,1,0.419,0
txn_000630,1479.73,Credit Card,bank_server_down,Kotak,4,5,1,0,0.87,1
txn_000631,727.87,UPI,bank_server_down,Kotak,9,6,1,0,0.639,1
txn_000632,1907.08,Debit Card,network_timeout,IDFC,11,4,0,0,0.347,0
txn_000633,336.81,Debit Card,insufficient_funds,IDFC,8,4,0,2,0.851,0
txn_000634,1214.07,UPI,bank_server_down,ICICI,20,5,1,1,0.717,1
txn_000635,958.87,Credit Card,network_timeout,HDFC,8,4,0,1,0.857,1
txn_000636,366.51,UPI,wrong_otp,ICICI,22,5,1,0,0.701,1
txn_000637,919.69,Netbanking,expired_card,ICICI,18,5,1,0,0.856,0
txn_000638,692.07,Debit Card,network_timeout,HDFC,6,2,0,0,0.805,0
txn_000639,2535.42,Credit Card,risk_flagged,ICICI,23,4,0,0,0.67,0
txn_000640,1370.56,Debit Card,network_timeout,ICICI,11,3,0,1,0.989,1
txn_000641,1810.81,UPI,wrong_otp,Yes Bank,9,2,0,1,0.865,0
txn_000642,657.01,UPI,insufficient_funds,Axis,16,3,0,0,0.924,1
txn_000643,135.5,UPI,network_timeout,ICICI,9,5,1,2,0.948,0
txn_000644,312.67,Credit Card,network_timeout,IDFC,21,5,1,0,0.424,1
txn_000645,1062.99,UPI,insufficient_funds,HDFC,3,0,0,1,0.738,0
txn_000646,1266.61,UPI,insufficient_funds,ICICI,7,3,0,0,0.7,1
txn_000647,3118.91,UPI,insufficient_funds,SBI,11,0,0,0,0.866,0
txn_000648,1143.04,UPI,wrong_otp,IDFC,20,5,1,1,0.833,0
txn_000649,464.99,UPI,wrong_otp,Axis,22,5,1,0,0.476,1
txn_000650,183.83,Credit Card,wrong_otp,SBI,20,2,0,2,0.863,0
txn_000651,214.63,Credit Card,network_timeout,Yes Bank,11,6,1,3,0.763,1
txn_000652,184.08,Credit Card,bank_server_down,SBI,6,4,0,1,0.867,1
txn_000653,2103.36,Debit Card,insufficient_funds,ICICI,12,6,1,0,0.878,0
txn_000654,111.43,UPI,insufficient_funds,Kotak,18,1,0,1,0.695,0
txn_000655,453.8,Credit Card,card_declined,IDFC,7,5,1,1,0.397,0
txn_000656,525.96,Debit Card,insufficient_funds,SBI,10,2,0,2,0.351,0
txn_000657,169.7,UPI,insufficient_funds,Axis,6,3,0,0,0.704,1
txn_000658,332.69,Credit Card,card_declined,Yes Bank,5,1,0,0,0.55,1
txn_000659,907.3,Debit Card,card_declined,HDFC,22,5,1,0,0.622,0
txn_000660,238.1,Debit Card,card_declined,Yes Bank,11,6,1,1,0.895,0
txn_000661,1477.31,Wallet,wrong_otp,HDFC,23,1,0,1,0.523,1
txn_000662,978.14,UPI,wrong_otp,HDFC,16,4,0,1,0.47,1
txn_000663,2221.23,UPI,insufficient_funds,Axis,6,3,0,0,0.681,1
txn_000664,33.32,Debit Card,network_timeout,ICICI,18,4,0,1,0.675,0
txn_000665,154.39,UPI,card_declined,IDFC,16,0,0,1,0.909,0
txn_000666,2709.51,UPI,insufficient_funds,SBI,2,6,1,2,0.689,0
txn_000667,1922.26,UPI,bank_server_down,ICICI,19,1,0,1,0.826,1
txn_000668,583.57,Wallet,insufficient_funds,Axis,20,5,1,0,0.644,1
txn_000669,562.47,UPI,card_declined,IDFC,20,6,1,0,0.21,0
txn_000670,1070.36,Credit Card,bank_server_down,IDFC,1,3,0,2,0.959,0
txn_000671,444.49,Wallet,insufficient_funds,Kotak,23,3,0,0,0.869,1
txn_000672,519.71,UPI,wrong_otp,Axis,2,6,1,1,0.736,0
txn_000673,734.26,Credit Card,wrong_otp,HDFC,15,5,1,0,0.517,0
txn_000674,551.11,Netbanking,card_declined,SBI,23,6,1,1,0.504,1
txn_000675,1264.42,Credit Card,card_declined,Axis,9,1,0,1,0.901,1
txn_000676,1145.83,Debit Card,card_declined,Axis,10,4,0,2,0.823,1
txn_000677,592.64,Netbanking,insufficient_funds,HDFC,12,4,0,0,0.702,0
txn_000678,6196.18,Netbanking,insufficient_funds,SBI,0,0,0,0,0.86,1
txn_000679,4104.22,UPI,card_declined,Yes Bank,2,0,0,0,0.861,0
txn_000680,344.94,UPI,wrong_otp,SBI,5,5,1,0,0.863,1
txn_000681,530.7,Debit Card,wrong_otp,SBI,19,3,0,0,0.895,1
txn_000682,637.66,Credit Card,insufficient_funds,Yes Bank,17,6,1,0,0.62,0
txn_000683,1344.64,Debit Card,bank_server_down,Axis,5,2,0,1,0.884,0
txn_000684,344.38,Credit Card,expired_card,ICICI,13,1,0,0,0.84,0
txn_000685,250.19,UPI,insufficient_funds,Kotak,3,5,1,4,0.327,0
txn_000686,1090.92,UPI,card_declined,Kotak,5,5,1,1,0.855,1
txn_000687,3261.29,UPI,insufficient_funds,Kotak,5,2,0,2,0.843,0
txn_000688,164.19,Wallet,wrong_otp,Yes Bank,16,5,1,1,0.6,0
txn_000689,730.38,Debit Card,insufficient_funds,Yes Bank,1,5,1,0,0.501,0
txn_000690,989.35,Netbanking,insufficient_funds,ICICI,7,6,1,1,0.474,0
txn_000691,1212.22,Credit Card,card_declined,Axis,18,1,0,1,0.573,1
txn_000692,553.31,UPI,network_timeout,Axis,16,2,0,0,0.312,1
txn_000693,992.27,Credit Card,risk_flagged,Kotak,22,0,0,1,0.552,0
txn_000694,756.33,UPI,insufficient_funds,Kotak,11,0,0,1,0.572,1
txn_000695,728.63,UPI,network_timeout,IDFC,16,4,0,2,0.632,1
txn_000696,1108.52,Debit Card,bank_server_down,HDFC,19,3,0,0,0.669,1
txn_000697,984.47,Wallet,card_declined,Kotak,7,5,1,0,0.76,0
txn_000698,353.07,Debit Card,bank_server_down,ICICI,3,3,0,0,0.758,0
txn_000699,398.85,UPI,card_declined,Yes Bank,10,4,0,2,0.699,1
txn_000700,6441.36,Netbanking,card_declined,HDFC,19,6,1,0,0.815,1
txn_000701,689.18,Wallet,insufficient_funds,Kotak,13,5,1,0,0.755,1
txn_000702,204.95,UPI,bank_server_down,HDFC,9,4,0,1,0.636,0
txn_000703,2523.1,UPI,wrong_otp,Axis,19,4,0,0,0.64,0
txn_000704,183.92,UPI,insufficient_funds,Axis,11,5,1,0,0.479,1
txn_000705,1379.93,Debit Card,card_declined,ICICI,19,5,1,1,0.538,0
txn_000706,658.72,Debit Card,insufficient_funds,ICICI,14,1,0,1,0.918,0
txn_000707,956.24,UPI,insufficient_funds,Yes Bank,8,2,0,0,0.629,0
txn_000708,350.67,Debit Card,wrong_otp,Yes Bank,12,6,1,0,0.941,0
txn_000709,70.93,Debit Card,insufficient_funds,ICICI,14,1,0,0,0.717,0
txn_000710,1013.66,UPI,expired_card,ICICI,5,1,0,1,0.821,0
txn_000711,215.53,UPI,card_declined,Yes Bank,12,6,1,0,0.792,0
txn_000712,482.63,UPI,card_declined,ICICI,20,6,1,1,0.75,0
txn_000713,1462.49,UPI,wrong_otp,ICICI,6,1,0,1,0.767,1
txn_000714,1746.43,UPI,bank_server_down,HDFC,18,5,1,1,0.597,1
txn_000715,463.24,Credit Card,bank_server_down,IDFC,13,3,0,0,0.981,1
txn_000716,1965.66,UPI,insufficient_funds,SBI,20,1,0,1,0.49,0
txn_000717,1132.29,Debit Card,network_timeout,Kotak,11,0,0,1,0.642,1
txn_000718,307.62,Credit Card,insufficient_funds,SBI,10,3,0,1,0.788,1
txn_000719,120.7,UPI,insufficient_funds,Axis,11,5,1,1,0.366,1
txn_000720,214.56,UPI,bank_server_down,IDFC,9,5,1,1,0.75,1
txn_000721,927.71,Credit Card,expired_card,SBI,8,2,0,0,0.48,1
txn_000722,295.75,UPI,network_timeout,SBI,23,2,0,1,0.693,0
txn_000723,3111.11,UPI,bank_server_down,HDFC,3,4,0,0,0.805,1
txn_000724,287.31,Credit Card,risk_flagged,HDFC,0,5,1,2,0.935,0
txn_000725,1310.66,UPI,insufficient_funds,Yes Bank,6,3,0,0,0.562,1
txn_000726,589.03,Credit Card,expired_card,Kotak,11,0,0,2,0.867,0
txn_000727,1134.88,Netbanking,expired_card,Axis,0,4,0,1,0.802,0
txn_000728,827.67,UPI,wrong_otp,Kotak,22,5,1,0,0.697,1
txn_000729,118.8,UPI,network_timeout,ICICI,21,1,0,0,0.538,1
txn_000730,1368.02,Debit Card,wrong_otp,Yes Bank,19,6,1,0,0.824,1
txn_000731,158.92,Debit Card,insufficient_funds,ICICI,8,4,0,1,0.667,1
txn_000732,244.72,Netbanking,card_declined,Yes Bank,1,5,1,0,0.876,1
txn_000733,1030.19,Credit Card,card_declined,ICICI,1,6,1,2,0.588,0
txn_000734,244.54,UPI,network_timeout,Yes Bank,20,3,0,0,0.545,0
txn_000735,2108.0,UPI,insufficient_funds,Axis,22,4,0,3,0.527,0
txn_000736,177.67,UPI,wrong_otp,SBI,2,1,0,3,0.621,0
txn_000737,775.02,UPI,bank_server_down,Yes Bank,16,1,0,0,0.699,1
txn_000738,1002.65,UPI,card_declined,Axis,18,3,0,0,0.6,1
txn_000739,1074.95,Credit Card,bank_server_down,Yes Bank,9,1,0,2,0.639,0
txn_000740,897.16,Credit Card,expired_card,ICICI,18,2,0,0,0.788,0
txn_000741,175.13,UPI,card_declined,SBI,2,6,1,3,0.69,0
txn_000742,3774.85,Debit Card,wrong_otp,HDFC,22,4,0,1,0.689,1
txn_000743,161.5,Debit Card,expired_card,ICICI,21,2,0,0,0.882,0
txn_000744,421.22,Credit Card,card_declined,IDFC,5,5,1,1,0.948,0
txn_000745,3285.9,Wallet,expired_card,IDFC,16,3,0,0,0.764,0
txn_000746,1992.1,UPI,insufficient_funds,HDFC,13,0,0,1,0.95,1
txn_000747,920.35,Netbanking,expired_card,Axis,14,4,0,0,0.931,0
txn_000748,922.41,UPI,wrong_otp,HDFC,23,6,1,1,0.68,0
txn_000749,620.53,Debit Card,wrong_otp,HDFC,6,6,1,0,0.448,0
txn_000750,5546.89,UPI,insufficient_funds,SBI,11,2,0,0,0.836,0
txn_000751,579.18,Credit Card,wrong_otp,SBI,14,2,0,0,0.269,0
txn_000752,484.89,Credit Card,bank_server_down,IDFC,2,2,0,0,0.929,1
txn_000753,793.84,Debit Card,insufficient_funds,Kotak,20,2,0,0,0.917,0
txn_000754,2503.45,UPI,insufficient_funds,SBI,20,3,0,1,0.688,1
txn_000755,237.94,UPI,wrong_otp,ICICI,4,4,0,0,0.351,0
txn_000756,3891.11,UPI,wrong_otp,Kotak,2,5,1,1,0.847,0
txn_000757,1033.14,Credit Card,bank_server_down,SBI,12,0,0,0,0.576,1
txn_000758,263.68,Credit Card,network_timeout,SBI,15,0,0,2,0.43,1
txn_000759,6790.41,Debit Card,wrong_otp,Axis,9,4,0,0,0.885,1
txn_000760,566.94,UPI,wrong_otp,Yes Bank,10,4,0,1,0.697,0
txn_000761,275.73,UPI,bank_server_down,ICICI,1,4,0,2,0.617,0
txn_000762,4157.05,UPI,card_declined,IDFC,12,5,1,1,0.872,0
txn_000763,1673.55,UPI,card_declined,Kotak,23,5,1,1,0.534,1
txn_000764,815.14,Netbanking,bank_server_down,Yes Bank,7,5,1,0,0.544,0
txn_000765,483.21,Debit Card,network_timeout,Yes Bank,3,6,1,4,0.868,0
txn_000766,2389.98,Credit Card,wrong_otp,SBI,10,6,1,1,0.871,0
txn_000767,4503.25,UPI,network_timeout,Kotak,20,4,0,3,0.506,1
txn_000768,720.29,Credit Card,insufficient_funds,Axis,23,2,0,0,0.945,0
txn_000769,1263.37,UPI,risk_flagged,Axis,12,1,0,0,0.893,0
txn_000770,579.43,UPI,bank_server_down,SBI,10,6,1,0,0.673,1
txn_000771,625.42,UPI,wrong_otp,SBI,3,6,1,2,0.712,0
txn_000772,768.21,UPI,card_declined,SBI,12,6,1,2,0.878,0
txn_000773,1308.33,Netbanking,insufficient_funds,IDFC,23,6,1,0,0.942,1
txn_000774,156.89,UPI,wrong_otp,Axis,18,0,0,2,0.384,0
txn_000775,450.98,UPI,wrong_otp,Kotak,21,6,1,0,0.457,0
txn_000776,35.05,UPI,insufficient_funds,ICICI,16,6,1,2,0.965,1
txn_000777,1234.23,UPI,insufficient_funds,Yes Bank,17,2,0,1,0.696,0
txn_000778,4498.98,UPI,wrong_otp,Kotak,5,3,0,1,0.734,0
txn_000779,1391.58,UPI,bank_server_down,Yes Bank,22,2,0,1,0.916,1
txn_000780,669.01,Credit Card,bank_server_down,Yes Bank,15,1,0,0,0.613,0
txn_000781,340.06,UPI,insufficient_funds,Axis,6,0,0,0,0.414,0
txn_000782,489.84,Credit Card,card_declined,ICICI,8,5,1,0,0.723,1
txn_000783,908.22,UPI,bank_server_down,ICICI,10,4,0,1,0.934,1
txn_000784,1332.15,UPI,insufficient_funds,Axis,17,0,0,1,0.875,0
txn_000785,245.9,Credit Card,wrong_otp,IDFC,14,4,0,0,0.745,1
txn_000786,1452.41,UPI,wrong_otp,HDFC,15,1,0,0,0.748,1
txn_000787,2110.95,UPI,wrong_otp,ICICI,13,1,0,2,0.414,0
txn_000788,327.62,UPI,card_declined,HDFC,19,6,1,0,0.729,0
txn_000789,107.71,UPI,network_timeout,HDFC,15,5,1,0,0.837,0
txn_000790,375.98,UPI,insufficient_funds,IDFC,13,0,0,0,0.735,0
txn_000791,269.12,Debit Card,bank_server_down,HDFC,5,1,0,2,0.753,0
txn_000792,1383.19,Netbanking,card_declined,ICICI,7,0,0,0,0.351,0
txn_000793,2424.01,Debit Card,wrong_otp,SBI,16,4,0,0,0.668,0
txn_000794,978.81,UPI,card_declined,ICICI,9,3,0,1,0.528,1
txn_000795,696.79,Debit Card,insufficient_funds,SBI,6,0,0,1,0.915,0
txn_000796,489.98,UPI,bank_server_down,Axis,12,3,0,0,0.648,1
txn_000797,838.6,UPI,card_declined,Yes Bank,8,4,0,0,0.656,1
txn_000798,2595.24,Credit Card,risk_flagged,IDFC,6,6,1,0,0.88,0
txn_000799,1352.8,Debit Card,card_declined,SBI,2,6,1,1,0.653,0
txn_000800,2717.03,Netbanking,network_timeout,Kotak,8,6,1,1,0.771,1
txn_000801,2152.64,Credit Card,insufficient_funds,IDFC,14,5,1,1,0.836,0
txn_000802,1150.64,Debit Card,wrong_otp,SBI,16,3,0,0,0.976,0
txn_000803,277.76,Credit Card,bank_server_down,ICICI,12,3,0,0,0.816,1
txn_000804,604.26,UPI,card_declined,SBI,1,4,0,0,0.521,0
txn_000805,1207.91,UPI,insufficient_funds,HDFC,9,6,1,1,0.762,0
txn_000806,827.76,UPI,bank_server_down,Axis,17,2,0,0,0.372,1
txn_000807,50.57,Credit Card,bank_server_down,Axis,17,2,0,2,0.407,1
txn_000808,872.71,UPI,insufficient_funds,HDFC,10,6,1,0,0.931,0
txn_000809,359.22,UPI,network_timeout,Axis,0,2,0,0,0.858,0
txn_000810,877.89,UPI,insufficient_funds,ICICI,5,6,1,1,0.641,0
txn_000811,169.02,Debit Card,wrong_otp,Axis,7,3,0,0,0.498,1
txn_000812,1238.17,UPI,card_declined,IDFC,14,4,0,0,0.877,1
txn_000813,976.71,UPI,risk_flagged,SBI,17,0,0,0,0.831,1
txn_000814,767.44,Credit Card,insufficient_funds,ICICI,16,3,0,1,0.837,0
txn_000815,1553.55,UPI,insufficient_funds,ICICI,13,5,1,1,0.856,0
txn_000816,206.88,UPI,wrong_otp,Yes Bank,17,4,0,0,0.533,0
txn_000817,1699.05,Debit Card,network_timeout,HDFC,14,4,0,1,0.809,1
txn_000818,891.43,Wallet,expired_card,ICICI,3,2,0,0,0.725,0
txn_000819,846.15,UPI,risk_flagged,ICICI,16,4,0,2,0.609,0
txn_000820,582.18,UPI,expired_card,Axis,5,2,0,0,0.941,0
txn_000821,195.19,UPI,insufficient_funds,Kotak,23,3,0,0,0.73,0
txn_000822,217.67,Netbanking,card_declined,HDFC,5,0,0,1,0.341,0
txn_000823,461.47,Netbanking,card_declined,ICICI,16,5,1,1,0.818,0
txn_000824,504.8,UPI,network_timeout,IDFC,4,2,0,1,0.782,1
txn_000825,106.65,UPI,card_declined,ICICI,14,0,0,2,0.641,1
txn_000826,721.47,Netbanking,network_timeout,Yes Bank,7,2,0,0,0.436,0
txn_000827,413.87,UPI,insufficient_funds,Axis,20,2,0,1,0.856,0
txn_000828,440.93,Netbanking,expired_card,Axis,19,1,0,1,0.577,0
txn_000829,89.86,UPI,network_timeout,Yes Bank,7,6,1,0,0.743,1
txn_000830,2372.97,Credit Card,insufficient_funds,IDFC,4,6,1,0,0.811,0
txn_000831,1795.81,UPI,bank_server_down,Kotak,20,2,0,0,0.582,0
txn_000832,1307.8,UPI,bank_server_down,HDFC,7,4,0,0,0.561,1
txn_000833,1020.2,Credit Card,risk_flagged,IDFC,14,4,0,0,0.603,1
txn_000834,142.92,Debit Card,insufficient_funds,SBI,13,3,0,2,0.826,0
txn_000835,562.3,UPI,network_timeout,Kotak,8,0,0,0,0.5,1
txn_000836,755.08,UPI,expired_card,Axis,13,4,0,2,0.675,0
txn_000837,1262.43,UPI,card_declined,HDFC,8,1,0,0,0.657,0
txn_000838,800.17,Debit Card,insufficient_funds,ICICI,7,1,0,0,0.544,0
txn_000839,492.81,Wallet,risk_flagged,Yes Bank,8,4,0,1,0.937,0
txn_000840,626.32,UPI,insufficient_funds,SBI,14,2,0,1,0.869,1
txn_000841,476.42,UPI,insufficient_funds,ICICI,16,1,0,1,0.945,0
txn_000842,736.29,UPI,card_declined,Kotak,21,6,1,0,0.653,0
txn_000843,209.41,UPI,network_timeout,Kotak,4,6,1,1,0.681,1
txn_000844,278.02,Netbanking,bank_server_down,ICICI,11,4,0,0,0.512,1
txn_000845,313.37,Debit Card,bank_server_down,Yes Bank,19,0,0,1,0.537,1
txn_000846,893.96,Credit Card,insufficient_funds,SBI,16,5,1,1,0.885,0
txn_000847,254.86,UPI,card_declined,Axis,13,3,0,2,0.848,1
txn_000848,1297.71,UPI,insufficient_funds,Kotak,8,6,1,1,0.755,0
txn_000849,255.4,UPI,wrong_otp,Axis,2,1,0,0,0.889,1
txn_000850,125.94,Credit Card,wrong_otp,Kotak,18,0,0,0,0.531,0
txn_000851,488.32,Netbanking,wrong_otp,SBI,1,1,0,1,0.912,0
txn_000852,2724.06,Netbanking,card_declined,Kotak,17,0,0,0,0.667,0
txn_000853,504.76,UPI,insufficient_funds,Kotak,21,1,0,1,0.49,1
txn_000854,412.8,Credit Card,bank_server_down,ICICI,3,5,1,1,0.766,1
txn_000855,145.01,UPI,bank_server_down,Axis,21,5,1,1,0.834,1
txn_000856,114.41,UPI,insufficient_funds,IDFC,2,3,0,1,0.779,0
txn_000857,618.64,Netbanking,wrong_otp,Kotak,14,0,0,2,0.887,0
txn_000858,2339.31,UPI,insufficient_funds,SBI,4,2,0,0,0.551,0
txn_000859,560.5,Wallet,insufficient_funds,IDFC,17,6,1,0,0.522,0
txn_000860,446.8,Credit Card,bank_server_down,ICICI,23,2,0,1,0.555,1
txn_000861,260.08,Debit Card,wrong_otp,IDFC,14,6,1,0,0.67,0
txn_000862,562.73,Netbanking,card_declined,IDFC,8,6,1,0,0.41,0
txn_000863,885.71,UPI,risk_flagged,SBI,17,1,0,0,0.614,0
txn_000864,1563.84,UPI,wrong_otp,Axis,5,1,0,1,0.802,1
txn_000865,1453.81,Netbanking,insufficient_funds,Kotak,10,2,0,0,0.867,0
txn_000866,600.41,Credit Card,risk_flagged,ICICI,1,3,0,0,0.961,0
txn_000867,320.26,UPI,wrong_otp,Kotak,2,3,0,1,0.603,0
txn_000868,1187.6,Debit Card,insufficient_funds,Kotak,18,3,0,0,0.538,0
txn_000869,418.75,Wallet,insufficient_funds,Kotak,3,3,0,2,0.492,0
txn_000870,860.37,Credit Card,card_declined,Yes Bank,7,6,1,0,0.666,0
txn_000871,317.21,Debit Card,expired_card,ICICI,15,4,0,2,0.54,0
txn_000872,1995.83,Netbanking,wrong_otp,Yes Bank,16,3,0,1,0.82,1
txn_000873,1671.07,UPI,insufficient_funds,Yes Bank,3,5,1,0,0.691,0
txn_000874,574.13,UPI,network_timeout,Axis,3,6,1,0,0.712,0
txn_000875,687.3,UPI,network_timeout,Yes Bank,6,5,1,0,0.768,1
txn_000876,73.09,Credit Card,risk_flagged,IDFC,18,3,0,0,0.699,0
txn_000877,2158.09,Debit Card,bank_server_down,Yes Bank,23,0,0,1,0.671,0
txn_000878,481.51,UPI,bank_server_down,Axis,16,1,0,1,0.89,1
txn_000879,315.45,Credit Card,bank_server_down,Kotak,22,0,0,0,0.632,0
txn_000880,274.07,Debit Card,bank_server_down,IDFC,23,5,1,0,0.716,1
txn_000881,1257.53,UPI,insufficient_funds,IDFC,5,6,1,0,0.643,0
txn_000882,1240.82,Netbanking,card_declined,ICICI,23,6,1,0,0.844,0
txn_000883,1162.93,Netbanking,insufficient_funds,SBI,19,3,0,1,0.635,1
txn_000884,518.07,Debit Card,card_declined,Axis,1,3,0,2,0.92,0
txn_000885,427.23,UPI,bank_server_down,IDFC,3,2,0,0,0.549,1
txn_000886,430.46,Credit Card,insufficient_funds,Kotak,22,5,1,1,0.743,0
txn_000887,896.97,Credit Card,risk_flagged,SBI,4,0,0,1,0.609,0
txn_000888,476.6,UPI,card_declined,IDFC,10,4,0,0,0.824,1
txn_000889,1012.31,Debit Card,wrong_otp,SBI,21,2,0,0,0.753,1
txn_000890,373.54,Credit Card,network_timeout,Yes Bank,2,5,1,0,0.761,1
txn_000891,198.46,Debit Card,network_timeout,IDFC,13,2,0,0,0.508,0
txn_000892,3516.6,Credit Card,expired_card,Kotak,21,2,0,0,0.806,0
txn_000893,345.55,Credit Card,wrong_otp,Yes Bank,17,1,0,1,0.835,1
txn_000894,1240.97,Debit Card,network_timeout,Kotak,10,1,0,1,0.707,1
txn_000895,343.01,Debit Card,bank_server_down,ICICI,0,3,0,3,0.859,0
txn_000896,383.59,UPI,wrong_otp,Axis,10,4,0,1,0.612,1
txn_000897,2262.62,Credit Card,bank_server_down,ICICI,20,4,0,0,0.708,1
txn_000898,139.15,UPI,card_declined,SBI,7,0,0,0,0.829,1
txn_000899,585.57,Debit Card,card_declined,Yes Bank,4,3,0,1,0.841,0
txn_000900,2072.39,Credit Card,wrong_otp,IDFC,3,4,0,1,0.688,0
txn_000901,7468.07,Credit Card,insufficient_funds,HDFC,21,0,0,4,0.584,0
txn_000902,1684.71,Credit Card,wrong_otp,HDFC,9,4,0,0,0.385,0
txn_000903,327.84,Credit Card,wrong_otp,HDFC,8,3,0,0,0.837,1
txn_000904,2743.06,Debit Card,insufficient_funds,IDFC,3,5,1,1,0.581,0
txn_000905,1224.75,UPI,card_declined,Yes Bank,21,5,1,1,0.915,1
txn_000906,2125.4,UPI,network_timeout,IDFC,19,6,1,0,0.9,0
txn_000907,58.25,UPI,bank_server_down,IDFC,11,3,0,1,0.876,1
txn_000908,874.8,Wallet,card_declined,SBI,17,2,0,0,0.802,1
txn_000909,836.12,Credit Card,expired_card,Axis,4,4,0,0,0.732,0
txn_000910,649.97,Credit Card,risk_flagged,ICICI,7,6,1,1,0.645,0
txn_000911,2456.03,UPI,insufficient_funds,Yes Bank,11,0,0,0,0.837,0
txn_000912,184.37,Credit Card,network_timeout,SBI,4,0,0,0,0.933,0
txn_000913,57.53,Credit Card,network_timeout,SBI,8,3,0,1,0.559,1
txn_000914,405.16,UPI,bank_server_down,HDFC,15,0,0,1,0.495,1
txn_000915,10537.38,Credit Card,insufficient_funds,HDFC,0,3,0,2,0.613,0
txn_000916,123.92,Credit Card,bank_server_down,ICICI,3,6,1,0,0.758,0
txn_000917,255.66,UPI,expired_card,Kotak,4,0,0,1,0.247,0
txn_000918,1669.31,UPI,bank_server_down,HDFC,14,3,0,1,0.724,1
txn_000919,819.89,UPI,insufficient_funds,HDFC,14,3,0,0,0.963,0
txn_000920,919.72,UPI,insufficient_funds,Yes Bank,17,5,1,0,0.86,0
txn_000921,294.51,UPI,wrong_otp,Axis,22,0,0,0,0.815,0
txn_000922,94.24,Credit Card,network_timeout,IDFC,21,1,0,0,0.766,1
txn_000923,1175.41,UPI,insufficient_funds,IDFC,19,1,0,0,0.766,0
txn_000924,222.95,Debit Card,risk_flagged,Yes Bank,14,2,0,1,0.564,0
txn_000925,721.53,Credit Card,expired_card,IDFC,22,3,0,1,0.819,0
txn_000926,315.21,Wallet,bank_server_down,SBI,15,5,1,0,0.758,1
txn_000927,599.49,UPI,insufficient_funds,Kotak,4,0,0,0,0.668,0
txn_000928,1487.84,UPI,network_timeout,Yes Bank,2,2,0,0,0.646,1
txn_000929,190.52,Wallet,network_timeout,SBI,10,4,0,0,0.769,0
txn_000930,1246.79,UPI,card_declined,Yes Bank,9,6,1,0,0.841,1
txn_000931,257.47,UPI,wrong_otp,Yes Bank,8,2,0,2,0.842,0
txn_000932,973.81,UPI,insufficient_funds,IDFC,21,1,0,1,0.459,0
txn_000933,3926.15,UPI,wrong_otp,Axis,9,6,1,1,0.708,1
txn_000934,425.9,UPI,insufficient_funds,Kotak,7,1,0,0,0.748,0
txn_000935,376.57,Debit Card,insufficient_funds,ICICI,2,5,1,1,0.585,0
txn_000936,573.58,Credit Card,wrong_otp,HDFC,11,2,0,0,0.829,0
txn_000937,1879.02,UPI,insufficient_funds,IDFC,21,2,0,1,0.682,0
txn_000938,145.82,Credit Card,insufficient_funds,Axis,18,0,0,0,0.542,0
txn_000939,1076.18,Credit Card,bank_server_down,IDFC,9,5,1,0,0.482,1
txn_000940,1044.0,UPI,risk_flagged,HDFC,2,1,0,1,0.845,0
txn_000941,707.09,UPI,wrong_otp,ICICI,0,1,0,0,0.835,1
txn_000942,1786.23,UPI,network_timeout,HDFC,19,5,1,1,0.725,1
txn_000943,280.14,Debit Card,wrong_otp,Axis,1,2,0,1,0.725,0
txn_000944,633.74,Netbanking,network_timeout,Kotak,16,2,0,1,0.649,1
txn_000945,615.93,Credit Card,insufficient_funds,Yes Bank,6,3,0,0,0.813,1
txn_000946,621.36,Debit Card,insufficient_funds,Yes Bank,20,4,0,1,0.547,0
txn_000947,974.88,UPI,card_declined,HDFC,3,6,1,0,0.658,0
txn_000948,359.62,UPI,card_declined,SBI,9,0,0,1,0.72,1
txn_000949,282.98,UPI,network_timeout,SBI,10,6,1,0,0.425,1
txn_000950,342.76,Debit Card,bank_server_down,SBI,8,0,0,0,0.942,0
txn_000951,312.82,Credit Card,wrong_otp,ICICI,16,1,0,0,0.786,1
txn_000952,2740.44,Credit Card,bank_server_down,Axis,17,0,0,2,0.613,0
txn_000953,1863.92,Debit Card,network_timeout,Yes Bank,19,0,0,1,0.887,0
txn_000954,69.51,Debit Card,card_declined,Kotak,13,4,0,1,0.943,1
txn_000955,2673.1,Credit Card,bank_server_down,Axis,21,2,0,1,0.799,1
txn_000956,1262.82,Debit Card,card_declined,Kotak,12,2,0,1,0.814,0
txn_000957,363.94,Credit Card,bank_server_down,Kotak,7,4,0,0,0.894,0
txn_000958,669.23,UPI,expired_card,Yes Bank,21,0,0,1,0.804,0
txn_000959,552.5,UPI,risk_flagged,HDFC,14,3,0,0,0.605,0
txn_000960,568.84,Netbanking,bank_server_down,HDFC,6,1,0,2,0.819,1
txn_000961,437.39,UPI,bank_server_down,Yes Bank,18,6,1,1,0.689,1
txn_000962,4611.36,UPI,insufficient_funds,ICICI,22,0,0,1,0.545,1
txn_000963,2487.68,Credit Card,wrong_otp,SBI,19,0,0,2,0.534,0
txn_000964,687.96,Wallet,wrong_otp,ICICI,18,3,0,1,0.939,0
txn_000965,300.49,UPI,network_timeout,Yes Bank,10,6,1,2,0.669,0
txn_000966,1048.79,Debit Card,risk_flagged,Axis,18,1,0,0,0.5,0
txn_000967,443.98,UPI,insufficient_funds,Kotak,23,1,0,0,0.784,1
txn_000968,351.93,Debit Card,card_declined,IDFC,5,2,0,2,0.782,0
txn_000969,3472.06,Debit Card,card_declined,IDFC,6,1,0,2,0.702,0
txn_000970,97.99,UPI,card_declined,Axis,5,6,1,0,0.696,1
txn_000971,1182.47,Debit Card,insufficient_funds,Axis,11,4,0,0,0.988,1
txn_000972,1927.45,UPI,wrong_otp,Kotak,14,1,0,1,0.589,1
txn_000973,1313.66,UPI,card_declined,IDFC,12,4,0,0,0.743,1
txn_000974,1891.37,Credit Card,wrong_otp,HDFC,15,3,0,1,0.445,0
txn_000975,94.81,Credit Card,insufficient_funds,SBI,22,5,1,2,0.806,0
txn_000976,1858.86,Wallet,network_timeout,ICICI,8,3,0,0,0.95,1
txn_000977,1951.8,Debit Card,insufficient_funds,ICICI,7,0,0,0,0.904,0
txn_000978,233.06,Credit Card,insufficient_funds,Yes Bank,6,3,0,0,0.707,0
txn_000979,419.95,UPI,bank_server_down,Yes Bank,2,2,0,0,0.69,1
txn_000980,1405.97,Credit Card,card_declined,Kotak,5,2,0,0,0.95,1
txn_000981,1007.2,Netbanking,network_timeout,IDFC,13,1,0,2,0.543,0
txn_000982,941.65,UPI,card_declined,Yes Bank,1,4,0,1,0.945,0
txn_000983,665.29,Credit Card,risk_flagged,HDFC,9,0,0,2,0.964,0
txn_000984,2339.02,Debit Card,insufficient_funds,HDFC,12,4,0,2,0.785,0
txn_000985,206.04,UPI,wrong_otp,HDFC,15,3,0,1,0.835,0
txn_000986,279.14,UPI,bank_server_down,Axis,12,4,0,1,0.603,1
txn_000987,793.23,Debit Card,insufficient_funds,Yes Bank,4,0,0,0,0.867,0
txn_000988,136.6,Credit Card,insufficient_funds,ICICI,22,6,1,0,0.911,0
txn_000989,2774.52,UPI,bank_server_down,IDFC,16,6,1,1,0.681,1
txn_000990,3933.7,Credit Card,bank_server_down,Kotak,11,4,0,3,0.891,0
txn_000991,104.2,Wallet,bank_server_down,ICICI,21,5,1,1,0.531,0
txn_000992,2532.93,Credit Card,network_timeout,Axis,6,3,0,0,0.888,1
txn_000993,8997.06,Credit Card,insufficient_funds,Yes Bank,2,6,1,1,0.485,0
txn_000994,546.07,UPI,bank_server_down,HDFC,20,0,0,2,0.602,0
txn_000995,131.36,UPI,card_declined,HDFC,20,6,1,1,0.918,1
txn_000996,850.0,Credit Card,wrong_otp,SBI,12,3,0,1,0.216,0
txn_000997,138.53,UPI,network_timeout,HDFC,6,3,0,0,0.664,1
txn_000998,513.52,UPI,insufficient_funds,ICICI,5,1,0,0,0.671,0
txn_000999,1391.92,Debit Card,card_declined,Yes Bank,8,2,0,0,0.869,1
txn_001000,381.99,Credit Card,bank_server_down,IDFC,16,1,0,0,0.909,1
txn_001001,2387.56,UPI,expired_card,Yes Bank,15,3,0,0,0.767,0
txn_001002,310.55,Netbanking,network_timeout,HDFC,19,5,1,1,0.713,0
txn_001003,303.01,Credit Card,insufficient_funds,SBI,8,2,0,1,0.719,0
txn_001004,259.46,UPI,wrong_otp,SBI,9,3,0,1,0.538,0
txn_001005,330.62,UPI,card_declined,Kotak,5,6,1,1,0.635,0
txn_001006,1311.25,UPI,insufficient_funds,ICICI,23,3,0,1,0.396,0
txn_001007,570.0,UPI,insufficient_funds,ICICI,22,0,0,2,0.843,0
txn_001008,633.96,UPI,risk_flagged,HDFC,16,1,0,1,0.778,0
txn_001009,248.56,Debit Card,wrong_otp,Axis,5,5,1,0,0.792,0
txn_001010,661.88,UPI,wrong_otp,IDFC,15,2,0,0,0.796,0
txn_001011,499.05,Debit Card,bank_server_down,ICICI,3,3,0,1,0.708,0
txn_001012,290.23,Credit Card,insufficient_funds,HDFC,3,2,0,1,0.832,0
txn_001013,2029.87,UPI,bank_server_down,Axis,10,1,0,1,0.845,1
txn_001014,656.97,UPI,wrong_otp,IDFC,8,1,0,2,0.479,0
txn_001015,298.88,Debit Card,network_timeout,Axis,12,0,0,0,0.767,0
txn_001016,813.26,UPI,network_timeout,HDFC,16,1,0,3,0.803,1
txn_001017,731.89,Credit Card,network_timeout,Yes Bank,8,1,0,1,0.932,1
txn_001018,282.68,UPI,network_timeout,IDFC,9,2,0,1,0.398,1
txn_001019,10741.52,UPI,insufficient_funds,IDFC,13,0,0,0,0.765,0
txn_001020,514.29,Wallet,expired_card,ICICI,4,1,0,0,0.719,0
txn_001021,11241.01,UPI,insufficient_funds,SBI,18,2,0,3,0.907,0
txn_001022,1546.56,UPI,wrong_otp,Kotak,10,4,0,0,0.574,0
txn_001023,1331.27,Credit Card,card_declined,IDFC,15,3,0,0,0.813,1
txn_001024,580.09,Debit Card,risk_flagged,HDFC,17,6,1,0,0.414,0
txn_001025,443.18,Credit Card,wrong_otp,SBI,21,4,0,2,0.694,0
txn_001026,1342.88,UPI,insufficient_funds,HDFC,5,4,0,0,0.796,1
txn_001027,462.55,UPI,expired_card,IDFC,3,0,0,1,0.808,1
txn_001028,976.4,UPI,bank_server_down,IDFC,18,2,0,4,0.894,0
txn_001029,150.85,Netbanking,insufficient_funds,Axis,14,2,0,1,0.755,1
txn_001030,527.46,Debit Card,bank_server_down,IDFC,23,4,0,0,0.738,1
txn_001031,497.63,UPI,insufficient_funds,SBI,2,3,0,1,0.749,0
txn_001032,1571.44,Credit Card,network_timeout,Yes Bank,17,4,0,2,0.766,1
txn_001033,277.98,UPI,card_declined,Yes Bank,18,5,1,1,0.621,1
txn_001034,1876.51,UPI,wrong_otp,Yes Bank,13,1,0,0,0.526,1
txn_001035,3157.04,UPI,risk_flagged,Yes Bank,0,6,1,0,0.407,1
txn_001036,4736.8,Debit Card,expired_card,Kotak,12,2,0,0,0.817,0
txn_001037,371.86,Netbanking,card_declined,ICICI,8,2,0,0,0.551,1
txn_001038,283.83,Debit Card,insufficient_funds,Yes Bank,16,5,1,2,0.749,0
txn_001039,240.27,Netbanking,card_declined,ICICI,2,3,0,0,0.491,1
txn_001040,570.09,Credit Card,insufficient_funds,Yes Bank,10,4,0,0,0.764,0
txn_001041,917.32,Wallet,insufficient_funds,HDFC,3,5,1,0,0.855,0
txn_001042,1028.31,UPI,insufficient_funds,Yes Bank,4,2,0,1,0.761,0
txn_001043,1849.67,UPI,network_timeout,ICICI,18,0,0,0,0.812,1
txn_001044,807.88,UPI,network_timeout,Kotak,22,5,1,3,0.74,0
txn_001045,1434.71,Netbanking,bank_server_down,Yes Bank,23,6,1,2,0.829,1
txn_001046,3137.81,Credit Card,insufficient_funds,IDFC,16,3,0,3,0.832,0
txn_001047,453.46,UPI,insufficient_funds,SBI,19,0,0,1,0.854,1
txn_001048,1768.52,Debit Card,card_declined,SBI,20,0,0,1,0.896,1
txn_001049,561.78,Netbanking,insufficient_funds,IDFC,3,1,0,1,0.692,0
txn_001050,730.52,Debit Card,insufficient_funds,Kotak,16,2,0,0,0.807,0
txn_001051,15607.98,UPI,insufficient_funds,IDFC,10,1,0,2,0.853,0
txn_001052,354.29,Netbanking,network_timeout,Axis,0,5,1,0,0.3,1
txn_001053,601.05,UPI,insufficient_funds,ICICI,12,2,0,0,0.731,0
txn_001054,1012.34,UPI,network_timeout,SBI,19,1,0,0,0.597,1
txn_001055,302.41,Debit Card,bank_server_down,IDFC,5,5,1,2,0.8,1
txn_001056,371.93,Wallet,insufficient_funds,Axis,3,6,1,2,0.904,0
txn_001057,1235.07,UPI,insufficient_funds,HDFC,3,1,0,0,0.774,0
txn_001058,526.72,Netbanking,network_timeout,ICICI,4,0,0,0,0.953,1
txn_001059,159.98,Netbanking,risk_flagged,Yes Bank,18,3,0,1,0.541,0
txn_001060,397.24,Debit Card,wrong_otp,Kotak,10,1,0,0,0.831,0
txn_001061,275.05,UPI,wrong_otp,Kotak,4,5,1,1,0.808,0
txn_001062,77.92,Credit Card,bank_server_down,IDFC,11,6,1,2,0.428,0
txn_001063,110.39,Debit Card,bank_server_down,Kotak,2,1,0,1,0.899,1
txn_001064,403.96,Debit Card,network_timeout,Yes Bank,7,1,0,0,0.722,1
txn_001065,762.76,Credit Card,card_declined,Kotak,17,1,0,1,0.705,1
txn_001066,601.34,UPI,bank_server_down,Yes Bank,15,5,1,0,0.804,1
txn_001067,327.68,Debit Card,risk_flagged,IDFC,0,2,0,0,0.748,0
txn_001068,963.89,UPI,network_timeout,Axis,0,2,0,0,0.642,1
txn_001069,941.69,UPI,bank_server_down,Kotak,21,2,0,0,0.765,1
txn_001070,1019.81,UPI,network_timeout,HDFC,12,4,0,1,0.834,1
txn_001071,1470.36,Credit Card,risk_flagged,ICICI,12,0,0,1,0.741,0
txn_001072,405.95,UPI,expired_card,IDFC,0,5,1,2,0.768,0
txn_001073,634.15,UPI,insufficient_funds,Yes Bank,17,4,0,1,0.619,1
txn_001074,2099.34,Wallet,network_timeout,Axis,19,1,0,0,0.736,1
txn_001075,849.54,UPI,wrong_otp,IDFC,23,1,0,2,0.9,1
txn_001076,287.6,Credit Card,risk_flagged,Axis,18,4,0,0,0.922,0
txn_001077,370.06,Credit Card,bank_server_down,Axis,17,5,1,1,0.523,0
txn_001078,221.59,UPI,risk_flagged,ICICI,4,6,1,0,0.824,0
txn_001079,1022.64,Credit Card,wrong_otp,Axis,11,3,0,1,0.755,0
txn_001080,330.29,Credit Card,network_timeout,Axis,17,4,0,0,0.608,1
txn_001081,551.09,Debit Card,insufficient_funds,Yes Bank,21,3,0,3,0.719,0
txn_001082,681.37,UPI,insufficient_funds,Yes Bank,5,5,1,1,0.936,0
txn_001083,323.79,UPI,wrong_otp,Kotak,10,1,0,1,0.892,0
txn_001084,1072.33,Debit Card,insufficient_funds,IDFC,6,6,1,0,0.501,1
txn_001085,5868.3,UPI,insufficient_funds,IDFC,14,2,0,0,0.587,0
txn_001086,705.67,Debit Card,network_timeout,Kotak,21,2,0,0,0.792,1
txn_001087,587.31,UPI,network_timeout,Yes Bank,13,0,0,1,0.628,0
txn_001088,1184.55,Netbanking,card_declined,SBI,12,1,0,1,0.457,0
txn_001089,458.03,Credit Card,insufficient_funds,HDFC,22,6,1,3,0.901,0
txn_001090,503.93,Wallet,insufficient_funds,Yes Bank,17,2,0,0,0.721,1
txn_001091,478.44,UPI,wrong_otp,ICICI,16,0,0,0,0.861,0
txn_001092,209.6,Netbanking,network_timeout,ICICI,16,3,0,0,0.552,1
txn_001093,1662.77,Credit Card,insufficient_funds,HDFC,8,5,1,1,0.662,0
txn_001094,285.32,UPI,insufficient_funds,ICICI,18,6,1,0,0.974,1
txn_001095,120.98,Credit Card,insufficient_funds,IDFC,20,3,0,0,0.904,0
txn_001096,271.27,UPI,bank_server_down,Yes Bank,0,2,0,0,0.509,1
txn_001097,1288.5,UPI,bank_server_down,HDFC,1,1,0,0,0.588,0
txn_001098,196.84,UPI,insufficient_funds,Kotak,12,3,0,3,0.801,0
txn_001099,535.35,UPI,insufficient_funds,HDFC,21,4,0,2,0.928,1
txn_001100,117.5,Wallet,card_declined,Axis,12,3,0,1,0.306,1
txn_001101,833.48,Debit Card,card_declined,Yes Bank,23,6,1,2,0.471,0
txn_001102,714.98,Netbanking,network_timeout,Yes Bank,12,3,0,0,0.821,0
txn_001103,397.1,UPI,network_timeout,Axis,23,6,1,1,0.869,0
txn_001104,217.41,Credit Card,insufficient_funds,ICICI,21,4,0,0,0.584,0
txn_001105,650.47,Debit Card,expired_card,HDFC,3,0,0,2,0.883,0
txn_001106,1868.66,UPI,wrong_otp,HDFC,9,2,0,1,0.429,1
txn_001107,1774.4,UPI,insufficient_funds,HDFC,10,2,0,0,0.307,0
txn_001108,1290.75,UPI,wrong_otp,IDFC,18,5,1,1,0.76,1
txn_001109,463.05,UPI,bank_server_down,Kotak,12,0,0,1,0.766,1
txn_001110,3347.94,UPI,bank_server_down,HDFC,7,3,0,0,0.578,1
txn_001111,214.93,Credit Card,bank_server_down,Yes Bank,11,4,0,1,0.569,1
txn_001112,315.05,UPI,card_declined,Yes Bank,16,2,0,0,0.751,1
txn_001113,675.73,UPI,insufficient_funds,ICICI,13,5,1,0,0.764,1
txn_001114,605.22,UPI,expired_card,Yes Bank,6,4,0,1,0.893,0
txn_001115,678.66,UPI,insufficient_funds,HDFC,14,5,1,0,0.725,0
txn_001116,3451.26,UPI,wrong_otp,ICICI,18,3,0,1,0.722,0
txn_001117,818.46,Netbanking,insufficient_funds,SBI,3,0,0,0,0.564,0
txn_001118,101.96,Credit Card,insufficient_funds,IDFC,14,4,0,2,0.88,0
txn_001119,2451.01,UPI,insufficient_funds,Axis,20,2,0,0,0.682,0
txn_001120,530.89,Credit Card,wrong_otp,ICICI,19,4,0,1,0.624,1
txn_001121,1044.56,UPI,wrong_otp,IDFC,20,3,0,0,0.949,1
txn_001122,362.1,UPI,expired_card,ICICI,4,3,0,2,0.756,0
txn_001123,1094.15,Wallet,card_declined,IDFC,2,3,0,2,0.893,0
txn_001124,1115.75,UPI,insufficient_funds,ICICI,10,5,1,0,0.872,0
txn_001125,603.05,UPI,card_declined,Kotak,13,4,0,1,0.803,1
txn_001126,820.03,Netbanking,network_timeout,IDFC,13,4,0,1,0.933,1
txn_001127,100.36,UPI,card_declined,ICICI,15,4,0,1,0.821,0
txn_001128,1345.86,UPI,bank_server_down,Axis,16,3,0,1,0.911,1
txn_001129,619.58,UPI,risk_flagged,HDFC,1,5,1,1,0.937,0
txn_001130,464.8,UPI,insufficient_funds,Kotak,7,1,0,0,0.821,1
txn_001131,1153.94,UPI,network_timeout,HDFC,13,6,1,1,0.616,1
txn_001132,1030.66,Credit Card,card_declined,IDFC,0,1,0,0,0.726,1
txn_001133,201.32,Debit Card,card_declined,Yes Bank,11,5,1,0,0.754,1
txn_001134,2527.61,Netbanking,bank_server_down,Yes Bank,2,5,1,0,0.461,1
txn_001135,209.32,UPI,network_timeout,SBI,6,6,1,1,0.434,1
txn_001136,1137.71,Credit Card,bank_server_down,ICICI,12,6,1,2,0.869,0
txn_001137,133.3,Credit Card,card_declined,HDFC,18,0,0,0,0.323,0
txn_001138,91.17,UPI,expired_card,SBI,23,1,0,0,0.763,1
txn_001139,2470.93,Debit Card,network_timeout,IDFC,15,6,1,1,0.479,0
txn_001140,995.19,UPI,bank_server_down,Kotak,17,0,0,0,0.52,1
txn_001141,120.5,Debit Card,bank_server_down,Axis,7,6,1,0,0.559,0
txn_001142,924.33,Debit Card,network_timeout,ICICI,10,0,0,1,0.622,1
txn_001143,749.54,UPI,network_timeout,Kotak,3,4,0,2,0.794,0
txn_001144,1503.39,UPI,risk_flagged,Axis,23,5,1,0,0.787,0
txn_001145,94.88,Netbanking,card_declined,IDFC,18,6,1,0,0.719,0
txn_001146,573.05,UPI,insufficient_funds,Yes Bank,22,2,0,2,0.823,0
txn_001147,648.51,UPI,risk_flagged,HDFC,4,1,0,1,0.757,0
txn_001148,537.4,Debit Card,card_declined,ICICI,18,2,0,0,0.683,1
txn_001149,1027.23,UPI,insufficient_funds,ICICI,12,0,0,0,0.981,1
txn_001150,1239.88,Credit Card,insufficient_funds,ICICI,4,3,0,1,0.804,0
txn_001151,626.45,UPI,card_declined,SBI,9,0,0,1,0.825,1
txn_001152,1104.52,UPI,insufficient_funds,IDFC,14,2,0,1,0.761,0
txn_001153,478.18,UPI,card_declined,Axis,15,1,0,1,0.622,1
txn_001154,1085.74,UPI,insufficient_funds,ICICI,20,2,0,1,0.685,0
txn_001155,147.54,Debit Card,insufficient_funds,Yes Bank,9,2,0,1,0.883,1
txn_001156,817.74,Credit Card,risk_flagged,HDFC,5,2,0,0,0.801,0
txn_001157,2493.36,UPI,card_declined,Axis,15,1,0,1,0.828,0
txn_001158,311.25,Netbanking,bank_server_down,HDFC,17,6,1,1,0.713,1
txn_001159,3208.61,Debit Card,bank_server_down,IDFC,23,0,0,0,0.532,1
txn_001160,1741.7,UPI,insufficient_funds,Yes Bank,16,5,1,2,0.58,0
txn_001161,606.46,UPI,card_declined,Yes Bank,23,6,1,2,0.847,0
txn_001162,4731.84,UPI,bank_server_down,HDFC,22,1,0,0,0.847,1
txn_001163,488.75,UPI,wrong_otp,ICICI,8,5,1,0,0.83,0
txn_001164,195.42,Debit Card,card_declined,Yes Bank,15,0,0,0,0.707,0
txn_001165,232.0,UPI,insufficient_funds,Kotak,3,1,0,1,0.747,0
txn_001166,596.16,UPI,wrong_otp,Axis,23,4,0,0,0.774,1
txn_001167,533.15,UPI,risk_flagged,Axis,1,2,0,0,0.8,0
txn_001168,670.42,Netbanking,network_timeout,Yes Bank,11,5,1,1,0.477,1
txn_001169,242.7,Credit Card,risk_flagged,IDFC,18,5,1,1,0.688,0
txn_001170,1194.5,Wallet,bank_server_down,ICICI,19,1,0,0,0.825,1
txn_001171,1195.28,UPI,card_declined,Axis,2,5,1,0,0.792,1
txn_001172,638.39,UPI,network_timeout,IDFC,12,2,0,0,0.71,1
txn_001173,468.73,UPI,card_declined,ICICI,21,1,0,1,0.778,0
txn_001174,832.22,Debit Card,network_timeout,ICICI,1,1,0,0,0.558,1
txn_001175,445.2,Credit Card,insufficient_funds,Axis,11,6,1,1,0.702,0
txn_001176,85.54,UPI,expired_card,Kotak,6,5,1,1,0.76,1
txn_001177,1761.23,UPI,card_declined,HDFC,2,3,0,0,0.859,0
txn_001178,1569.28,Credit Card,insufficient_funds,Yes Bank,18,5,1,1,0.904,0
txn_001179,343.94,UPI,network_timeout,ICICI,23,5,1,1,0.873,1
txn_001180,906.32,UPI,network_timeout,Axis,15,3,0,1,0.689,1
txn_001181,368.22,Credit Card,network_timeout,Yes Bank,17,0,0,0,0.866,0
txn_001182,1099.09,UPI,wrong_otp,ICICI,17,1,0,1,0.759,1
txn_001183,858.33,UPI,insufficient_funds,Kotak,5,4,0,2,0.975,0
txn_001184,988.78,UPI,insufficient_funds,SBI,14,5,1,1,0.847,0
txn_001185,794.95,UPI,bank_server_down,IDFC,3,0,0,0,0.701,0
txn_001186,756.7,Debit Card,insufficient_funds,SBI,3,3,0,1,0.342,1
txn_001187,4619.75,Credit Card,insufficient_funds,SBI,23,0,0,0,0.633,0
txn_001188,754.74,UPI,network_timeout,HDFC,1,0,0,0,0.563,1
txn_001189,807.35,UPI,bank_server_down,ICICI,19,6,1,1,0.592,1
txn_001190,280.91,Credit Card,insufficient_funds,Kotak,12,0,0,1,0.691,0
txn_001191,1196.08,Netbanking,card_declined,Kotak,14,0,0,1,0.682,0
txn_001192,1803.59,Debit Card,insufficient_funds,HDFC,6,1,0,0,0.673,0
txn_001193,609.63,Credit Card,insufficient_funds,Axis,5,5,1,2,0.54,0
txn_001194,634.73,Wallet,card_declined,Yes Bank,6,3,0,1,0.881,0
txn_001195,352.96,UPI,bank_server_down,HDFC,18,4,0,0,0.306,1
txn_001196,243.33,UPI,bank_server_down,HDFC,18,2,0,0,0.526,1
txn_001197,1443.15,UPI,network_timeout,HDFC,18,4,0,0,0.675,0
txn_001198,1721.39,Debit Card,card_declined,Yes Bank,1,4,0,3,0.797,0
txn_001199,547.52,UPI,card_declined,HDFC,1,6,1,0,0.336,0
txn_001200,1366.3,UPI,bank_server_down,IDFC,6,3,0,1,0.863,0
txn_001201,663.24,Debit Card,insufficient_funds,Axis,8,1,0,0,0.486,0
txn_001202,738.52,Credit Card,bank_server_down,ICICI,15,4,0,0,0.327,1
txn_001203,566.23,UPI,card_declined,Kotak,11,5,1,0,0.682,0
txn_001204,574.32,Netbanking,bank_server_down,Yes Bank,10,1,0,0,0.705,1
txn_001205,1272.26,UPI,network_timeout,HDFC,17,1,0,1,0.781,1
txn_001206,191.41,UPI,insufficient_funds,IDFC,21,3,0,0,0.942,0
txn_001207,516.67,UPI,bank_server_down,IDFC,17,5,1,0,0.606,0
txn_001208,2938.33,Credit Card,bank_server_down,HDFC,5,0,0,0,0.381,0
txn_001209,1151.54,UPI,card_declined,HDFC,12,3,0,1,0.727,1
txn_001210,370.11,UPI,wrong_otp,ICICI,12,6,1,3,0.866,0
txn_001211,1616.62,Debit Card,insufficient_funds,Yes Bank,7,4,0,1,0.789,1
txn_001212,522.02,UPI,insufficient_funds,IDFC,14,1,0,1,0.452,0
txn_001213,595.99,UPI,insufficient_funds,IDFC,16,1,0,0,0.81,0
txn_001214,1467.05,Debit Card,card_declined,Yes Bank,0,3,0,0,0.918,1
txn_001215,808.07,Credit Card,insufficient_funds,Yes Bank,12,6,1,0,0.852,0
txn_001216,2112.21,Credit Card,risk_flagged,SBI,9,0,0,1,0.984,0
txn_001217,844.35,UPI,bank_server_down,Axis,9,0,0,1,0.82,1
txn_001218,1453.13,UPI,insufficient_funds,Axis,14,5,1,0,0.856,0
txn_001219,4540.86,Debit Card,insufficient_funds,Yes Bank,6,1,0,0,0.752,1
txn_001220,1157.08,Credit Card,card_declined,Axis,8,3,0,1,0.632,1
txn_001221,167.18,Debit Card,card_declined,SBI,16,6,1,1,0.638,0
txn_001222,3828.91,Credit Card,bank_server_down,Kotak,10,3,0,0,0.866,1
txn_001223,127.17,UPI,card_declined,Yes Bank,1,0,0,0,0.79,0
txn_001224,175.61,Debit Card,network_timeout,SBI,20,5,1,0,0.907,1
txn_001225,3279.17,UPI,bank_server_down,SBI,6,1,0,1,0.793,1
txn_001226,268.75,Credit Card,bank_server_down,ICICI,10,0,0,2,0.759,1
txn_001227,427.3,Debit Card,wrong_otp,Axis,10,2,0,1,0.881,1
txn_001228,240.89,Debit Card,card_declined,HDFC,3,3,0,0,0.678,1
txn_001229,1534.9,Credit Card,wrong_otp,Kotak,1,3,0,0,0.954,1
txn_001230,2555.17,Debit Card,bank_server_down,IDFC,4,5,1,0,0.764,1
txn_001231,347.24,UPI,card_declined,IDFC,12,1,0,1,0.67,1
txn_001232,360.95,Credit Card,network_timeout,Axis,18,2,0,1,0.734,0
txn_001233,370.08,Debit Card,bank_server_down,Yes Bank,12,1,0,1,0.697,0
txn_001234,560.76,Wallet,insufficient_funds,SBI,3,0,0,0,0.802,0
txn_001235,696.32,UPI,card_declined,SBI,3,3,0,0,0.797,0
txn_001236,4251.89,UPI,bank_server_down,Yes Bank,16,3,0,3,0.811,0
txn_001237,222.17,Netbanking,bank_server_down,HDFC,21,3,0,1,0.958,1
txn_001238,751.07,UPI,card_declined,ICICI,14,3,0,3,0.451,1
txn_001239,1830.9,UPI,bank_server_down,Yes Bank,7,5,1,2,0.662,0
txn_001240,429.31,UPI,card_declined,IDFC,5,4,0,0,0.291,0
txn_001241,1068.73,UPI,card_declined,IDFC,14,2,0,2,0.293,1
txn_001242,62.9,Debit Card,wrong_otp,HDFC,1,6,1,1,0.771,0
txn_001243,3270.2,Debit Card,card_declined,IDFC,20,3,0,0,0.762,1
txn_001244,611.17,Debit Card,wrong_otp,Axis,23,2,0,0,0.668,1
txn_001245,1226.65,Debit Card,risk_flagged,ICICI,15,0,0,0,0.735,0
txn_001246,405.0,UPI,bank_server_down,Yes Bank,10,1,0,1,0.97,0
txn_001247,355.15,UPI,card_declined,Axis,14,6,1,0,0.773,0
txn_001248,1163.69,Debit Card,network_timeout,Axis,23,3,0,0,0.466,1
txn_001249,786.57,Credit Card,insufficient_funds,IDFC,13,2,0,0,0.648,0
txn_001250,1066.3,UPI,insufficient_funds,IDFC,16,4,0,0,0.971,1
txn_001251,94.73,Debit Card,insufficient_funds,IDFC,10,1,0,1,0.468,0
txn_001252,2395.63,Wallet,wrong_otp,Yes Bank,9,6,1,0,0.832,0
txn_001253,102.71,Debit Card,bank_server_down,Kotak,20,3,0,1,0.806,1
txn_001254,137.45,Netbanking,card_declined,Kotak,6,5,1,0,0.655,0
txn_001255,1574.22,Credit Card,insufficient_funds,Yes Bank,8,3,0,1,0.802,1
txn_001256,219.82,UPI,network_timeout,IDFC,11,2,0,1,0.717,1
txn_001257,2462.04,UPI,insufficient_funds,ICICI,9,4,0,1,0.818,0
txn_001258,361.57,Debit Card,wrong_otp,HDFC,18,1,0,1,0.783,0
txn_001259,329.43,Credit Card,bank_server_down,SBI,8,2,0,0,0.787,1
txn_001260,146.19,Debit Card,wrong_otp,ICICI,18,3,0,0,0.966,0
txn_001261,372.21,Netbanking,card_declined,Yes Bank,8,1,0,2,0.671,0
txn_001262,1594.79,UPI,insufficient_funds,Yes Bank,18,6,1,0,0.914,0
txn_001263,401.3,UPI,bank_server_down,ICICI,18,1,0,5,0.918,0
txn_001264,3496.16,Debit Card,network_timeout,ICICI,18,1,0,1,0.744,1
txn_001265,635.66,UPI,bank_server_down,IDFC,15,5,1,0,0.669,1
txn_001266,751.63,Credit Card,network_timeout,ICICI,0,4,0,0,0.518,1
txn_001267,476.64,UPI,insufficient_funds,Yes Bank,1,5,1,1,0.665,1
txn_001268,919.82,UPI,insufficient_funds,Kotak,22,5,1,0,0.855,1
txn_001269,762.14,Debit Card,network_timeout,ICICI,22,6,1,0,0.815,0
txn_001270,351.13,UPI,wrong_otp,IDFC,3,3,0,1,0.956,1
txn_001271,648.89,UPI,insufficient_funds,Yes Bank,15,2,0,0,0.453,0
txn_001272,120.58,UPI,wrong_otp,Yes Bank,7,1,0,1,0.603,0
txn_001273,265.69,UPI,card_declined,Axis,9,4,0,0,0.841,0
txn_001274,3122.53,Credit Card,wrong_otp,Yes Bank,22,0,0,1,0.578,1
txn_001275,439.67,Netbanking,card_declined,HDFC,7,2,0,0,0.591,0
txn_001276,1978.8,UPI,bank_server_down,Yes Bank,8,3,0,0,0.324,1
txn_001277,4084.03,Credit Card,risk_flagged,Kotak,15,2,0,1,0.741,0
txn_001278,358.7,UPI,card_declined,Yes Bank,17,1,0,0,0.715,1
txn_001279,886.66,UPI,network_timeout,IDFC,16,2,0,0,0.673,1
txn_001280,636.58,UPI,insufficient_funds,Axis,22,1,0,0,0.7,0
txn_001281,647.8,UPI,bank_server_down,ICICI,2,2,0,1,0.949,1
txn_001282,961.59,Netbanking,network_timeout,Yes Bank,22,5,1,0,0.795,1
txn_001283,405.33,UPI,risk_flagged,HDFC,23,1,0,0,0.522,0
txn_001284,174.47,UPI,wrong_otp,IDFC,7,1,0,0,0.784,0
txn_001285,479.06,Credit Card,insufficient_funds,Axis,7,6,1,0,0.887,0
txn_001286,215.29,UPI,risk_flagged,Axis,20,5,1,2,0.941,0
txn_001287,5272.46,Credit Card,risk_flagged,HDFC,17,1,0,1,0.736,0
txn_001288,509.18,UPI,insufficient_funds,Kotak,19,5,1,1,0.682,0
txn_001289,726.25,Debit Card,network_timeout,IDFC,16,2,0,2,0.344,0
txn_001290,1075.58,Debit Card,wrong_otp,SBI,12,5,1,2,0.58,1
txn_001291,338.21,UPI,bank_server_down,ICICI,7,5,1,2,0.627,0
txn_001292,889.73,Debit Card,risk_flagged,Axis,8,0,0,1,0.843,0
txn_001293,1049.94,Debit Card,network_timeout,IDFC,4,4,0,1,0.612,1
txn_001294,912.4,UPI,network_timeout,Axis,5,1,0,0,0.588,1
txn_001295,556.35,UPI,bank_server_down,SBI,7,2,0,1,0.418,0
txn_001296,445.99,Wallet,wrong_otp,HDFC,11,3,0,1,0.688,0
txn_001297,5499.39,UPI,insufficient_funds,Axis,13,1,0,0,0.569,0
txn_001298,254.32,UPI,wrong_otp,HDFC,13,5,1,1,0.602,0
txn_001299,225.24,Credit Card,wrong_otp,HDFC,9,4,0,2,0.968,0
txn_001300,653.51,UPI,bank_server_down,IDFC,17,6,1,1,0.663,1
txn_001301,505.72,UPI,card_declined,IDFC,5,2,0,1,0.897,0
txn_001302,1062.59,Credit Card,card_declined,Kotak,21,1,0,0,0.733,0
txn_001303,188.98,UPI,card_declined,Axis,15,0,0,1,0.833,0
txn_001304,1066.17,UPI,insufficient_funds,ICICI,14,0,0,1,0.394,0
txn_001305,624.06,Debit Card,bank_server_down,Axis,21,6,1,2,0.753,1
txn_001306,98.5,UPI,card_declined,SBI,15,3,0,2,0.543,1
txn_001307,2704.25,Debit Card,network_timeout,SBI,9,6,1,0,0.804,1
txn_001308,83.13,UPI,expired_card,SBI,20,3,0,0,0.87,0
txn_001309,1709.06,Debit Card,risk_flagged,HDFC,2,3,0,2,0.553,0
txn_001310,589.42,UPI,insufficient_funds,ICICI,21,3,0,3,0.918,0
txn_001311,794.11,UPI,network_timeout,SBI,21,3,0,0,0.942,1
txn_001312,507.19,UPI,insufficient_funds,Yes Bank,14,4,0,1,0.824,0
txn_001313,1223.65,Debit Card,risk_flagged,Yes Bank,13,5,1,1,0.673,1
txn_001314,263.04,Credit Card,card_declined,ICICI,4,3,0,0,0.906,0
txn_001315,118.86,UPI,network_timeout,IDFC,16,2,0,0,0.818,1
txn_001316,312.22,Credit Card,risk_flagged,IDFC,1,6,1,0,0.577,0
txn_001317,525.3,Credit Card,risk_flagged,Yes Bank,21,1,0,1,0.769,0
txn_001318,407.24,Netbanking,insufficient_funds,HDFC,2,0,0,1,0.806,0
txn_001319,644.01,UPI,wrong_otp,Yes Bank,7,2,0,2,0.355,0
txn_001320,278.99,Credit Card,bank_server_down,ICICI,17,3,0,1,0.554,1
txn_001321,325.89,Credit Card,wrong_otp,IDFC,8,1,0,1,0.873,0
txn_001322,273.74,UPI,insufficient_funds,ICICI,23,2,0,1,0.466,0
txn_001323,448.88,Credit Card,card_declined,IDFC,22,0,0,0,0.913,1
txn_001324,601.35,UPI,expired_card,Kotak,21,0,0,1,0.681,0
txn_001325,710.41,UPI,wrong_otp,ICICI,18,1,0,3,0.721,0
txn_001326,1668.08,Debit Card,expired_card,Yes Bank,6,3,0,0,0.529,0
txn_001327,568.07,Netbanking,wrong_otp,Yes Bank,23,6,1,2,0.926,0
txn_001328,362.49,Netbanking,card_declined,Yes Bank,20,6,1,2,0.609,0
txn_001329,2223.64,Debit Card,risk_flagged,Axis,2,2,0,0,0.463,1
txn_001330,468.69,Wallet,bank_server_down,Kotak,4,0,0,0,0.577,0
txn_001331,87.05,UPI,insufficient_funds,SBI,1,2,0,2,0.5,0
txn_001332,309.46,UPI,expired_card,IDFC,3,0,0,0,0.773,0
txn_001333,1466.68,UPI,insufficient_funds,Axis,7,5,1,1,0.911,1
txn_001334,294.88,Credit Card,card_declined,Kotak,4,6,1,0,0.669,1
txn_001335,2680.08,Wallet,bank_server_down,SBI,7,3,0,2,0.648,1
txn_001336,465.08,UPI,insufficient_funds,IDFC,15,4,0,0,0.586,0
txn_001337,1335.41,Credit Card,wrong_otp,HDFC,22,4,0,0,0.866,1
txn_001338,410.45,UPI,bank_server_down,Axis,17,3,0,0,0.78,1
txn_001339,2778.69,Debit Card,network_timeout,SBI,12,1,0,0,0.843,1
txn_001340,1615.71,UPI,risk_flagged,ICICI,8,6,1,0,0.795,0
txn_001341,781.48,UPI,insufficient_funds,HDFC,10,2,0,0,0.747,1
txn_001342,3686.35,UPI,insufficient_funds,Kotak,5,4,0,2,0.852,0
txn_001343,1181.53,Debit Card,insufficient_funds,SBI,10,5,1,2,0.663,0
txn_001344,462.68,UPI,insufficient_funds,Kotak,20,0,0,0,0.842,0
txn_001345,2511.77,UPI,network_timeout,Kotak,1,1,0,1,0.468,0
txn_001346,263.23,UPI,card_declined,Kotak,11,2,0,0,0.911,1
txn_001347,225.39,UPI,insufficient_funds,HDFC,20,3,0,1,0.743,1
txn_001348,1948.1,UPI,insufficient_funds,Kotak,10,3,0,1,0.953,1
txn_001349,81.91,Credit Card,risk_flagged,Kotak,12,4,0,1,0.861,0
txn_001350,775.61,Wallet,network_timeout,ICICI,0,6,1,1,0.629,1
txn_001351,1645.54,UPI,risk_flagged,Kotak,15,3,0,0,0.831,0
txn_001352,197.81,UPI,network_timeout,Axis,2,4,0,1,0.729,0
txn_001353,1626.87,Wallet,wrong_otp,Yes Bank,11,6,1,2,0.874,0
txn_001354,250.55,Credit Card,wrong_otp,IDFC,21,6,1,0,0.892,1
txn_001355,815.92,UPI,risk_flagged,ICICI,4,6,1,0,0.709,0
txn_001356,983.9,Credit Card,insufficient_funds,Axis,18,4,0,0,0.667,0
txn_001357,3495.84,Credit Card,network_timeout,IDFC,19,0,0,0,0.909,1
txn_001358,6051.41,Debit Card,expired_card,ICICI,21,1,0,2,0.69,0
txn_001359,868.16,UPI,card_declined,HDFC,13,4,0,1,0.74,1
txn_001360,2956.78,Wallet,bank_server_down,Axis,0,6,1,0,0.616,0
txn_001361,91.49,Credit Card,insufficient_funds,IDFC,19,6,1,3,0.72,0
txn_001362,2048.37,UPI,risk_flagged,Yes Bank,14,1,0,2,0.685,0
txn_001363,691.94,Debit Card,card_declined,IDFC,15,2,0,1,0.838,0
txn_001364,1906.49,Credit Card,insufficient_funds,Axis,12,6,1,1,0.699,0
txn_001365,315.06,UPI,bank_server_down,Axis,2,3,0,0,0.967,1
txn_001366,1164.77,Debit Card,insufficient_funds,IDFC,13,5,1,1,0.555,0
txn_001367,257.59,Netbanking,insufficient_funds,IDFC,20,4,0,0,0.859,0
txn_001368,900.15,UPI,wrong_otp,HDFC,7,6,1,3,0.856,0
txn_001369,409.98,Credit Card,network_timeout,Yes Bank,13,2,0,0,0.937,1
txn_001370,1828.92,Debit Card,bank_server_down,Yes Bank,2,6,1,0,0.815,1
txn_001371,232.03,Debit Card,wrong_otp,ICICI,15,0,0,4,0.569,0
txn_001372,392.59,Wallet,risk_flagged,IDFC,18,2,0,0,0.737,0
txn_001373,1858.06,UPI,network_timeout,IDFC,11,6,1,0,0.551,0
txn_001374,1115.71,UPI,bank_server_down,IDFC,21,2,0,3,0.659,1
txn_001375,1358.94,Netbanking,risk_flagged,Yes Bank,18,2,0,1,0.891,1
txn_001376,1811.43,Credit Card,bank_server_down,HDFC,21,5,1,1,0.901,0
txn_001377,429.23,UPI,wrong_otp,SBI,21,3,0,0,0.57,0
txn_001378,1529.25,UPI,bank_server_down,SBI,16,5,1,1,0.923,1
txn_001379,1473.4,UPI,network_timeout,SBI,7,4,0,2,0.735,0
txn_001380,165.64,Debit Card,expired_card,ICICI,19,1,0,4,0.52,0
txn_001381,2145.08,UPI,insufficient_funds,SBI,21,0,0,0,0.799,0
txn_001382,1105.76,UPI,card_declined,Yes Bank,8,0,0,2,0.597,0
txn_001383,728.86,UPI,risk_flagged,IDFC,7,2,0,2,0.76,0
txn_001384,218.02,Debit Card,insufficient_funds,SBI,3,1,0,2,0.785,0
txn_001385,2769.87,UPI,wrong_otp,IDFC,1,6,1,1,0.728,1
txn_001386,2065.15,Debit Card,bank_server_down,Yes Bank,21,0,0,0,0.692,0
txn_001387,2251.3,UPI,network_timeout,Yes Bank,22,5,1,0,0.803,1
txn_001388,520.76,Credit Card,insufficient_funds,ICICI,21,0,0,2,0.469,0
txn_001389,785.18,Debit Card,insufficient_funds,IDFC,12,6,1,1,0.8,0
txn_001390,1057.54,Debit Card,risk_flagged,Yes Bank,17,2,0,0,0.906,1
txn_001391,1292.22,UPI,card_declined,Yes Bank,22,1,0,1,0.67,1
txn_001392,497.12,Netbanking,card_declined,SBI,7,6,1,1,0.896,1
txn_001393,744.99,UPI,insufficient_funds,Yes Bank,7,2,0,1,0.952,1
txn_001394,151.07,UPI,expired_card,IDFC,22,0,0,0,0.654,0
txn_001395,1006.53,Credit Card,network_timeout,Kotak,16,2,0,1,0.657,1
txn_001396,1713.41,UPI,insufficient_funds,Yes Bank,23,1,0,1,0.754,1
txn_001397,597.07,UPI,wrong_otp,Kotak,2,0,0,0,0.634,1
txn_001398,126.0,Credit Card,risk_flagged,Kotak,23,1,0,2,0.605,1
txn_001399,235.13,UPI,wrong_otp,Kotak,16,2,0,0,0.652,0
txn_001400,619.68,UPI,insufficient_funds,Yes Bank,3,2,0,0,0.667,1
txn_001401,493.15,UPI,card_declined,Yes Bank,18,2,0,0,0.604,0
txn_001402,915.36,Credit Card,insufficient_funds,Axis,7,3,0,1,0.883,1
txn_001403,696.51,UPI,insufficient_funds,IDFC,3,3,0,1,0.32,0
txn_001404,376.13,Debit Card,insufficient_funds,Yes Bank,13,1,0,2,0.966,1
txn_001405,1491.96,Credit Card,wrong_otp,Kotak,15,1,0,4,0.594,0
txn_001406,1501.01,UPI,insufficient_funds,SBI,17,3,0,0,0.66,0
txn_001407,329.99,UPI,insufficient_funds,HDFC,3,3,0,0,0.737,0
txn_001408,211.34,UPI,card_declined,IDFC,10,2,0,0,0.575,1
txn_001409,908.02,Wallet,insufficient_funds,SBI,12,5,1,0,0.798,0
txn_001410,1308.61,Credit Card,insufficient_funds,Axis,14,2,0,0,0.621,0
txn_001411,152.63,UPI,expired_card,ICICI,5,0,0,0,0.902,0
txn_001412,2555.73,UPI,wrong_otp,Axis,22,6,1,1,0.678,0
txn_001413,697.76,Wallet,card_declined,IDFC,11,4,0,2,0.708,0
txn_001414,455.21,UPI,insufficient_funds,Axis,14,6,1,2,0.63,0
txn_001415,164.52,Netbanking,wrong_otp,ICICI,10,3,0,2,0.713,1
txn_001416,1219.78,Wallet,network_timeout,IDFC,6,2,0,0,0.894,0
txn_001417,1701.59,UPI,network_timeout,Axis,22,6,1,2,0.776,1
txn_001418,2694.63,Debit Card,insufficient_funds,ICICI,23,5,1,1,0.64,1
txn_001419,1919.15,Debit Card,expired_card,Kotak,16,1,0,1,0.63,0
txn_001420,220.95,Credit Card,card_declined,Kotak,3,6,1,0,0.864,0
txn_001421,1317.79,UPI,network_timeout,Kotak,8,1,0,0,0.664,1
txn_001422,1244.66,UPI,wrong_otp,SBI,10,3,0,0,0.881,1
txn_001423,835.49,Debit Card,insufficient_funds,Yes Bank,8,1,0,1,0.823,1
txn_001424,1044.24,UPI,bank_server_down,IDFC,12,4,0,2,0.814,1
txn_001425,732.48,UPI,wrong_otp,ICICI,1,2,0,3,0.601,0
txn_001426,1070.58,UPI,wrong_otp,SBI,23,0,0,0,0.941,0
txn_001427,631.13,Netbanking,wrong_otp,HDFC,7,5,1,1,0.785,1
txn_001428,596.95,Debit Card,insufficient_funds,ICICI,4,6,1,0,0.737,1
txn_001429,3014.9,UPI,risk_flagged,Kotak,18,1,0,0,0.754,1
txn_001430,75.22,Debit Card,expired_card,ICICI,10,6,1,1,0.757,0
txn_001431,1169.32,Credit Card,risk_flagged,Axis,20,1,0,0,0.931,0
txn_001432,3125.38,UPI,network_timeout,IDFC,6,1,0,1,0.757,1
txn_001433,901.23,UPI,bank_server_down,Kotak,19,3,0,1,0.628,1
txn_001434,468.09,Credit Card,wrong_otp,Yes Bank,6,2,0,0,0.862,0
txn_001435,278.31,UPI,insufficient_funds,IDFC,10,1,0,0,0.73,0
txn_001436,323.52,Wallet,bank_server_down,HDFC,1,6,1,0,0.842,1
txn_001437,828.79,Credit Card,expired_card,HDFC,17,3,0,1,0.777,0
txn_001438,506.62,UPI,insufficient_funds,Axis,5,6,1,0,0.5,0
txn_001439,874.27,Credit Card,insufficient_funds,IDFC,15,2,0,0,0.839,0
txn_001440,503.21,Debit Card,card_declined,SBI,20,1,0,1,0.953,0
txn_001441,415.74,Debit Card,bank_server_down,SBI,14,2,0,0,0.685,1
txn_001442,824.34,UPI,insufficient_funds,HDFC,23,1,0,0,0.972,1
txn_001443,2507.67,UPI,bank_server_down,ICICI,6,4,0,1,0.835,1
txn_001444,2443.28,UPI,insufficient_funds,Yes Bank,1,2,0,0,0.576,0
txn_001445,327.09,UPI,network_timeout,HDFC,15,5,1,1,0.855,1
txn_001446,342.21,Credit Card,card_declined,IDFC,22,5,1,0,0.401,0
txn_001447,444.26,Debit Card,card_declined,Kotak,21,3,0,0,0.726,0
txn_001448,907.81,UPI,insufficient_funds,Axis,9,0,0,0,0.925,0
txn_001449,345.48,UPI,bank_server_down,HDFC,0,4,0,0,0.871,1
txn_001450,507.99,Credit Card,wrong_otp,Axis,11,5,1,1,0.614,1
txn_001451,532.42,UPI,network_timeout,ICICI,22,5,1,2,0.984,1
txn_001452,306.53,UPI,wrong_otp,Axis,16,3,0,1,0.595,0
txn_001453,2307.27,UPI,card_declined,Kotak,13,4,0,1,0.91,0
txn_001454,685.1,Credit Card,insufficient_funds,Kotak,17,4,0,0,0.414,0
txn_001455,392.45,UPI,risk_flagged,HDFC,20,3,0,0,0.753,1
txn_001456,437.52,Debit Card,risk_flagged,Yes Bank,18,2,0,0,0.952,0
txn_001457,579.47,UPI,card_declined,HDFC,13,5,1,0,0.897,1
txn_001458,838.04,UPI,network_timeout,Axis,9,1,0,2,0.43,1
txn_001459,1592.65,UPI,bank_server_down,HDFC,14,1,0,1,0.725,1
txn_001460,667.32,Debit Card,bank_server_down,ICICI,10,1,0,1,0.49,1
txn_001461,335.86,UPI,insufficient_funds,IDFC,23,1,0,0,0.723,0
txn_001462,539.79,UPI,wrong_otp,SBI,1,3,0,0,0.331,0
txn_001463,125.39,UPI,network_timeout,Kotak,4,6,1,1,0.871,1
txn_001464,253.41,UPI,expired_card,SBI,11,2,0,0,0.924,0
txn_001465,224.55,UPI,card_declined,SBI,0,0,0,2,0.889,0
txn_001466,458.05,Credit Card,card_declined,SBI,17,2,0,1,0.729,1
txn_001467,281.46,Credit Card,network_timeout,Axis,1,4,0,1,0.546,1
txn_001468,798.72,Netbanking,network_timeout,SBI,13,3,0,0,0.606,1
txn_001469,2331.53,Debit Card,insufficient_funds,ICICI,18,5,1,0,0.858,1
txn_001470,928.78,Netbanking,bank_server_down,Yes Bank,21,3,0,0,0.786,1
txn_001471,112.14,Debit Card,card_declined,Yes Bank,18,5,1,1,0.867,1
txn_001472,488.6,Debit Card,network_timeout,Axis,16,3,0,4,0.891,0
txn_001473,256.06,UPI,wrong_otp,SBI,1,5,1,0,0.732,1
txn_001474,441.46,Debit Card,wrong_otp,Kotak,6,6,1,0,0.596,0
txn_001475,90.68,Netbanking,insufficient_funds,Axis,5,5,1,1,0.767,0
txn_001476,487.53,Credit Card,insufficient_funds,Yes Bank,3,0,0,2,0.842,0
txn_001477,597.51,Netbanking,wrong_otp,HDFC,14,1,0,2,0.892,0
txn_001478,1985.78,Debit Card,bank_server_down,HDFC,21,3,0,0,0.484,1
txn_001479,617.19,Credit Card,risk_flagged,IDFC,9,0,0,2,0.775,0
txn_001480,762.74,Debit Card,risk_flagged,Yes Bank,18,4,0,1,0.932,0
txn_001481,233.49,Netbanking,insufficient_funds,IDFC,7,2,0,1,0.832,0
txn_001482,97.2,Debit Card,network_timeout,IDFC,16,3,0,1,0.875,1
txn_001483,361.83,UPI,network_timeout,SBI,16,6,1,1,0.784,1
txn_001484,416.74,Debit Card,bank_server_down,ICICI,19,2,0,0,0.938,1
txn_001485,205.73,Debit Card,network_timeout,Yes Bank,18,1,0,0,0.55,0
txn_001486,1189.6,UPI,network_timeout,HDFC,21,6,1,2,0.837,1
txn_001487,1516.35,Netbanking,card_declined,ICICI,13,0,0,1,0.881,1
txn_001488,548.51,UPI,card_declined,SBI,14,5,1,0,0.869,1
txn_001489,1021.08,Netbanking,network_timeout,Kotak,22,2,0,1,0.722,0
txn_001490,1487.4,UPI,card_declined,Kotak,14,6,1,0,0.81,1
txn_001491,1797.96,Wallet,card_declined,Axis,15,5,1,1,0.916,1
txn_001492,100.21,Debit Card,card_declined,SBI,1,0,0,0,0.503,0
txn_001493,326.82,Credit Card,insufficient_funds,Yes Bank,17,2,0,1,0.75,1
txn_001494,2089.45,UPI,insufficient_funds,Yes Bank,7,2,0,2,0.847,0
txn_001495,1642.45,UPI,bank_server_down,Kotak,22,3,0,0,0.57,1
txn_001496,378.22,Debit Card,bank_server_down,SBI,18,5,1,0,0.748,0
txn_001497,1301.75,Debit Card,insufficient_funds,Axis,12,5,1,1,0.654,0
txn_001498,682.37,Debit Card,risk_flagged,IDFC,6,4,0,0,0.763,0
txn_001499,2445.29,Netbanking,wrong_otp,IDFC,4,4,0,1,0.974,0
txn_001500,145.51,UPI,insufficient_funds,ICICI,10,1,0,0,0.628,1
txn_001501,843.03,Credit Card,card_declined,HDFC,18,3,0,0,0.648,1
txn_001502,1565.02,Credit Card,card_declined,Axis,0,5,1,0,0.86,1
txn_001503,218.96,UPI,network_timeout,Axis,21,3,0,0,0.803,1
txn_001504,865.34,Debit Card,network_timeout,IDFC,11,4,0,0,0.674,0
txn_001505,323.57,Netbanking,insufficient_funds,Yes Bank,4,0,0,2,0.301,0
txn_001506,1103.08,Debit Card,insufficient_funds,IDFC,6,6,1,0,0.754,0
txn_001507,327.6,Debit Card,insufficient_funds,Kotak,5,2,0,0,0.618,0
txn_001508,476.36,Debit Card,insufficient_funds,SBI,14,5,1,1,0.825,0
txn_001509,278.48,UPI,insufficient_funds,ICICI,19,1,0,0,0.587,0
txn_001510,223.47,Credit Card,wrong_otp,Kotak,22,4,0,1,0.434,0
txn_001511,211.32,Credit Card,risk_flagged,ICICI,16,4,0,1,0.806,1
txn_001512,51.04,Wallet,network_timeout,HDFC,20,1,0,1,0.795,1
txn_001513,666.15,UPI,insufficient_funds,Kotak,3,4,0,0,0.776,1
txn_001514,369.02,UPI,bank_server_down,SBI,10,3,0,3,0.577,1
txn_001515,463.71,UPI,bank_server_down,Kotak,21,0,0,0,0.706,1
txn_001516,3827.26,Debit Card,network_timeout,ICICI,8,2,0,1,0.553,1
txn_001517,811.3,Wallet,network_timeout,IDFC,0,5,1,1,0.829,1
txn_001518,788.95,UPI,bank_server_down,IDFC,7,1,0,0,0.747,1
txn_001519,1840.06,UPI,network_timeout,Axis,5,3,0,2,0.931,0
txn_001520,1439.21,Netbanking,network_timeout,Kotak,12,6,1,0,0.799,1
txn_001521,42.33,Debit Card,insufficient_funds,Kotak,6,6,1,0,0.943,1
txn_001522,53.63,UPI,network_timeout,IDFC,9,3,0,0,0.611,1
txn_001523,480.19,Debit Card,expired_card,HDFC,5,6,1,1,0.793,0
txn_001524,168.81,UPI,bank_server_down,Axis,19,1,0,1,0.621,1
txn_001525,288.12,Debit Card,expired_card,HDFC,6,6,1,3,0.862,0
txn_001526,672.61,Netbanking,insufficient_funds,Axis,4,0,0,1,0.43,0
txn_001527,4712.8,UPI,card_declined,Yes Bank,12,4,0,0,0.494,1
txn_001528,276.09,Debit Card,insufficient_funds,Kotak,2,1,0,0,0.783,0
txn_001529,411.68,UPI,card_declined,SBI,4,1,0,0,0.727,1
txn_001530,727.78,UPI,expired_card,Yes Bank,12,3,0,1,0.845,0
txn_001531,291.61,Wallet,bank_server_down,IDFC,7,0,0,1,0.698,0
txn_001532,1037.09,Debit Card,insufficient_funds,ICICI,22,3,0,1,0.803,0
txn_001533,220.07,Debit Card,wrong_otp,Axis,22,1,0,1,0.576,1
txn_001534,543.56,Netbanking,wrong_otp,IDFC,15,6,1,3,0.663,1
txn_001535,614.54,Debit Card,wrong_otp,ICICI,4,5,1,0,0.91,0
txn_001536,65.88,Debit Card,risk_flagged,HDFC,4,5,1,1,0.702,0
txn_001537,1367.15,Debit Card,network_timeout,ICICI,17,5,1,0,0.821,1
txn_001538,2243.68,Wallet,card_declined,HDFC,0,5,1,0,0.717,1
txn_001539,1167.92,Credit Card,card_declined,Axis,23,2,0,1,0.628,0
txn_001540,1153.57,Netbanking,network_timeout,Axis,8,6,1,0,0.606,1
txn_001541,5852.73,UPI,insufficient_funds,ICICI,16,3,0,0,0.761,1
txn_001542,172.16,UPI,insufficient_funds,Kotak,17,0,0,1,0.827,0
txn_001543,257.23,UPI,network_timeout,Kotak,5,4,0,1,0.922,0
txn_001544,2136.23,UPI,expired_card,HDFC,7,0,0,3,0.456,0
txn_001545,436.31,Credit Card,wrong_otp,ICICI,7,3,0,0,0.735,0
txn_001546,609.94,Debit Card,card_declined,ICICI,15,4,0,0,0.924,1
txn_001547,535.5,UPI,expired_card,IDFC,11,6,1,1,0.774,0
txn_001548,331.98,Debit Card,insufficient_funds,ICICI,18,1,0,1,0.708,0
txn_001549,1333.26,Wallet,card_declined,Kotak,3,3,0,1,0.322,1
txn_001550,1043.38,UPI,network_timeout,Axis,10,4,0,1,0.817,1
txn_001551,443.7,Netbanking,insufficient_funds,ICICI,14,2,0,1,0.483,0
txn_001552,390.13,Debit Card,insufficient_funds,Axis,0,1,0,1,0.932,0
txn_001553,739.92,UPI,network_timeout,HDFC,4,3,0,0,0.686,0
txn_001554,569.18,Debit Card,card_declined,ICICI,1,6,1,0,0.736,0
txn_001555,569.64,Credit Card,network_timeout,IDFC,10,6,1,0,0.794,1
txn_001556,298.31,UPI,insufficient_funds,HDFC,7,6,1,1,0.806,0
txn_001557,1902.88,Wallet,bank_server_down,ICICI,9,3,0,0,0.831,1
txn_001558,1026.02,UPI,insufficient_funds,IDFC,1,1,0,0,0.85,1
txn_001559,1281.72,Debit Card,wrong_otp,SBI,10,5,1,0,0.668,0
txn_001560,1442.86,Credit Card,insufficient_funds,IDFC,13,3,0,0,0.823,0
txn_001561,1932.57,Debit Card,expired_card,Yes Bank,7,5,1,0,0.819,0
txn_001562,1444.34,UPI,network_timeout,SBI,18,4,0,2,0.927,0
txn_001563,146.39,Credit Card,bank_server_down,SBI,22,4,0,1,0.507,1
txn_001564,646.86,UPI,risk_flagged,Axis,9,2,0,2,0.73,1
txn_001565,1093.77,Credit Card,wrong_otp,Kotak,8,6,1,1,0.632,1
txn_001566,239.65,Debit Card,insufficient_funds,Yes Bank,18,4,0,0,0.513,0
txn_001567,1203.64,UPI,wrong_otp,ICICI,12,4,0,0,0.548,0
txn_001568,919.17,Netbanking,wrong_otp,Kotak,9,3,0,0,0.809,1
txn_001569,1047.61,Debit Card,insufficient_funds,HDFC,21,0,0,1,0.647,1
txn_001570,148.06,UPI,wrong_otp,SBI,17,4,0,0,0.698,0
txn_001571,872.78,UPI,network_timeout,Axis,0,2,0,2,0.683,1
txn_001572,2816.59,Debit Card,bank_server_down,IDFC,16,4,0,1,0.88,1
txn_001573,867.97,Netbanking,risk_flagged,Yes Bank,15,2,0,1,0.825,0
txn_001574,353.13,Credit Card,wrong_otp,Yes Bank,17,6,1,0,0.842,0
txn_001575,2761.88,Debit Card,bank_server_down,SBI,17,0,0,1,0.957,1
txn_001576,2298.1,UPI,card_declined,ICICI,7,2,0,1,0.64,1
txn_001577,387.72,UPI,wrong_otp,HDFC,8,2,0,0,0.641,0
txn_001578,630.64,Debit Card,insufficient_funds,Yes Bank,23,4,0,1,0.622,0
txn_001579,357.59,UPI,insufficient_funds,ICICI,8,0,0,1,0.682,1
txn_001580,304.46,UPI,network_timeout,ICICI,9,1,0,1,0.892,0
txn_001581,9474.05,UPI,network_timeout,ICICI,14,0,0,1,0.704,0
txn_001582,1275.87,UPI,wrong_otp,IDFC,15,4,0,3,0.83,0
txn_001583,2123.79,Netbanking,insufficient_funds,SBI,4,6,1,0,0.583,0
txn_001584,285.65,UPI,network_timeout,Kotak,0,0,0,1,0.537,1
txn_001585,796.14,Credit Card,insufficient_funds,ICICI,3,1,0,0,0.983,1
txn_001586,2590.93,Debit Card,bank_server_down,Kotak,22,6,1,2,0.826,1
txn_001587,1011.17,UPI,wrong_otp,SBI,19,3,0,1,0.69,0
txn_001588,517.6,Debit Card,network_timeout,SBI,2,1,0,1,0.913,1
txn_001589,2700.46,Wallet,network_timeout,SBI,1,5,1,1,0.875,1
txn_001590,320.07,Wallet,network_timeout,Axis,21,2,0,0,0.81,1
txn_001591,1071.81,Credit Card,card_declined,IDFC,0,6,1,0,0.72,0
txn_001592,397.65,Credit Card,wrong_otp,HDFC,6,0,0,2,0.782,0
txn_001593,469.23,Wallet,wrong_otp,SBI,10,1,0,0,0.567,0
txn_001594,1038.29,Netbanking,network_timeout,IDFC,7,6,1,0,0.782,1
txn_001595,460.9,Wallet,bank_server_down,Axis,21,5,1,1,0.46,1
txn_001596,1956.38,UPI,insufficient_funds,Kotak,5,0,0,1,0.511,0
txn_001597,406.05,Debit Card,insufficient_funds,ICICI,13,6,1,0,0.533,0
txn_001598,572.89,Debit Card,wrong_otp,ICICI,21,0,0,2,0.322,0
txn_001599,155.9,UPI,bank_server_down,Kotak,16,2,0,0,0.522,0
txn_001600,405.09,UPI,network_timeout,Yes Bank,1,5,1,1,0.897,0
txn_001601,2479.45,UPI,insufficient_funds,Axis,6,2,0,1,0.365,0
txn_001602,336.69,UPI,card_declined,Kotak,18,6,1,1,0.717,1
txn_001603,297.96,Credit Card,card_declined,Axis,19,2,0,0,0.86,0
txn_001604,771.69,Netbanking,bank_server_down,IDFC,3,5,1,0,0.764,1
txn_001605,1513.97,UPI,insufficient_funds,Axis,6,5,1,1,0.902,0
txn_001606,288.77,Debit Card,network_timeout,SBI,3,0,0,2,0.611,0
txn_001607,182.77,UPI,card_declined,SBI,20,2,0,0,0.935,1
txn_001608,733.82,Netbanking,expired_card,IDFC,4,6,1,1,0.865,0
txn_001609,463.07,Debit Card,card_declined,Kotak,22,0,0,0,0.532,0
txn_001610,564.01,Debit Card,wrong_otp,IDFC,22,2,0,1,0.641,1
txn_001611,153.23,UPI,insufficient_funds,Kotak,21,4,0,0,0.936,1
txn_001612,914.01,UPI,risk_flagged,HDFC,7,5,1,1,0.665,0
txn_001613,430.09,UPI,insufficient_funds,IDFC,21,3,0,1,0.904,1
txn_001614,134.67,Debit Card,risk_flagged,IDFC,4,3,0,1,0.687,0
txn_001615,989.37,UPI,insufficient_funds,Yes Bank,20,3,0,0,0.504,0
txn_001616,1226.31,Credit Card,expired_card,Kotak,14,0,0,1,0.946,0
txn_001617,2980.58,UPI,insufficient_funds,SBI,5,3,0,2,0.755,0
txn_001618,4167.22,UPI,card_declined,ICICI,18,6,1,1,0.709,1
txn_001619,621.56,UPI,bank_server_down,IDFC,21,1,0,0,0.949,1
txn_001620,374.66,UPI,risk_flagged,Kotak,22,6,1,2,0.848,0
txn_001621,1494.85,UPI,network_timeout,HDFC,9,3,0,0,0.672,1
txn_001622,388.96,Credit Card,risk_flagged,IDFC,9,0,0,1,0.837,0
txn_001623,1348.42,UPI,bank_server_down,SBI,22,5,1,0,0.842,1
txn_001624,551.37,Debit Card,risk_flagged,ICICI,16,1,0,0,0.712,0
txn_001625,676.35,UPI,bank_server_down,SBI,5,2,0,0,0.55,1
txn_001626,1805.91,UPI,bank_server_down,HDFC,6,6,1,0,0.775,1
txn_001627,320.92,Credit Card,card_declined,Yes Bank,1,6,1,0,0.839,1
txn_001628,622.23,Credit Card,network_timeout,SBI,16,1,0,0,0.618,0
txn_001629,797.04,Credit Card,bank_server_down,SBI,20,0,0,0,0.918,1
txn_001630,372.91,UPI,insufficient_funds,HDFC,2,6,1,0,0.415,0
txn_001631,803.07,UPI,wrong_otp,Yes Bank,4,3,0,1,0.984,0
txn_001632,264.32,UPI,bank_server_down,Axis,14,5,1,2,0.613,0
txn_001633,246.98,Netbanking,network_timeout,Kotak,17,1,0,0,0.692,0
txn_001634,915.82,UPI,risk_flagged,HDFC,20,4,0,2,0.667,1
txn_001635,685.99,UPI,wrong_otp,HDFC,8,0,0,2,0.811,0
txn_001636,379.51,UPI,wrong_otp,Axis,23,4,0,1,0.579,0
txn_001637,1493.76,UPI,insufficient_funds,Axis,18,5,1,2,0.922,0
txn_001638,861.64,UPI,insufficient_funds,Yes Bank,10,6,1,1,0.72,1
txn_001639,230.58,UPI,card_declined,Kotak,21,4,0,0,0.719,0
txn_001640,828.47,UPI,network_timeout,SBI,5,2,0,0,0.82,0
txn_001641,87.63,UPI,bank_server_down,Kotak,13,4,0,0,0.453,0
txn_001642,414.89,UPI,risk_flagged,IDFC,16,0,0,0,0.642,0
txn_001643,7609.6,Wallet,insufficient_funds,IDFC,21,6,1,0,0.52,0
txn_001644,306.52,UPI,card_declined,Axis,18,4,0,0,0.684,1
txn_001645,464.73,Credit Card,network_timeout,SBI,18,0,0,1,0.706,1
txn_001646,832.82,UPI,card_declined,Kotak,19,3,0,1,0.494,0
txn_001647,354.72,UPI,insufficient_funds,SBI,18,1,0,0,0.714,0
txn_001648,5473.06,UPI,bank_server_down,Axis,23,6,1,3,0.62,1
txn_001649,859.34,UPI,card_declined,ICICI,2,2,0,0,0.773,1
txn_001650,1244.44,Debit Card,expired_card,Axis,16,6,1,1,0.944,0
txn_001651,1820.06,UPI,insufficient_funds,Yes Bank,2,2,0,1,0.633,0
txn_001652,1529.38,Netbanking,network_timeout,Kotak,13,3,0,1,0.739,1
txn_001653,111.25,UPI,risk_flagged,Kotak,18,0,0,2,0.702,0
txn_001654,1238.63,Debit Card,insufficient_funds,SBI,17,4,0,1,0.708,0
txn_001655,851.9,Credit Card,network_timeout,Yes Bank,22,3,0,3,0.473,0
txn_001656,4888.96,Debit Card,card_declined,Axis,20,2,0,1,0.656,1
txn_001657,938.36,Credit Card,risk_flagged,Axis,4,5,1,1,0.802,1
txn_001658,803.28,Credit Card,card_declined,Kotak,15,4,0,1,0.847,0
txn_001659,662.75,UPI,card_declined,Axis,14,2,0,1,0.667,1
txn_001660,532.83,Wallet,insufficient_funds,Kotak,12,0,0,0,0.72,1
txn_001661,1072.77,Debit Card,wrong_otp,Axis,13,6,1,1,0.884,1
txn_001662,2812.62,UPI,insufficient_funds,HDFC,10,6,1,2,0.619,0
txn_001663,312.61,Credit Card,bank_server_down,Kotak,0,1,0,1,0.893,1
txn_001664,1573.76,UPI,card_declined,SBI,21,1,0,0,0.648,1
txn_001665,1704.73,Credit Card,network_timeout,Kotak,15,3,0,0,0.527,1
txn_001666,3260.58,Debit Card,network_timeout,ICICI,0,2,0,3,0.747,0
txn_001667,4009.25,Debit Card,network_timeout,Yes Bank,15,5,1,1,0.841,1
txn_001668,294.12,UPI,network_timeout,HDFC,21,0,0,0,0.439,1
txn_001669,405.6,Debit Card,bank_server_down,ICICI,13,2,0,1,0.722,1
txn_001670,337.17,UPI,network_timeout,Kotak,1,0,0,1,0.803,1
txn_001671,6179.96,Debit Card,risk_flagged,Kotak,16,4,0,1,0.502,0
txn_001672,131.21,Credit Card,insufficient_funds,SBI,23,5,1,1,0.455,1
txn_001673,56.92,Debit Card,bank_server_down,ICICI,5,1,0,0,0.643,0
txn_001674,326.32,Debit Card,bank_server_down,Axis,2,0,0,1,0.655,0
txn_001675,102.94,Credit Card,card_declined,HDFC,15,3,0,0,0.607,1
txn_001676,1080.95,UPI,wrong_otp,ICICI,23,6,1,0,0.419,1
txn_001677,853.83,UPI,insufficient_funds,Yes Bank,22,0,0,0,0.642,1
txn_001678,2687.77,UPI,network_timeout,ICICI,4,3,0,0,0.815,1
txn_001679,247.85,UPI,insufficient_funds,IDFC,20,2,0,0,0.874,0
txn_001680,1962.45,Debit Card,card_declined,Axis,9,6,1,0,0.847,0
txn_001681,1342.03,Credit Card,insufficient_funds,Kotak,7,5,1,0,0.419,0
txn_001682,1865.75,Credit Card,insufficient_funds,IDFC,17,0,0,0,0.855,1
txn_001683,509.46,UPI,insufficient_funds,ICICI,10,5,1,1,0.896,0
txn_001684,440.86,UPI,insufficient_funds,Kotak,9,3,0,1,0.811,1
txn_001685,1531.3,UPI,expired_card,Axis,15,1,0,2,0.857,0
txn_001686,2422.15,Credit Card,insufficient_funds,Kotak,15,5,1,0,0.693,1
txn_001687,331.68,UPI,network_timeout,Axis,1,4,0,1,0.836,0
txn_001688,1551.1,Debit Card,card_declined,Kotak,6,5,1,0,0.793,0
txn_001689,830.86,Netbanking,insufficient_funds,ICICI,11,3,0,0,0.518,1
txn_001690,108.77,UPI,bank_server_down,Yes Bank,11,1,0,1,0.821,1
txn_001691,335.77,UPI,insufficient_funds,SBI,4,6,1,0,0.892,0
txn_001692,273.15,UPI,insufficient_funds,Kotak,20,3,0,1,0.896,0
txn_001693,88.42,UPI,risk_flagged,Yes Bank,17,1,0,1,0.826,0
txn_001694,230.85,UPI,card_declined,ICICI,12,4,0,1,0.576,0
txn_001695,985.78,Netbanking,network_timeout,HDFC,4,4,0,2,0.625,1
txn_001696,2350.25,UPI,wrong_otp,IDFC,13,3,0,0,0.865,0
txn_001697,478.92,Credit Card,insufficient_funds,Yes Bank,14,2,0,0,0.781,0
txn_001698,494.32,Debit Card,insufficient_funds,HDFC,21,3,0,1,0.468,0
txn_001699,357.07,Netbanking,network_timeout,IDFC,12,4,0,1,0.904,1
txn_001700,258.79,Credit Card,insufficient_funds,ICICI,12,4,0,0,0.775,0
txn_001701,56.85,Debit Card,network_timeout,Axis,11,4,0,0,0.879,0
txn_001702,1210.63,UPI,card_declined,IDFC,22,1,0,0,0.831,0
txn_001703,1458.41,Credit Card,bank_server_down,Kotak,10,4,0,0,0.847,0
txn_001704,318.1,UPI,insufficient_funds,Kotak,8,0,0,1,0.391,0
txn_001705,580.42,UPI,insufficient_funds,HDFC,17,0,0,1,0.571,0
txn_001706,88.57,Credit Card,wrong_otp,Axis,16,4,0,1,0.917,1
txn_001707,386.39,Credit Card,card_declined,SBI,16,1,0,1,0.883,0
txn_001708,3811.98,Wallet,card_declined,Yes Bank,8,5,1,0,0.923,0
txn_001709,410.51,Credit Card,insufficient_funds,ICICI,18,2,0,1,0.802,0
txn_001710,823.35,Credit Card,wrong_otp,Axis,14,0,0,0,0.487,1
txn_001711,191.29,Debit Card,network_timeout,ICICI,22,3,0,0,0.793,1
txn_001712,256.03,UPI,bank_server_down,SBI,3,2,0,0,0.649,0
txn_001713,1313.23,Credit Card,insufficient_funds,HDFC,7,5,1,1,0.317,1
txn_001714,498.21,Debit Card,card_declined,Axis,8,0,0,1,0.497,0
txn_001715,57.57,Credit Card,card_declined,HDFC,10,2,0,0,0.721,1
txn_001716,88.95,UPI,insufficient_funds,Yes Bank,23,4,0,0,0.569,0
txn_001717,519.8,Wallet,insufficient_funds,SBI,0,1,0,1,0.57,1
txn_001718,727.69,Netbanking,insufficient_funds,HDFC,21,5,1,1,0.618,1
txn_001719,178.13,Netbanking,network_timeout,Yes Bank,8,1,0,0,0.599,0
txn_001720,689.8,UPI,insufficient_funds,SBI,2,2,0,2,0.257,0
txn_001721,1177.83,UPI,wrong_otp,Kotak,12,4,0,1,0.693,1
txn_001722,557.07,Netbanking,network_timeout,HDFC,23,2,0,1,0.308,0
txn_001723,2200.11,Debit Card,insufficient_funds,Yes Bank,9,6,1,0,0.426,1
txn_001724,328.25,Credit Card,bank_server_down,Yes Bank,1,4,0,0,0.865,1
txn_001725,777.07,UPI,bank_server_down,Axis,14,0,0,1,0.767,1
txn_001726,767.55,Debit Card,risk_flagged,Axis,19,5,1,0,0.534,0
txn_001727,65.66,UPI,wrong_otp,Yes Bank,17,2,0,1,0.931,0
txn_001728,310.45,UPI,card_declined,Yes Bank,14,5,1,0,0.731,1
txn_001729,137.96,UPI,insufficient_funds,ICICI,22,1,0,2,0.55,0
txn_001730,580.05,Debit Card,bank_server_down,Kotak,11,1,0,2,0.611,1
txn_001731,1438.74,UPI,insufficient_funds,Yes Bank,0,6,1,0,0.877,1
txn_001732,146.14,Credit Card,insufficient_funds,Kotak,3,1,0,2,0.971,0
txn_001733,644.56,UPI,insufficient_funds,SBI,22,5,1,0,0.672,1
txn_001734,2526.23,UPI,risk_flagged,Axis,11,0,0,1,0.825,0
txn_001735,947.16,Wallet,bank_server_down,SBI,8,4,0,1,0.569,1
txn_001736,1188.6,Wallet,insufficient_funds,IDFC,21,2,0,0,0.505,0
txn_001737,568.7,Debit Card,wrong_otp,Axis,16,3,0,2,0.611,1
txn_001738,245.49,Credit Card,bank_server_down,Kotak,11,6,1,1,0.69,0
txn_001739,288.82,Credit Card,bank_server_down,ICICI,11,3,0,2,0.751,1
txn_001740,1033.39,Netbanking,bank_server_down,Yes Bank,4,0,0,1,0.65,0
txn_001741,322.25,Debit Card,risk_flagged,Yes Bank,4,3,0,1,0.687,0
txn_001742,201.44,UPI,bank_server_down,IDFC,8,1,0,0,0.863,1
txn_001743,520.09,Debit Card,network_timeout,SBI,21,0,0,1,0.782,1
txn_001744,309.3,UPI,insufficient_funds,SBI,22,1,0,1,0.837,0
txn_001745,244.7,UPI,card_declined,Yes Bank,18,2,0,1,0.76,0
txn_001746,198.42,Debit Card,network_timeout,Yes Bank,6,2,0,0,0.629,0
txn_001747,579.59,Wallet,expired_card,HDFC,3,5,1,0,0.716,0
txn_001748,322.53,Credit Card,network_timeout,Yes Bank,18,3,0,0,0.648,0
txn_001749,689.6,Netbanking,network_timeout,SBI,10,3,0,0,0.97,1
txn_001750,2017.01,Debit Card,insufficient_funds,IDFC,2,0,0,0,0.76,0
txn_001751,694.3,UPI,insufficient_funds,IDFC,17,1,0,3,0.882,0
txn_001752,313.92,UPI,bank_server_down,IDFC,11,2,0,0,0.817,1
txn_001753,479.13,UPI,insufficient_funds,SBI,11,3,0,1,0.55,0
txn_001754,1986.73,UPI,card_declined,ICICI,18,0,0,0,0.796,1
txn_001755,196.27,Credit Card,insufficient_funds,Axis,8,5,1,1,0.484,0
txn_001756,1947.4,Netbanking,wrong_otp,Kotak,0,1,0,1,0.681,1
txn_001757,248.79,Debit Card,wrong_otp,IDFC,16,0,0,0,0.587,1
txn_001758,838.37,UPI,insufficient_funds,IDFC,7,1,0,0,0.489,1
txn_001759,162.84,Credit Card,bank_server_down,ICICI,21,6,1,0,0.691,0
txn_001760,605.73,Credit Card,bank_server_down,ICICI,23,2,0,0,0.678,1
txn_001761,137.12,UPI,insufficient_funds,Axis,14,3,0,0,0.973,0
txn_001762,706.76,Debit Card,wrong_otp,ICICI,22,6,1,1,0.782,0
txn_001763,1291.5,Credit Card,risk_flagged,Axis,23,0,0,0,0.929,0
txn_001764,538.16,UPI,bank_server_down,Axis,8,4,0,0,0.817,1
txn_001765,69.66,UPI,insufficient_funds,ICICI,0,0,0,0,0.952,0
txn_001766,338.5,Credit Card,insufficient_funds,Kotak,10,0,0,0,0.467,0
txn_001767,668.16,Credit Card,card_declined,Axis,9,1,0,0,0.657,1
txn_001768,603.8,UPI,card_declined,Yes Bank,0,0,0,0,0.823,1
txn_001769,487.8,Credit Card,insufficient_funds,Kotak,4,1,0,2,0.845,0
txn_001770,288.2,Credit Card,insufficient_funds,Axis,19,2,0,0,0.764,0
txn_001771,879.11,UPI,card_declined,ICICI,7,2,0,0,0.912,1
txn_001772,4524.49,UPI,insufficient_funds,SBI,13,4,0,1,0.87,1
txn_001773,315.49,Credit Card,card_declined,ICICI,17,1,0,1,0.885,0
txn_001774,1088.25,UPI,insufficient_funds,HDFC,17,5,1,2,0.873,0
txn_001775,921.86,UPI,insufficient_funds,IDFC,5,0,0,0,0.832,1
txn_001776,1011.31,Debit Card,wrong_otp,SBI,15,3,0,3,0.696,0
txn_001777,211.1,UPI,bank_server_down,IDFC,17,5,1,1,0.899,1
txn_001778,209.28,Netbanking,bank_server_down,Axis,3,1,0,1,0.504,1
txn_001779,3271.0,Netbanking,bank_server_down,Yes Bank,7,0,0,1,0.63,1
txn_001780,527.58,Debit Card,insufficient_funds,Axis,10,3,0,0,0.877,0
txn_001781,510.97,UPI,insufficient_funds,Kotak,16,5,1,0,0.367,1
txn_001782,356.13,Credit Card,insufficient_funds,Axis,9,0,0,0,0.855,0
txn_001783,1972.22,UPI,network_timeout,Yes Bank,21,4,0,0,0.482,1
txn_001784,1281.52,UPI,insufficient_funds,HDFC,11,0,0,0,0.827,0
txn_001785,3430.97,UPI,insufficient_funds,Kotak,8,2,0,1,0.64,0
txn_001786,481.03,UPI,risk_flagged,Axis,19,4,0,2,0.272,0
txn_001787,418.3,UPI,card_declined,SBI,7,1,0,2,0.598,1
txn_001788,114.82,UPI,card_declined,SBI,5,4,0,1,0.753,0
txn_001789,1130.51,Debit Card,card_declined,Kotak,6,1,0,1,0.61,1
txn_001790,441.65,Debit Card,card_declined,SBI,18,4,0,0,0.612,0
txn_001791,2762.64,UPI,bank_server_down,SBI,14,2,0,0,0.873,1
txn_001792,2272.12,Debit Card,insufficient_funds,HDFC,7,5,1,0,0.793,0
txn_001793,7423.28,Debit Card,expired_card,Yes Bank,3,0,0,0,0.69,0
txn_001794,2345.77,UPI,insufficient_funds,ICICI,8,0,0,0,0.706,0
txn_001795,940.18,Debit Card,card_declined,ICICI,9,0,0,2,0.677,0
txn_001796,3630.45,UPI,network_timeout,Kotak,20,2,0,1,0.642,1
txn_001797,1181.68,Debit Card,expired_card,Yes Bank,16,0,0,2,0.615,0
txn_001798,893.84,UPI,insufficient_funds,Axis,11,2,0,1,0.912,1
txn_001799,709.24,Debit Card,risk_flagged,Axis,20,5,1,0,0.551,0
txn_001800,5219.8,Credit Card,network_timeout,Yes Bank,23,6,1,2,0.426,1
txn_001801,3581.06,Debit Card,bank_server_down,Yes Bank,13,3,0,1,0.694,1
txn_001802,8603.28,Netbanking,risk_flagged,Yes Bank,14,3,0,3,0.528,0
txn_001803,1506.99,UPI,card_declined,Yes Bank,20,3,0,1,0.852,0
txn_001804,113.68,UPI,card_declined,ICICI,15,5,1,1,0.629,0
txn_001805,558.6,Netbanking,risk_flagged,Kotak,3,2,0,0,0.515,0
txn_001806,1282.88,Credit Card,risk_flagged,Kotak,11,2,0,1,0.877,0
txn_001807,2310.81,UPI,card_declined,Yes Bank,15,0,0,0,0.623,1
txn_001808,439.15,Debit Card,insufficient_funds,SBI,21,4,0,1,0.514,0
txn_001809,615.23,Credit Card,network_timeout,Yes Bank,12,4,0,1,0.717,0
txn_001810,160.7,UPI,wrong_otp,Yes Bank,15,2,0,1,0.789,1
txn_001811,370.45,Debit Card,insufficient_funds,Yes Bank,8,1,0,0,0.785,0
txn_001812,7557.56,Wallet,risk_flagged,HDFC,23,1,0,1,0.24,0
txn_001813,315.6,Netbanking,network_timeout,HDFC,20,1,0,2,0.839,0
txn_001814,688.78,UPI,insufficient_funds,Yes Bank,14,2,0,2,0.562,0
txn_001815,743.34,UPI,network_timeout,Axis,5,4,0,0,0.847,1
txn_001816,453.81,UPI,wrong_otp,IDFC,21,0,0,1,0.71,1
txn_001817,1935.49,Debit Card,card_declined,SBI,23,5,1,1,0.584,1
txn_001818,145.86,UPI,bank_server_down,HDFC,10,2,0,0,0.444,0
txn_001819,1644.28,Wallet,card_declined,ICICI,14,6,1,0,0.626,0
txn_001820,809.5,UPI,wrong_otp,SBI,18,4,0,1,0.641,1
txn_001821,426.16,Debit Card,insufficient_funds,Yes Bank,5,5,1,2,0.557,0
txn_001822,114.48,UPI,insufficient_funds,HDFC,13,4,0,0,0.648,1
txn_001823,6493.24,Debit Card,risk_flagged,HDFC,8,3,0,1,0.832,1
txn_001824,756.45,UPI,expired_card,Yes Bank,10,4,0,0,0.58,0
txn_001825,459.24,UPI,bank_server_down,HDFC,10,3,0,0,0.345,1
txn_001826,508.21,UPI,insufficient_funds,SBI,5,1,0,0,0.673,0
txn_001827,134.63,UPI,wrong_otp,IDFC,6,6,1,0,0.698,1
txn_001828,630.96,Netbanking,network_timeout,IDFC,15,3,0,2,0.625,1
txn_001829,156.45,UPI,card_declined,HDFC,13,1,0,2,0.58,1
txn_001830,252.61,UPI,risk_flagged,Axis,12,3,0,0,0.941,1
txn_001831,1300.69,Credit Card,card_declined,SBI,10,0,0,0,0.869,0
txn_001832,85.15,UPI,insufficient_funds,SBI,13,5,1,0,0.726,0
txn_001833,1802.55,Credit Card,insufficient_funds,ICICI,12,4,0,1,0.732,1
txn_001834,821.13,UPI,bank_server_down,SBI,1,2,0,0,0.733,1
txn_001835,489.63,UPI,insufficient_funds,ICICI,9,6,1,0,0.877,1
txn_001836,377.53,Credit Card,risk_flagged,ICICI,10,0,0,0,0.72,0
txn_001837,128.96,Credit Card,card_declined,Axis,8,6,1,1,0.782,0
txn_001838,326.62,Netbanking,insufficient_funds,HDFC,6,3,0,1,0.868,0
txn_001839,283.9,UPI,network_timeout,Axis,21,0,0,0,0.621,1
txn_001840,158.04,Credit Card,insufficient_funds,Kotak,3,2,0,4,0.6,0
txn_001841,649.52,Credit Card,risk_flagged,Kotak,23,0,0,0,0.846,1
txn_001842,773.31,Debit Card,network_timeout,Kotak,12,2,0,0,0.955,1
txn_001843,415.88,Debit Card,insufficient_funds,SBI,23,1,0,0,0.626,0
txn_001844,633.67,UPI,network_timeout,ICICI,22,5,1,1,0.658,1
txn_001845,239.43,Netbanking,insufficient_funds,Axis,22,2,0,1,0.729,0
txn_001846,258.25,UPI,card_declined,HDFC,2,0,0,1,0.904,1
txn_001847,1336.36,Debit Card,insufficient_funds,IDFC,12,5,1,1,0.871,1
txn_001848,60.46,UPI,card_declined,Axis,11,5,1,0,0.861,1
txn_001849,463.08,Credit Card,risk_flagged,ICICI,11,0,0,2,0.914,0
txn_001850,1269.12,Credit Card,bank_server_down,Axis,13,1,0,0,0.335,0
txn_001851,1726.06,Credit Card,insufficient_funds,ICICI,9,6,1,0,0.68,0
txn_001852,1075.63,UPI,bank_server_down,HDFC,22,1,0,1,0.743,0
txn_001853,142.48,Debit Card,network_timeout,Kotak,3,5,1,2,0.724,1
txn_001854,229.4,UPI,card_declined,HDFC,6,5,1,0,0.601,0
txn_001855,1143.97,UPI,bank_server_down,ICICI,21,3,0,0,0.64,0
txn_001856,1828.58,UPI,bank_server_down,HDFC,11,1,0,0,0.695,1
txn_001857,2035.87,UPI,network_timeout,Axis,7,3,0,1,0.839,1
txn_001858,511.38,Credit Card,bank_server_down,Axis,15,2,0,2,0.821,1
txn_001859,1033.76,UPI,bank_server_down,Axis,7,6,1,1,0.594,1
txn_001860,587.89,Netbanking,bank_server_down,Axis,10,0,0,0,0.892,1
txn_001861,286.17,UPI,bank_server_down,Yes Bank,12,5,1,1,0.445,0
txn_001862,1190.46,Debit Card,network_timeout,SBI,5,2,0,1,0.708,0
txn_001863,149.89,Debit Card,wrong_otp,Yes Bank,3,1,0,0,0.378,0
txn_001864,779.5,UPI,bank_server_down,ICICI,19,1,0,0,0.638,1
txn_001865,924.83,Debit Card,card_declined,ICICI,14,2,0,1,0.528,1
txn_001866,196.1,UPI,risk_flagged,Kotak,21,5,1,1,0.757,0
txn_001867,328.05,Debit Card,network_timeout,SBI,3,4,0,0,0.673,0
txn_001868,1463.91,Credit Card,wrong_otp,Axis,11,2,0,1,0.764,0
txn_001869,851.31,UPI,bank_server_down,HDFC,18,0,0,2,0.718,0
txn_001870,173.67,UPI,network_timeout,Kotak,12,6,1,1,0.919,0
txn_001871,312.85,UPI,bank_server_down,HDFC,19,0,0,1,0.858,1
txn_001872,98.54,UPI,network_timeout,Yes Bank,15,1,0,1,0.637,0
txn_001873,2120.83,Credit Card,insufficient_funds,HDFC,8,0,0,1,0.708,0
txn_001874,667.63,UPI,card_declined,Kotak,17,0,0,1,0.951,1
txn_001875,139.57,Netbanking,network_timeout,Yes Bank,1,4,0,1,0.94,0
txn_001876,735.53,Debit Card,insufficient_funds,SBI,5,3,0,2,0.894,0
txn_001877,940.25,Netbanking,card_declined,Yes Bank,5,4,0,0,0.869,1
txn_001878,582.63,Debit Card,insufficient_funds,SBI,22,5,1,1,0.778,0
txn_001879,293.9,Debit Card,network_timeout,IDFC,1,6,1,1,0.664,1
txn_001880,197.44,UPI,insufficient_funds,Axis,3,6,1,1,0.824,0
txn_001881,226.93,Netbanking,wrong_otp,SBI,7,4,0,0,0.293,1
txn_001882,2243.74,Netbanking,insufficient_funds,Yes Bank,2,1,0,1,0.764,0
txn_001883,278.14,UPI,wrong_otp,Yes Bank,0,0,0,0,0.843,1
txn_001884,1466.28,Debit Card,network_timeout,Axis,4,0,0,0,0.771,1
txn_001885,233.38,Debit Card,insufficient_funds,ICICI,2,6,1,2,0.699,0
txn_001886,64.45,Debit Card,card_declined,SBI,23,1,0,1,0.922,0
txn_001887,957.12,UPI,bank_server_down,ICICI,13,5,1,1,0.847,1
txn_001888,1233.78,Debit Card,wrong_otp,SBI,3,2,0,0,0.426,0
txn_001889,269.19,Netbanking,insufficient_funds,ICICI,16,4,0,1,0.882,1
txn_001890,207.57,UPI,wrong_otp,Kotak,8,1,0,1,0.77,0
txn_001891,5601.63,UPI,bank_server_down,HDFC,19,3,0,2,0.19,0
txn_001892,458.08,Debit Card,wrong_otp,Kotak,12,5,1,0,0.959,0
txn_001893,1467.15,UPI,network_timeout,IDFC,19,4,0,1,0.576,1
txn_001894,832.67,Netbanking,bank_server_down,IDFC,9,1,0,0,0.579,0
txn_001895,115.04,UPI,card_declined,IDFC,17,2,0,3,0.913,1
txn_001896,537.22,UPI,bank_server_down,Axis,17,2,0,2,0.835,1
txn_001897,126.85,Debit Card,bank_server_down,ICICI,6,3,0,0,0.751,1
txn_001898,731.62,Credit Card,expired_card,HDFC,10,1,0,0,0.471,0
txn_001899,1367.48,UPI,bank_server_down,Yes Bank,10,6,1,1,0.844,1
txn_001900,109.48,Netbanking,wrong_otp,HDFC,12,3,0,0,0.844,1
txn_001901,941.55,Debit Card,wrong_otp,SBI,4,3,0,0,0.735,0
txn_001902,534.42,Credit Card,insufficient_funds,HDFC,2,5,1,1,0.537,0
txn_001903,2112.15,Wallet,insufficient_funds,Axis,12,1,0,2,0.866,0
txn_001904,1433.21,UPI,card_declined,Kotak,18,1,0,0,0.771,0
txn_001905,1266.37,Netbanking,bank_server_down,Yes Bank,12,3,0,0,0.818,1
txn_001906,2412.67,UPI,card_declined,SBI,19,0,0,2,0.685,0
txn_001907,1862.96,Wallet,insufficient_funds,SBI,5,2,0,0,0.791,0
txn_001908,157.09,UPI,network_timeout,IDFC,5,2,0,0,0.821,1
txn_001909,1189.0,Credit Card,risk_flagged,Kotak,20,4,0,1,0.613,0
txn_001910,347.86,Wallet,network_timeout,HDFC,2,4,0,1,0.696,1
txn_001911,426.62,Wallet,insufficient_funds,HDFC,17,2,0,1,0.486,0
txn_001912,116.81,UPI,insufficient_funds,SBI,0,4,0,1,0.91,1
txn_001913,1021.56,UPI,card_declined,Axis,16,5,1,1,0.779,1
txn_001914,277.17,Credit Card,insufficient_funds,Kotak,5,1,0,0,0.714,0
txn_001915,220.34,UPI,bank_server_down,IDFC,4,4,0,1,0.63,1
txn_001916,2167.0,Credit Card,insufficient_funds,Yes Bank,19,4,0,1,0.79,0
txn_001917,703.69,Credit Card,network_timeout,Yes Bank,11,6,1,1,0.767,1
txn_001918,1242.8,Credit Card,card_declined,Yes Bank,19,4,0,0,0.571,0
txn_001919,749.37,UPI,insufficient_funds,Yes Bank,11,0,0,0,0.898,1
txn_001920,611.27,UPI,network_timeout,SBI,9,3,0,0,0.789,0
txn_001921,867.84,Wallet,card_declined,ICICI,19,2,0,0,0.817,1
txn_001922,824.99,Debit Card,card_declined,SBI,8,2,0,1,0.618,0
txn_001923,301.96,Debit Card,bank_server_down,Axis,6,0,0,1,0.726,1
txn_001924,167.12,Credit Card,card_declined,Axis,9,2,0,0,0.772,0
txn_001925,208.99,Debit Card,wrong_otp,SBI,17,5,1,2,0.571,0
txn_001926,868.38,Debit Card,card_declined,SBI,7,1,0,0,0.488,0
txn_001927,152.33,Debit Card,network_timeout,SBI,22,1,0,1,0.661,1
txn_001928,344.11,Credit Card,wrong_otp,Kotak,11,2,0,3,0.622,0
txn_001929,488.4,Credit Card,insufficient_funds,HDFC,19,4,0,0,0.663,0
txn_001930,259.25,UPI,insufficient_funds,Yes Bank,19,0,0,0,0.595,1
txn_001931,415.87,Credit Card,bank_server_down,IDFC,5,3,0,1,0.476,0
txn_001932,1257.51,Credit Card,expired_card,HDFC,12,4,0,0,0.834,1
txn_001933,161.85,UPI,risk_flagged,Axis,14,4,0,1,0.86,0
txn_001934,1526.72,Debit Card,card_declined,ICICI,2,0,0,0,0.777,0
txn_001935,679.19,UPI,network_timeout,IDFC,14,6,1,0,0.944,1
txn_001936,423.82,Wallet,insufficient_funds,Kotak,11,2,0,1,0.816,1
txn_001937,401.24,UPI,bank_server_down,SBI,16,2,0,2,0.956,1
txn_001938,602.79,Debit Card,network_timeout,Yes Bank,14,6,1,0,0.489,0
txn_001939,286.63,Debit Card,bank_server_down,Kotak,7,0,0,1,0.591,0
txn_001940,1187.61,Credit Card,risk_flagged,SBI,4,2,0,0,0.596,0
txn_001941,1238.4,Debit Card,insufficient_funds,ICICI,4,0,0,0,0.473,0
txn_001942,1017.06,Wallet,insufficient_funds,Axis,7,2,0,0,0.861,0
txn_001943,758.9,UPI,network_timeout,ICICI,3,1,0,0,0.7,1
txn_001944,609.59,UPI,risk_flagged,Axis,13,0,0,0,0.78,1
txn_001945,527.31,UPI,card_declined,Axis,0,0,0,0,0.935,1
txn_001946,3196.76,Debit Card,bank_server_down,ICICI,1,5,1,2,0.76,1
txn_001947,247.36,Netbanking,insufficient_funds,SBI,22,6,1,0,0.708,0
txn_001948,558.19,UPI,network_timeout,ICICI,21,6,1,1,0.504,1
txn_001949,1386.83,UPI,expired_card,Kotak,21,3,0,0,0.681,0
txn_001950,179.79,Netbanking,bank_server_down,SBI,15,4,0,0,0.858,0
txn_001951,1495.97,UPI,risk_flagged,Kotak,7,1,0,1,0.853,1
txn_001952,1923.05,Credit Card,card_declined,Axis,4,6,1,0,0.684,1
txn_001953,506.63,UPI,risk_flagged,Axis,0,5,1,1,0.7,0
txn_001954,823.26,UPI,bank_server_down,Yes Bank,10,0,0,0,0.775,1
txn_001955,1582.19,Credit Card,network_timeout,HDFC,6,5,1,0,0.636,0
txn_001956,1444.12,UPI,network_timeout,Axis,16,3,0,1,0.857,1
txn_001957,2190.21,UPI,risk_flagged,Yes Bank,2,0,0,0,0.683,0
txn_001958,1618.91,UPI,network_timeout,IDFC,3,1,0,1,0.758,1
txn_001959,526.54,UPI,card_declined,Yes Bank,22,1,0,0,0.486,1
txn_001960,685.95,UPI,card_declined,Yes Bank,5,5,1,0,0.743,0
txn_001961,488.64,UPI,bank_server_down,SBI,14,6,1,2,0.679,0
txn_001962,1163.63,Netbanking,card_declined,ICICI,21,6,1,1,0.585,0
txn_001963,104.48,Credit Card,card_declined,Kotak,19,5,1,0,0.745,0
txn_001964,2759.92,UPI,card_declined,Kotak,9,4,0,0,0.367,0
txn_001965,167.11,Debit Card,bank_server_down,SBI,3,1,0,0,0.781,0
txn_001966,1121.39,UPI,insufficient_funds,Axis,4,4,0,1,0.562,0
txn_001967,812.93,Credit Card,insufficient_funds,HDFC,15,3,0,0,0.965,1
txn_001968,1528.18,UPI,wrong_otp,ICICI,20,1,0,0,0.716,1
txn_001969,181.78,Credit Card,card_declined,ICICI,6,5,1,0,0.922,1
txn_001970,180.97,UPI,card_declined,IDFC,2,4,0,1,0.951,1
txn_001971,200.86,Debit Card,insufficient_funds,IDFC,22,2,0,0,0.728,0
txn_001972,271.52,UPI,network_timeout,SBI,5,4,0,0,0.859,0
txn_001973,546.86,UPI,card_declined,Axis,23,1,0,0,0.92,1
txn_001974,2112.33,Debit Card,card_declined,IDFC,12,3,0,0,0.698,0
txn_001975,845.95,Netbanking,bank_server_down,ICICI,0,6,1,0,0.478,1
txn_001976,337.14,UPI,card_declined,ICICI,13,3,0,1,0.899,0
txn_001977,2272.14,UPI,network_timeout,Kotak,21,1,0,1,0.818,1
txn_001978,434.96,Debit Card,network_timeout,SBI,1,2,0,1,0.571,1
txn_001979,386.03,UPI,network_timeout,SBI,20,5,1,0,0.842,0
txn_001980,560.65,Debit Card,network_timeout,Axis,5,2,0,0,0.675,1
txn_001981,345.99,Netbanking,insufficient_funds,Kotak,16,4,0,1,0.691,0
txn_001982,3225.11,Netbanking,wrong_otp,ICICI,17,4,0,1,0.737,0
txn_001983,1296.46,UPI,wrong_otp,HDFC,2,3,0,0,0.623,1
txn_001984,988.58,Debit Card,insufficient_funds,Axis,21,4,0,2,0.895,0
txn_001985,235.54,Credit Card,bank_server_down,ICICI,16,6,1,0,0.641,1
txn_001986,392.24,UPI,insufficient_funds,SBI,11,6,1,2,0.703,0
txn_001987,552.89,UPI,insufficient_funds,IDFC,4,2,0,2,0.951,0
txn_001988,528.04,Netbanking,wrong_otp,Axis,4,5,1,0,0.726,0
txn_001989,1533.45,Debit Card,wrong_otp,Kotak,1,0,0,3,0.743,0
txn_001990,2711.17,UPI,risk_flagged,Kotak,11,5,1,3,0.839,0
txn_001991,273.78,Netbanking,card_declined,Kotak,0,5,1,1,0.777,0
txn_001992,309.33,Credit Card,wrong_otp,ICICI,13,2,0,1,0.835,0
txn_001993,546.44,UPI,insufficient_funds,Kotak,13,1,0,0,0.474,0
txn_001994,1766.91,Credit Card,insufficient_funds,Axis,5,4,0,0,0.888,0
txn_001995,456.24,Credit Card,card_declined,IDFC,16,1,0,1,0.597,0
txn_001996,578.79,Credit Card,bank_server_down,SBI,2,5,1,1,0.723,0
txn_001997,237.04,Credit Card,insufficient_funds,Yes Bank,4,5,1,0,0.855,0
txn_001998,2216.92,Wallet,insufficient_funds,ICICI,11,1,0,2,0.958,1
txn_001999,800.89,UPI,card_declined,IDFC,4,6,1,3,0.764,0
txn_002000,36.57,Debit Card,network_timeout,Axis,6,5,1,0,0.817,1
txn_002001,396.83,UPI,insufficient_funds,HDFC,2,2,0,3,0.578,0
txn_002002,183.17,Debit Card,wrong_otp,SBI,9,0,0,1,0.855,0
txn_002003,822.48,Debit Card,insufficient_funds,ICICI,11,3,0,0,0.567,0
txn_002004,3221.22,Debit Card,card_declined,ICICI,19,5,1,1,0.362,0
txn_002005,1282.85,UPI,expired_card,SBI,12,5,1,0,0.446,1
txn_002006,308.73,Netbanking,insufficient_funds,ICICI,6,4,0,2,0.871,1
txn_002007,1022.54,UPI,insufficient_funds,SBI,23,6,1,0,0.796,1
txn_002008,1697.57,Netbanking,card_declined,IDFC,18,1,0,0,0.786,1
txn_002009,133.1,UPI,insufficient_funds,IDFC,14,0,0,0,0.531,1
txn_002010,704.84,UPI,card_declined,Kotak,6,1,0,0,0.607,0
txn_002011,762.41,Debit Card,risk_flagged,Axis,19,4,0,1,0.907,0
txn_002012,104.31,Credit Card,wrong_otp,SBI,0,6,1,1,0.508,0
txn_002013,836.61,Credit Card,card_declined,ICICI,21,4,0,1,0.938,1
txn_002014,420.3,Debit Card,card_declined,ICICI,9,3,0,2,0.296,0
txn_002015,329.46,Debit Card,insufficient_funds,ICICI,0,5,1,2,0.849,0
txn_002016,1161.87,Debit Card,card_declined,Kotak,10,4,0,2,0.414,0
txn_002017,724.13,UPI,card_declined,Yes Bank,21,4,0,1,0.82,0
txn_002018,277.21,Debit Card,bank_server_down,HDFC,6,1,0,0,0.837,1
txn_002019,765.52,Credit Card,bank_server_down,HDFC,15,6,1,0,0.814,0
txn_002020,451.5,UPI,bank_server_down,HDFC,22,5,1,0,0.78,1
txn_002021,2039.22,UPI,insufficient_funds,Kotak,0,3,0,0,0.635,0
txn_002022,1764.84,Credit Card,insufficient_funds,HDFC,18,4,0,1,0.768,0
txn_002023,1544.32,UPI,network_timeout,Axis,1,5,1,1,0.926,1
txn_002024,121.66,UPI,network_timeout,Kotak,20,3,0,0,0.896,1
txn_002025,93.07,Netbanking,network_timeout,HDFC,9,0,0,2,0.46,0
txn_002026,1657.62,Debit Card,network_timeout,HDFC,18,5,1,1,0.451,0
txn_002027,550.76,Netbanking,network_timeout,Axis,2,4,0,1,0.473,0
txn_002028,601.13,Debit Card,card_declined,HDFC,6,2,0,1,0.905,1
txn_002029,1026.89,Debit Card,insufficient_funds,IDFC,22,2,0,1,0.763,0
txn_002030,696.21,UPI,insufficient_funds,IDFC,16,1,0,0,0.806,0
txn_002031,1253.47,UPI,insufficient_funds,IDFC,20,4,0,0,0.835,1
txn_002032,2042.31,UPI,card_declined,Kotak,10,1,0,0,0.913,1
txn_002033,676.49,UPI,card_declined,HDFC,22,1,0,0,0.725,1
txn_002034,457.55,Credit Card,insufficient_funds,HDFC,15,6,1,1,0.503,1
txn_002035,5215.25,Debit Card,card_declined,Axis,5,5,1,0,0.825,1
txn_002036,292.36,UPI,network_timeout,Kotak,8,5,1,0,0.534,1
txn_002037,536.91,Netbanking,network_timeout,Yes Bank,19,2,0,1,0.801,1
txn_002038,581.74,UPI,insufficient_funds,Kotak,1,0,0,0,0.631,1
txn_002039,861.32,Credit Card,network_timeout,IDFC,5,2,0,2,0.649,0
txn_002040,415.71,Credit Card,risk_flagged,Kotak,6,2,0,1,0.793,0
txn_002041,392.26,Credit Card,risk_flagged,Yes Bank,20,5,1,0,0.605,0
txn_002042,254.84,UPI,insufficient_funds,Kotak,4,6,1,0,0.606,0
txn_002043,981.38,Credit Card,card_declined,Yes Bank,10,2,0,0,0.754,0
txn_002044,1623.98,Debit Card,insufficient_funds,SBI,22,5,1,2,0.889,0
txn_002045,1082.28,Debit Card,insufficient_funds,Yes Bank,15,5,1,1,0.798,0
txn_002046,552.52,UPI,network_timeout,IDFC,13,5,1,1,0.741,0
txn_002047,451.39,UPI,bank_server_down,Kotak,22,4,0,2,0.7,1
txn_002048,361.33,Credit Card,risk_flagged,ICICI,2,5,1,1,0.487,0
txn_002049,495.45,Credit Card,wrong_otp,Yes Bank,18,0,0,1,0.767,1
txn_002050,151.89,UPI,wrong_otp,ICICI,7,0,0,2,0.637,1
txn_002051,851.78,UPI,card_declined,IDFC,20,4,0,1,0.487,0
txn_002052,167.97,UPI,card_declined,SBI,17,2,0,2,0.791,1
txn_002053,828.46,UPI,card_declined,Yes Bank,9,3,0,2,0.728,1
txn_002054,173.06,UPI,insufficient_funds,ICICI,14,6,1,0,0.678,1
txn_002055,1291.67,Netbanking,card_declined,Axis,22,5,1,1,0.735,0
txn_002056,2791.75,Netbanking,bank_server_down,Yes Bank,5,4,0,0,0.676,1
txn_002057,490.11,Wallet,wrong_otp,ICICI,23,2,0,1,0.492,1
txn_002058,659.15,UPI,card_declined,ICICI,9,0,0,1,0.412,1
txn_002059,438.67,UPI,wrong_otp,ICICI,22,1,0,1,0.778,1
txn_002060,463.01,UPI,network_timeout,SBI,5,3,0,1,0.489,1
txn_002061,661.19,UPI,bank_server_down,ICICI,9,1,0,0,0.424,0
txn_002062,831.23,Debit Card,card_declined,ICICI,1,0,0,1,0.901,0
txn_002063,2053.86,Credit Card,bank_server_down,HDFC,4,2,0,0,0.668,0
txn_002064,210.73,Credit Card,bank_server_down,Kotak,8,6,1,2,0.818,1
txn_002065,682.24,UPI,bank_server_down,SBI,2,4,0,0,0.91,1
txn_002066,117.41,Debit Card,insufficient_funds,ICICI,2,1,0,0,0.602,0
txn_002067,1463.93,Credit Card,network_timeout,SBI,14,1,0,1,0.609,0
txn_002068,246.64,UPI,insufficient_funds,Axis,12,1,0,0,0.758,0
txn_002069,467.8,Debit Card,card_declined,SBI,23,1,0,1,0.685,1
txn_002070,173.22,Credit Card,wrong_otp,Axis,2,0,0,0,0.548,0
txn_002071,653.77,UPI,wrong_otp,Yes Bank,18,3,0,1,0.558,1
txn_002072,1227.98,UPI,insufficient_funds,Yes Bank,21,2,0,1,0.469,1
txn_002073,213.09,Wallet,insufficient_funds,HDFC,21,5,1,1,0.646,0
txn_002074,128.48,Credit Card,wrong_otp,Axis,19,6,1,0,0.459,0
txn_002075,1071.45,UPI,card_declined,IDFC,1,4,0,0,0.43,0
txn_002076,504.79,Credit Card,insufficient_funds,Yes Bank,9,5,1,0,0.843,0
txn_002077,1094.95,Credit Card,card_declined,Kotak,6,6,1,0,0.93,0
txn_002078,403.54,UPI,insufficient_funds,Yes Bank,15,4,0,1,0.898,0
txn_002079,744.24,Debit Card,expired_card,IDFC,10,4,0,1,0.902,0
txn_002080,3157.58,Credit Card,insufficient_funds,ICICI,1,6,1,1,0.718,0
txn_002081,1285.4,UPI,risk_flagged,Kotak,12,6,1,1,0.899,0
txn_002082,725.85,UPI,card_declined,Axis,19,3,0,1,0.669,0
txn_002083,320.58,UPI,bank_server_down,SBI,2,0,0,0,0.932,1
txn_002084,984.9,Debit Card,insufficient_funds,Yes Bank,19,4,0,0,0.593,0
txn_002085,678.58,UPI,bank_server_down,Axis,12,5,1,0,0.666,1
txn_002086,368.1,UPI,expired_card,ICICI,0,3,0,1,0.801,1
txn_002087,656.13,UPI,insufficient_funds,Kotak,23,4,0,1,0.522,0
txn_002088,1004.51,Credit Card,insufficient_funds,HDFC,9,6,1,2,0.771,0
txn_002089,3652.79,UPI,card_declined,IDFC,18,4,0,2,0.969,0
txn_002090,3866.26,UPI,insufficient_funds,ICICI,16,5,1,1,0.437,0
txn_002091,1095.97,UPI,expired_card,Axis,19,2,0,0,0.43,0
txn_002092,286.82,UPI,bank_server_down,Axis,19,5,1,0,0.523,0
txn_002093,125.32,UPI,insufficient_funds,Yes Bank,2,5,1,1,0.864,0
txn_002094,1376.65,UPI,insufficient_funds,Axis,11,1,0,0,0.975,0
txn_002095,284.24,Wallet,network_timeout,IDFC,11,2,0,0,0.626,1
txn_002096,1257.14,Credit Card,bank_server_down,Axis,4,1,0,1,0.965,1
txn_002097,213.93,Credit Card,insufficient_funds,Yes Bank,3,4,0,1,0.892,1
txn_002098,1068.91,UPI,bank_server_down,Axis,15,2,0,2,0.621,0
txn_002099,1888.76,Credit Card,card_declined,Yes Bank,21,0,0,1,0.884,1
txn_002100,267.73,Netbanking,network_timeout,Axis,19,0,0,0,0.71,1
txn_002101,614.93,Debit Card,insufficient_funds,IDFC,10,1,0,1,0.94,1
txn_002102,630.15,Debit Card,insufficient_funds,Axis,0,3,0,1,0.711,1
txn_002103,264.31,UPI,card_declined,Kotak,23,5,1,0,0.43,0
txn_002104,1199.05,Credit Card,card_declined,Axis,1,1,0,1,0.791,0
txn_002105,300.07,Debit Card,insufficient_funds,IDFC,14,4,0,1,0.288,1
txn_002106,393.52,UPI,wrong_otp,Axis,11,4,0,0,0.682,1
txn_002107,724.78,UPI,insufficient_funds,IDFC,1,6,1,0,0.55,0
txn_002108,1348.66,UPI,bank_server_down,Yes Bank,10,4,0,1,0.733,1
txn_002109,701.16,UPI,insufficient_funds,Axis,6,0,0,0,0.934,1
txn_002110,175.31,Credit Card,expired_card,Yes Bank,1,1,0,1,0.905,0
txn_002111,216.08,Wallet,bank_server_down,Axis,7,5,1,1,0.82,1
txn_002112,359.02,UPI,expired_card,HDFC,9,1,0,1,0.895,0
txn_002113,5503.87,Netbanking,insufficient_funds,IDFC,14,0,0,1,0.528,0
txn_002114,140.95,Credit Card,bank_server_down,HDFC,19,0,0,0,0.48,1
txn_002115,56.07,UPI,expired_card,IDFC,12,5,1,0,0.868,0
txn_002116,946.37,Wallet,insufficient_funds,Yes Bank,12,3,0,0,0.58,0
txn_002117,1413.13,Netbanking,insufficient_funds,IDFC,10,0,0,0,0.912,0
txn_002118,1183.07,Debit Card,insufficient_funds,Yes Bank,20,6,1,1,0.747,0
txn_002119,195.79,UPI,risk_flagged,SBI,23,4,0,0,0.619,1
txn_002120,1111.89,UPI,bank_server_down,Axis,16,6,1,0,0.439,1
txn_002121,3692.08,Debit Card,card_declined,IDFC,8,6,1,0,0.905,0
txn_002122,3254.17,Debit Card,insufficient_funds,ICICI,12,0,0,1,0.459,1
txn_002123,775.32,Netbanking,expired_card,IDFC,16,0,0,3,0.511,0
txn_002124,779.43,Credit Card,insufficient_funds,SBI,17,4,0,1,0.541,0
txn_002125,1048.97,Netbanking,insufficient_funds,Yes Bank,14,4,0,1,0.63,0
txn_002126,3482.54,UPI,insufficient_funds,SBI,12,6,1,0,0.688,1
txn_002127,504.64,Credit Card,insufficient_funds,Yes Bank,15,0,0,0,0.77,1
txn_002128,823.1,Netbanking,card_declined,IDFC,7,2,0,1,0.706,1
txn_002129,482.18,Credit Card,insufficient_funds,Kotak,11,5,1,1,0.468,0
txn_002130,893.8,UPI,card_declined,Kotak,2,6,1,2,0.613,0
txn_002131,922.98,Debit Card,bank_server_down,SBI,23,1,0,0,0.736,1
txn_002132,245.03,Debit Card,insufficient_funds,HDFC,18,3,0,0,0.168,0
txn_002133,5306.37,UPI,wrong_otp,Kotak,1,3,0,0,0.473,0
txn_002134,547.56,UPI,insufficient_funds,SBI,11,0,0,0,0.851,1
txn_002135,1229.85,Credit Card,insufficient_funds,HDFC,14,5,1,0,0.884,0
txn_002136,766.63,UPI,bank_server_down,Axis,11,6,1,0,0.836,1
txn_002137,693.66,Debit Card,network_timeout,Kotak,15,4,0,1,0.728,1
txn_002138,249.54,Debit Card,wrong_otp,IDFC,1,3,0,0,0.739,1
txn_002139,1165.42,UPI,insufficient_funds,ICICI,1,5,1,0,0.848,0
txn_002140,2164.39,Debit Card,risk_flagged,SBI,7,3,0,1,0.707,0
txn_002141,223.22,UPI,insufficient_funds,ICICI,14,3,0,1,0.796,0
txn_002142,1277.4,UPI,network_timeout,HDFC,21,3,0,0,0.971,1
txn_002143,506.8,Credit Card,insufficient_funds,Axis,20,2,0,0,0.643,1
txn_002144,724.93,Credit Card,network_timeout,Yes Bank,22,4,0,1,0.824,1
txn_002145,1107.04,UPI,wrong_otp,ICICI,2,2,0,0,0.937,1
txn_002146,211.13,UPI,insufficient_funds,Axis,2,0,0,0,0.831,0
txn_002147,231.57,Debit Card,insufficient_funds,Yes Bank,15,0,0,0,0.344,0
txn_002148,423.58,Debit Card,insufficient_funds,IDFC,14,3,0,0,0.632,1
txn_002149,2831.04,UPI,insufficient_funds,HDFC,18,2,0,3,0.543,0
txn_002150,820.38,Debit Card,wrong_otp,Kotak,19,6,1,1,0.555,1
txn_002151,4190.72,UPI,risk_flagged,Axis,0,2,0,0,0.91,0
txn_002152,4818.4,Credit Card,network_timeout,SBI,5,5,1,0,0.748,1
txn_002153,2100.97,UPI,wrong_otp,SBI,11,0,0,0,0.764,1
txn_002154,4659.04,Credit Card,insufficient_funds,ICICI,23,6,1,0,0.972,1
txn_002155,772.87,Debit Card,expired_card,Yes Bank,15,2,0,1,0.64,0
txn_002156,92.23,Netbanking,expired_card,Axis,1,3,0,0,0.599,0
txn_002157,1285.66,Credit Card,risk_flagged,ICICI,15,6,1,1,0.628,0
txn_002158,427.71,UPI,wrong_otp,Kotak,22,4,0,2,0.676,0
txn_002159,3453.43,Credit Card,network_timeout,IDFC,7,0,0,1,0.411,0
txn_002160,2586.85,Credit Card,insufficient_funds,Axis,13,2,0,1,0.731,0
txn_002161,3324.41,UPI,network_timeout,IDFC,19,2,0,0,0.603,1
txn_002162,289.15,UPI,bank_server_down,Axis,16,6,1,0,0.672,1
txn_002163,142.42,UPI,card_declined,Kotak,6,2,0,2,0.773,1
txn_002164,210.54,UPI,risk_flagged,SBI,1,6,1,0,0.404,0
txn_002165,2131.35,Debit Card,insufficient_funds,Yes Bank,21,3,0,0,0.368,0
txn_002166,1868.78,UPI,insufficient_funds,Axis,22,6,1,1,0.612,0
txn_002167,3320.72,UPI,bank_server_down,SBI,13,5,1,2,0.918,1
txn_002168,528.61,UPI,bank_server_down,Axis,6,0,0,0,0.791,1
txn_002169,1959.33,Debit Card,network_timeout,SBI,16,4,0,1,0.388,0
txn_002170,58.29,Credit Card,network_timeout,IDFC,1,3,0,0,0.916,1
txn_002171,175.9,Credit Card,insufficient_funds,IDFC,6,6,1,1,0.673,0
txn_002172,1144.01,Debit Card,insufficient_funds,HDFC,9,2,0,1,0.831,0
txn_002173,2022.02,Debit Card,expired_card,Axis,6,5,1,0,0.604,0
txn_002174,222.55,Wallet,insufficient_funds,Yes Bank,23,0,0,0,0.72,0
txn_002175,91.31,UPI,bank_server_down,SBI,9,0,0,2,0.7,1
txn_002176,797.34,UPI,bank_server_down,Axis,17,2,0,1,0.801,1
txn_002177,827.64,Debit Card,insufficient_funds,Kotak,15,0,0,1,0.775,0
txn_002178,148.14,Netbanking,bank_server_down,SBI,20,4,0,1,0.5,1
txn_002179,582.36,Netbanking,insufficient_funds,ICICI,14,4,0,0,0.733,1
txn_002180,119.11,Netbanking,bank_server_down,IDFC,8,2,0,0,0.559,1
txn_002181,682.17,UPI,insufficient_funds,Yes Bank,5,5,1,0,0.756,1
txn_002182,220.94,UPI,card_declined,HDFC,10,2,0,1,0.715,1
txn_002183,154.46,Wallet,card_declined,SBI,14,5,1,1,0.601,0
txn_002184,7903.53,UPI,wrong_otp,Kotak,0,5,1,0,0.553,0
txn_002185,2537.06,UPI,card_declined,ICICI,5,3,0,1,0.512,1
txn_002186,558.93,UPI,insufficient_funds,Yes Bank,17,3,0,0,0.638,1
txn_002187,1332.14,Debit Card,network_timeout,IDFC,5,6,1,2,0.557,0
txn_002188,343.9,Credit Card,expired_card,IDFC,15,0,0,2,0.777,0
txn_002189,710.08,Netbanking,network_timeout,ICICI,7,0,0,2,0.908,0
txn_002190,276.45,UPI,insufficient_funds,Axis,18,6,1,1,0.783,0
txn_002191,120.56,Debit Card,card_declined,Yes Bank,5,0,0,0,0.873,0
txn_002192,225.57,Netbanking,network_timeout,IDFC,3,3,0,1,0.691,1
txn_002193,1020.87,Debit Card,network_timeout,SBI,15,1,0,1,0.726,1
txn_002194,681.74,UPI,bank_server_down,Axis,0,6,1,0,0.752,1
txn_002195,509.86,Wallet,network_timeout,SBI,16,0,0,1,0.822,1
txn_002196,2282.55,Netbanking,wrong_otp,HDFC,16,5,1,1,0.92,0
txn_002197,194.6,UPI,expired_card,IDFC,6,2,0,0,0.834,0
txn_002198,3546.05,Credit Card,bank_server_down,SBI,15,6,1,0,0.496,1
txn_002199,1471.58,UPI,wrong_otp,Yes Bank,4,1,0,0,0.542,1
txn_002200,967.43,UPI,insufficient_funds,ICICI,23,2,0,0,0.867,0
txn_002201,373.62,UPI,card_declined,Kotak,22,4,0,0,0.82,0
txn_002202,428.75,UPI,insufficient_funds,Axis,0,4,0,1,0.733,1
txn_002203,334.65,UPI,wrong_otp,SBI,20,2,0,1,0.69,1
txn_002204,629.24,UPI,bank_server_down,SBI,18,4,0,0,0.856,1
txn_002205,370.56,UPI,insufficient_funds,Axis,22,0,0,2,0.777,0
txn_002206,150.73,UPI,card_declined,ICICI,0,4,0,0,0.833,0
txn_002207,640.1,Wallet,bank_server_down,Yes Bank,9,0,0,1,0.85,1
txn_002208,28.65,Netbanking,bank_server_down,IDFC,16,2,0,1,0.703,1
txn_002209,437.13,UPI,insufficient_funds,Yes Bank,15,6,1,0,0.493,0
txn_002210,402.09,Credit Card,insufficient_funds,IDFC,19,5,1,4,0.371,1
txn_002211,953.07,Netbanking,wrong_otp,Axis,7,4,0,0,0.493,1
txn_002212,377.06,UPI,network_timeout,Yes Bank,18,1,0,0,0.623,0
txn_002213,595.66,Netbanking,wrong_otp,SBI,2,3,0,1,0.824,1
txn_002214,2032.85,UPI,network_timeout,Kotak,8,6,1,0,0.869,1
txn_002215,3997.81,Credit Card,insufficient_funds,Yes Bank,17,4,0,2,0.866,0
txn_002216,899.26,Wallet,insufficient_funds,IDFC,13,1,0,2,0.953,0
txn_002217,234.02,Credit Card,wrong_otp,Axis,6,6,1,0,0.781,0
txn_002218,2002.03,UPI,network_timeout,Kotak,12,5,1,3,0.646,1
txn_002219,276.49,Debit Card,insufficient_funds,IDFC,17,1,0,0,0.957,0
txn_002220,2969.65,UPI,card_declined,ICICI,18,2,0,0,0.706,1
txn_002221,15008.14,Debit Card,wrong_otp,IDFC,20,3,0,1,0.66,1
txn_002222,709.27,Netbanking,risk_flagged,Kotak,2,3,0,1,0.849,0
txn_002223,290.8,Netbanking,insufficient_funds,SBI,18,4,0,1,0.193,0
txn_002224,207.92,Credit Card,insufficient_funds,Axis,3,0,0,0,0.674,1
txn_002225,825.83,UPI,bank_server_down,Yes Bank,5,4,0,0,0.885,0
txn_002226,169.8,UPI,card_declined,ICICI,21,0,0,0,0.948,1
txn_002227,1101.37,UPI,risk_flagged,SBI,1,1,0,1,0.935,0
txn_002228,2782.56,UPI,network_timeout,ICICI,5,1,0,0,0.697,1
txn_002229,1287.15,Credit Card,expired_card,Axis,3,5,1,0,0.961,0
txn_002230,339.37,Netbanking,wrong_otp,Yes Bank,11,4,0,2,0.578,0
txn_002231,351.58,UPI,insufficient_funds,Axis,12,0,0,1,0.761,1
txn_002232,1170.53,Credit Card,card_declined,IDFC,2,1,0,1,0.762,0
txn_002233,325.77,Credit Card,bank_server_down,Kotak,0,3,0,0,0.536,0
txn_002234,1231.63,Debit Card,network_timeout,IDFC,14,6,1,1,0.68,1
txn_002235,336.95,UPI,card_declined,Yes Bank,11,2,0,0,0.371,1
txn_002236,1090.81,Wallet,bank_server_down,Yes Bank,8,1,0,1,0.557,1
txn_002237,676.54,UPI,insufficient_funds,HDFC,8,0,0,1,0.988,1
txn_002238,516.88,Credit Card,wrong_otp,IDFC,15,6,1,1,0.868,1
txn_002239,144.78,Debit Card,network_timeout,Kotak,12,3,0,0,0.948,1
txn_002240,507.37,Credit Card,bank_server_down,SBI,2,4,0,0,0.875,0
txn_002241,1434.25,UPI,insufficient_funds,ICICI,15,6,1,0,0.563,0
txn_002242,166.27,UPI,risk_flagged,ICICI,6,3,0,1,0.377,0
txn_002243,397.04,UPI,network_timeout,SBI,22,5,1,1,0.866,1
txn_002244,1693.87,Wallet,insufficient_funds,Yes Bank,15,5,1,0,0.624,0
txn_002245,605.46,UPI,bank_server_down,Axis,15,5,1,1,0.765,1
txn_002246,2739.21,Netbanking,insufficient_funds,IDFC,23,4,0,1,0.79,1
txn_002247,641.3,UPI,insufficient_funds,Yes Bank,0,0,0,1,0.77,0
txn_002248,2973.7,UPI,insufficient_funds,ICICI,16,0,0,2,0.409,1
txn_002249,3444.1,UPI,bank_server_down,Kotak,22,0,0,1,0.375,1
txn_002250,936.89,UPI,insufficient_funds,Yes Bank,21,5,1,0,0.861,0
txn_002251,348.39,UPI,card_declined,Yes Bank,5,2,0,0,0.852,0
txn_002252,576.88,UPI,risk_flagged,HDFC,11,2,0,1,0.795,1
txn_002253,874.73,UPI,card_declined,ICICI,13,1,0,1,0.457,1
txn_002254,781.32,Netbanking,insufficient_funds,ICICI,11,0,0,0,0.805,1
txn_002255,937.13,Credit Card,network_timeout,IDFC,15,5,1,0,0.767,1
txn_002256,482.51,Debit Card,insufficient_funds,ICICI,21,3,0,0,0.51,1
txn_002257,658.6,Debit Card,bank_server_down,Kotak,17,5,1,1,0.72,1
txn_002258,221.4,UPI,bank_server_down,Yes Bank,8,2,0,0,0.386,1
txn_002259,949.42,Wallet,insufficient_funds,IDFC,0,4,0,0,0.915,0
txn_002260,1133.79,Wallet,insufficient_funds,Kotak,18,5,1,1,0.905,1
txn_002261,1009.71,Credit Card,bank_server_down,Yes Bank,16,1,0,0,0.435,1
txn_002262,632.74,Credit Card,insufficient_funds,Yes Bank,11,3,0,0,0.636,0
txn_002263,1235.56,UPI,insufficient_funds,ICICI,10,0,0,1,0.728,1
txn_002264,723.79,Wallet,insufficient_funds,Axis,2,2,0,2,0.902,0
txn_002265,128.86,UPI,bank_server_down,Yes Bank,23,2,0,0,0.986,1
txn_002266,4485.4,UPI,bank_server_down,SBI,8,5,1,0,0.695,0
txn_002267,835.79,UPI,bank_server_down,HDFC,23,4,0,0,0.709,1
txn_002268,1135.83,Credit Card,network_timeout,HDFC,3,5,1,0,0.502,1
txn_002269,3295.82,Credit Card,insufficient_funds,SBI,7,5,1,0,0.595,1
txn_002270,1094.01,UPI,bank_server_down,ICICI,3,0,0,0,0.733,1
txn_002271,1486.93,Wallet,bank_server_down,Axis,17,6,1,1,0.765,1
txn_002272,1252.01,UPI,bank_server_down,Yes Bank,8,1,0,0,0.614,0
txn_002273,715.29,Credit Card,card_declined,HDFC,7,0,0,1,0.824,1
txn_002274,798.76,UPI,network_timeout,Axis,15,6,1,0,0.817,1
txn_002275,266.85,UPI,card_declined,Kotak,23,1,0,0,0.481,0
txn_002276,342.03,Debit Card,bank_server_down,Kotak,15,3,0,2,0.947,0
txn_002277,2052.31,UPI,bank_server_down,IDFC,16,4,0,0,0.364,1
txn_002278,837.92,Debit Card,insufficient_funds,SBI,18,0,0,1,0.946,0
txn_002279,1219.41,Debit Card,card_declined,IDFC,2,6,1,0,0.352,0
txn_002280,554.54,Netbanking,bank_server_down,SBI,3,4,0,1,0.394,0
txn_002281,176.41,UPI,card_declined,Kotak,6,0,0,1,0.45,1
txn_002282,866.92,Netbanking,wrong_otp,ICICI,11,6,1,1,0.83,0
txn_002283,2772.67,UPI,bank_server_down,Yes Bank,9,0,0,0,0.4,0
txn_002284,909.31,Wallet,bank_server_down,ICICI,7,5,1,1,0.817,1
txn_002285,382.19,UPI,expired_card,IDFC,14,2,0,0,0.898,0
txn_002286,400.26,Debit Card,insufficient_funds,ICICI,13,0,0,0,0.835,1
txn_002287,901.93,Debit Card,insufficient_funds,ICICI,22,0,0,0,0.771,0
txn_002288,1519.33,Netbanking,network_timeout,IDFC,5,6,1,2,0.513,1
txn_002289,1973.51,Debit Card,bank_server_down,Kotak,23,2,0,2,0.641,0
txn_002290,471.25,Debit Card,expired_card,IDFC,19,0,0,2,0.71,0
txn_002291,811.71,UPI,expired_card,SBI,1,2,0,0,0.551,0
txn_002292,250.8,Credit Card,network_timeout,Yes Bank,15,0,0,1,0.753,0
txn_002293,125.07,UPI,card_declined,Axis,12,6,1,2,0.85,0
txn_002294,5546.98,UPI,risk_flagged,Axis,23,0,0,0,0.595,0
txn_002295,1219.86,UPI,risk_flagged,IDFC,21,3,0,1,0.827,0
txn_002296,302.67,Debit Card,insufficient_funds,Axis,6,4,0,0,0.698,0
txn_002297,1358.78,UPI,bank_server_down,Axis,6,2,0,1,0.804,1
txn_002298,227.67,Debit Card,bank_server_down,ICICI,1,6,1,1,0.939,0
txn_002299,927.44,UPI,risk_flagged,Axis,0,3,0,1,0.846,1
txn_002300,1563.07,UPI,risk_flagged,IDFC,5,3,0,2,0.689,0
txn_002301,293.2,UPI,network_timeout,Yes Bank,19,3,0,1,0.393,1
txn_002302,495.66,UPI,wrong_otp,Axis,10,3,0,3,0.428,0
txn_002303,951.15,UPI,card_declined,HDFC,10,2,0,2,0.678,1
txn_002304,380.56,UPI,network_timeout,Yes Bank,18,5,1,1,0.526,1
txn_002305,242.84,UPI,network_timeout,HDFC,8,4,0,2,0.548,1
txn_002306,1798.47,Credit Card,bank_server_down,SBI,0,2,0,3,0.77,0
txn_002307,98.67,Debit Card,bank_server_down,HDFC,23,4,0,2,0.502,0
txn_002308,354.24,UPI,bank_server_down,HDFC,12,3,0,1,0.844,1
txn_002309,618.91,Debit Card,wrong_otp,HDFC,19,4,0,3,0.939,1
txn_002310,2348.33,UPI,card_declined,Axis,18,3,0,1,0.886,0
txn_002311,522.06,Debit Card,bank_server_down,HDFC,21,4,0,0,0.75,0
txn_002312,730.06,Netbanking,insufficient_funds,Kotak,11,6,1,0,0.986,1
txn_002313,1073.39,UPI,card_declined,Axis,20,6,1,0,0.688,1
txn_002314,458.24,Credit Card,insufficient_funds,SBI,5,2,0,1,0.795,0
txn_002315,1566.28,UPI,network_timeout,ICICI,5,1,0,2,0.734,1
txn_002316,141.51,UPI,insufficient_funds,Yes Bank,9,6,1,2,0.896,0
txn_002317,480.02,Credit Card,insufficient_funds,IDFC,2,4,0,2,0.759,0
txn_002318,137.96,UPI,network_timeout,Axis,22,4,0,1,0.84,1
txn_002319,1157.42,Credit Card,wrong_otp,ICICI,9,3,0,0,0.51,0
txn_002320,1209.91,UPI,card_declined,ICICI,6,5,1,0,0.711,1
txn_002321,920.72,Credit Card,expired_card,Kotak,19,2,0,0,0.894,0
txn_002322,611.04,Netbanking,wrong_otp,ICICI,10,1,0,0,0.911,0
txn_002323,150.54,Credit Card,insufficient_funds,Yes Bank,20,1,0,0,0.371,0
txn_002324,191.62,Netbanking,network_timeout,Axis,19,6,1,0,0.817,1
txn_002325,1506.65,UPI,bank_server_down,SBI,3,2,0,0,0.68,1
txn_002326,1771.21,Wallet,insufficient_funds,Kotak,12,5,1,1,0.87,1
txn_002327,365.22,Credit Card,risk_flagged,Kotak,22,0,0,0,0.746,1
txn_002328,44.9,Credit Card,wrong_otp,IDFC,19,3,0,0,0.823,0
txn_002329,186.81,Debit Card,card_declined,Axis,10,0,0,1,0.531,1
txn_002330,5345.83,UPI,card_declined,HDFC,22,5,1,0,0.795,0
txn_002331,68.09,Debit Card,wrong_otp,Kotak,4,0,0,1,0.455,1
txn_002332,1209.75,Netbanking,bank_server_down,HDFC,1,0,0,1,0.661,1
txn_002333,1177.07,UPI,wrong_otp,ICICI,7,6,1,2,0.494,0
txn_002334,307.13,Debit Card,wrong_otp,ICICI,0,2,0,2,0.932,0
txn_002335,692.27,Debit Card,insufficient_funds,Kotak,20,4,0,1,0.737,0
txn_002336,1404.27,UPI,bank_server_down,HDFC,11,0,0,1,0.696,0
txn_002337,368.18,UPI,card_declined,ICICI,19,1,0,1,0.921,0
txn_002338,393.77,Credit Card,risk_flagged,Axis,13,6,1,2,0.778,0
txn_002339,1324.11,UPI,risk_flagged,Axis,2,5,1,2,0.848,0
txn_002340,658.76,Debit Card,network_timeout,IDFC,3,5,1,0,0.657,0
txn_002341,1514.57,Wallet,risk_flagged,Axis,22,0,0,0,0.427,0
txn_002342,108.47,Credit Card,insufficient_funds,SBI,4,3,0,2,0.83,0
txn_002343,208.66,Netbanking,insufficient_funds,IDFC,23,4,0,1,0.734,0
txn_002344,389.21,UPI,card_declined,SBI,15,3,0,1,0.93,0
txn_002345,101.58,Debit Card,network_timeout,HDFC,14,4,0,1,0.921,0
txn_002346,404.07,UPI,card_declined,ICICI,15,2,0,1,0.902,0
txn_002347,1512.08,Credit Card,wrong_otp,Yes Bank,5,6,1,0,0.782,0
txn_002348,1681.75,Debit Card,bank_server_down,ICICI,12,6,1,1,0.656,1
txn_002349,323.61,Netbanking,insufficient_funds,SBI,10,4,0,0,0.634,0
txn_002350,166.17,UPI,insufficient_funds,IDFC,22,3,0,1,0.584,0
txn_002351,518.35,Debit Card,network_timeout,Axis,20,2,0,0,0.52,0
txn_002352,1425.57,Credit Card,wrong_otp,Kotak,16,5,1,1,0.773,0
txn_002353,2365.12,UPI,bank_server_down,HDFC,7,2,0,0,0.773,0
txn_002354,1085.55,Debit Card,insufficient_funds,IDFC,1,0,0,0,0.916,1
txn_002355,1427.91,Credit Card,wrong_otp,ICICI,13,4,0,0,0.233,1
txn_002356,290.65,Credit Card,bank_server_down,IDFC,21,0,0,1,0.87,1
txn_002357,647.88,UPI,wrong_otp,Axis,3,1,0,1,0.782,1
txn_002358,2184.14,UPI,bank_server_down,IDFC,2,3,0,1,0.733,1
txn_002359,340.5,UPI,card_declined,ICICI,12,4,0,1,0.855,1
txn_002360,444.34,UPI,network_timeout,Kotak,23,1,0,2,0.704,0
txn_002361,336.27,Debit Card,insufficient_funds,Yes Bank,22,3,0,0,0.658,0
txn_002362,8032.48,UPI,card_declined,ICICI,5,0,0,0,0.628,1
txn_002363,522.05,Debit Card,card_declined,HDFC,5,4,0,0,0.848,0
txn_002364,518.12,Debit Card,risk_flagged,Kotak,8,5,1,2,0.715,1
txn_002365,1037.03,UPI,card_declined,HDFC,6,0,0,0,0.719,1
txn_002366,4954.19,UPI,insufficient_funds,ICICI,23,1,0,1,0.779,0
txn_002367,2961.01,Credit Card,bank_server_down,IDFC,8,0,0,1,0.626,1
txn_002368,2026.3,Debit Card,expired_card,SBI,22,1,0,0,0.875,0
txn_002369,387.48,Credit Card,bank_server_down,ICICI,0,6,1,1,0.603,0
txn_002370,732.84,Wallet,network_timeout,HDFC,6,1,0,0,0.774,0
txn_002371,895.29,UPI,card_declined,Yes Bank,5,2,0,1,0.675,1
txn_002372,1768.98,Debit Card,insufficient_funds,Axis,7,2,0,0,0.902,1
txn_002373,3583.13,Credit Card,risk_flagged,HDFC,2,6,1,1,0.905,0
txn_002374,432.58,Wallet,bank_server_down,SBI,17,0,0,3,0.649,1
txn_002375,2062.53,Debit Card,card_declined,Kotak,14,6,1,2,0.616,1
txn_002376,237.4,Credit Card,bank_server_down,Yes Bank,5,1,0,0,0.716,1
txn_002377,166.18,Credit Card,insufficient_funds,SBI,17,4,0,3,0.858,0
txn_002378,322.77,Debit Card,card_declined,Yes Bank,2,5,1,0,0.772,1
txn_002379,2081.44,Debit Card,insufficient_funds,Axis,10,4,0,0,0.734,0
txn_002380,404.35,UPI,bank_server_down,ICICI,7,5,1,0,0.528,0
txn_002381,325.67,Credit Card,bank_server_down,SBI,14,3,0,0,0.81,1
txn_002382,346.29,Netbanking,bank_server_down,ICICI,5,4,0,0,0.593,1
txn_002383,330.77,UPI,insufficient_funds,Yes Bank,10,6,1,0,0.814,0
txn_002384,1899.44,UPI,bank_server_down,SBI,17,3,0,1,0.816,1
txn_002385,860.22,Debit Card,card_declined,IDFC,15,5,1,1,0.511,0
txn_002386,424.25,UPI,insufficient_funds,Axis,19,3,0,1,0.917,0
txn_002387,1440.49,UPI,card_declined,Yes Bank,3,1,0,1,0.694,0
txn_002388,423.26,Debit Card,bank_server_down,HDFC,17,4,0,1,0.473,1
txn_002389,522.21,Netbanking,network_timeout,Yes Bank,19,4,0,2,0.838,1
txn_002390,550.73,Debit Card,bank_server_down,SBI,3,2,0,1,0.52,1
txn_002391,74.58,UPI,card_declined,Kotak,19,4,0,0,0.914,0
txn_002392,879.53,Credit Card,wrong_otp,Kotak,23,1,0,2,0.619,0
txn_002393,522.07,Credit Card,risk_flagged,SBI,4,1,0,2,0.763,0
txn_002394,771.03,Debit Card,insufficient_funds,IDFC,12,3,0,0,0.609,1
txn_002395,177.82,UPI,bank_server_down,SBI,3,4,0,1,0.912,1
txn_002396,1783.77,Credit Card,bank_server_down,Axis,17,4,0,3,0.845,1
txn_002397,4560.23,UPI,insufficient_funds,ICICI,0,5,1,2,0.728,1
txn_002398,2892.77,UPI,bank_server_down,IDFC,4,4,0,1,0.834,1
txn_002399,2986.74,UPI,insufficient_funds,Axis,4,1,0,2,0.588,0
txn_002400,151.52,Netbanking,card_declined,IDFC,2,6,1,1,0.386,0
txn_002401,996.71,Netbanking,card_declined,Axis,23,0,0,0,0.838,0
txn_002402,942.67,UPI,insufficient_funds,HDFC,4,3,0,1,0.78,0
txn_002403,475.5,Credit Card,bank_server_down,IDFC,20,1,0,0,0.837,0
txn_002404,288.6,UPI,insufficient_funds,ICICI,20,3,0,0,0.615,0
txn_002405,156.4,UPI,bank_server_down,HDFC,4,5,1,0,0.844,1
txn_002406,1556.56,UPI,expired_card,ICICI,9,2,0,0,0.788,0
txn_002407,531.72,UPI,network_timeout,ICICI,14,6,1,0,0.613,1
txn_002408,881.2,Credit Card,card_declined,Axis,3,6,1,1,0.716,0
txn_002409,2331.43,Debit Card,insufficient_funds,IDFC,3,3,0,1,0.778,0
txn_002410,1025.0,Debit Card,risk_flagged,Kotak,5,2,0,0,0.857,0
txn_002411,185.24,UPI,risk_flagged,ICICI,5,4,0,0,0.804,0
txn_002412,511.76,Wallet,bank_server_down,SBI,20,2,0,0,0.816,1
txn_002413,408.96,Debit Card,insufficient_funds,ICICI,4,5,1,0,0.796,0
txn_002414,520.4,Debit Card,bank_server_down,Kotak,8,6,1,0,0.347,1
txn_002415,446.86,Debit Card,network_timeout,Axis,16,5,1,1,0.64,1
txn_002416,1115.0,Debit Card,network_timeout,IDFC,19,5,1,3,0.798,1
txn_002417,141.91,Debit Card,expired_card,HDFC,2,5,1,1,0.518,0
txn_002418,1735.21,Debit Card,bank_server_down,SBI,2,6,1,0,0.628,1
txn_002419,166.79,Credit Card,wrong_otp,IDFC,17,1,0,0,0.66,0
txn_002420,1810.22,UPI,insufficient_funds,ICICI,20,3,0,0,0.58,0
txn_002421,686.36,UPI,network_timeout,HDFC,0,3,0,2,0.689,1
txn_002422,572.63,UPI,insufficient_funds,Axis,19,5,1,0,0.821,1
txn_002423,2024.87,Debit Card,bank_server_down,IDFC,21,0,0,0,0.699,0
txn_002424,1953.42,UPI,risk_flagged,IDFC,17,5,1,1,0.539,0
txn_002425,198.59,Debit Card,bank_server_down,SBI,0,3,0,1,0.911,1
txn_002426,413.47,UPI,bank_server_down,HDFC,20,3,0,1,0.94,1
txn_002427,555.9,Netbanking,insufficient_funds,HDFC,8,0,0,0,0.86,1
txn_002428,835.32,Credit Card,insufficient_funds,Axis,3,3,0,1,0.892,0
txn_002429,469.29,UPI,network_timeout,Kotak,2,4,0,0,0.619,0
txn_002430,741.68,UPI,card_declined,HDFC,22,2,0,0,0.622,1
txn_002431,1579.08,Debit Card,wrong_otp,IDFC,11,0,0,0,0.624,1
txn_002432,2603.98,Credit Card,wrong_otp,Yes Bank,17,0,0,1,0.596,0
txn_002433,2816.35,UPI,risk_flagged,ICICI,17,5,1,0,0.946,0
txn_002434,604.35,UPI,card_declined,IDFC,18,6,1,0,0.618,1
txn_002435,410.71,Debit Card,bank_server_down,Kotak,0,3,0,0,0.787,1
txn_002436,634.57,Credit Card,expired_card,HDFC,17,2,0,1,0.786,0
txn_002437,161.22,UPI,insufficient_funds,ICICI,10,2,0,1,0.453,1
txn_002438,3003.92,Credit Card,bank_server_down,ICICI,13,1,0,1,0.583,0
txn_002439,118.59,Debit Card,network_timeout,SBI,1,0,0,0,0.884,1
txn_002440,2285.72,UPI,insufficient_funds,HDFC,18,5,1,1,0.956,0
txn_002441,367.85,Debit Card,network_timeout,Kotak,0,1,0,0,0.877,0
txn_002442,255.98,Credit Card,insufficient_funds,SBI,17,3,0,0,0.669,0
txn_002443,1371.8,UPI,expired_card,ICICI,19,2,0,0,0.433,0
txn_002444,1856.6,UPI,network_timeout,Axis,0,6,1,1,0.876,1
txn_002445,5973.04,UPI,wrong_otp,Axis,4,5,1,1,0.916,1
txn_002446,292.17,UPI,insufficient_funds,Yes Bank,9,2,0,0,0.702,0
txn_002447,216.0,UPI,card_declined,Axis,10,0,0,0,0.725,0
txn_002448,813.48,Netbanking,expired_card,SBI,3,4,0,2,0.754,0
txn_002449,447.49,UPI,insufficient_funds,Yes Bank,11,0,0,0,0.7,0
txn_002450,398.66,UPI,network_timeout,IDFC,16,5,1,0,0.719,1
txn_002451,937.4,UPI,network_timeout,ICICI,21,2,0,0,0.794,1
txn_002452,886.3,Credit Card,card_declined,IDFC,12,1,0,2,0.608,0
txn_002453,313.76,UPI,risk_flagged,HDFC,9,5,1,1,0.699,0
txn_002454,448.0,Debit Card,expired_card,SBI,13,3,0,0,0.723,0
txn_002455,5510.03,Credit Card,insufficient_funds,SBI,22,6,1,1,0.877,0
txn_002456,846.6,UPI,bank_server_down,ICICI,10,1,0,0,0.809,1
txn_002457,606.27,UPI,bank_server_down,ICICI,9,6,1,0,0.632,1
txn_002458,894.63,Credit Card,wrong_otp,Axis,12,0,0,0,0.591,1
txn_002459,340.63,Debit Card,insufficient_funds,HDFC,11,4,0,1,0.798,0
txn_002460,1430.55,Netbanking,insufficient_funds,Axis,4,0,0,3,0.47,0
txn_002461,215.21,Credit Card,bank_server_down,HDFC,23,0,0,0,0.486,1
txn_002462,879.55,Credit Card,wrong_otp,IDFC,1,1,0,1,0.889,0
txn_002463,1115.27,UPI,insufficient_funds,Axis,7,6,1,0,0.849,0
txn_002464,724.75,Credit Card,bank_server_down,Kotak,16,3,0,0,0.878,1
txn_002465,546.99,UPI,bank_server_down,IDFC,2,1,0,1,0.949,0
txn_002466,534.82,Netbanking,wrong_otp,SBI,10,5,1,2,0.73,0
txn_002467,343.87,UPI,insufficient_funds,ICICI,6,4,0,1,0.445,0
txn_002468,1017.98,UPI,card_declined,ICICI,5,1,0,1,0.534,0
txn_002469,362.19,Debit Card,bank_server_down,ICICI,3,3,0,1,0.769,1
txn_002470,96.64,Debit Card,risk_flagged,ICICI,15,2,0,0,0.425,0
txn_002471,524.78,Credit Card,network_timeout,Kotak,17,3,0,2,0.833,0
txn_002472,821.65,Credit Card,bank_server_down,SBI,10,6,1,0,0.621,0
txn_002473,304.71,Credit Card,wrong_otp,IDFC,3,3,0,1,0.841,0
txn_002474,1077.35,Debit Card,wrong_otp,Yes Bank,10,2,0,0,0.713,1
txn_002475,127.46,UPI,insufficient_funds,Axis,22,1,0,0,0.759,0
txn_002476,570.1,Debit Card,bank_server_down,ICICI,1,4,0,1,0.874,1
txn_002477,609.95,UPI,card_declined,IDFC,16,5,1,0,0.907,1
txn_002478,4999.55,UPI,insufficient_funds,Yes Bank,2,4,0,3,0.979,0
txn_002479,1323.71,UPI,insufficient_funds,Axis,7,0,0,0,0.612,0
txn_002480,1260.14,UPI,card_declined,Yes Bank,3,0,0,0,0.86,1
txn_002481,676.46,UPI,expired_card,Yes Bank,21,2,0,0,0.595,0
txn_002482,465.21,UPI,insufficient_funds,HDFC,22,2,0,0,0.707,0
txn_002483,832.93,UPI,card_declined,SBI,17,6,1,0,0.839,1
txn_002484,170.02,UPI,card_declined,IDFC,15,5,1,0,0.934,1
txn_002485,331.51,Credit Card,insufficient_funds,Axis,11,4,0,0,0.805,1
txn_002486,223.21,UPI,bank_server_down,SBI,7,3,0,4,0.681,1
txn_002487,1852.59,Debit Card,bank_server_down,ICICI,7,5,1,1,0.707,1
txn_002488,59.63,Credit Card,bank_server_down,SBI,11,1,0,0,0.88,0
txn_002489,1764.28,UPI,card_declined,Axis,3,6,1,0,0.735,0
txn_002490,761.23,Credit Card,bank_server_down,Yes Bank,8,5,1,1,0.762,0
txn_002491,518.51,UPI,card_declined,Yes Bank,18,2,0,0,0.963,1
txn_002492,1353.36,UPI,network_timeout,ICICI,7,4,0,1,0.801,1
txn_002493,227.83,Credit Card,card_declined,IDFC,12,0,0,0,0.5,1
txn_002494,947.74,Debit Card,bank_server_down,Yes Bank,14,6,1,1,0.716,0
txn_002495,1304.3,UPI,insufficient_funds,Yes Bank,14,1,0,1,0.79,0
txn_002496,1611.14,Netbanking,insufficient_funds,Yes Bank,21,1,0,3,0.696,0
txn_002497,529.52,UPI,insufficient_funds,Yes Bank,16,0,0,1,0.219,0
txn_002498,737.16,Wallet,network_timeout,ICICI,7,1,0,2,0.71,1
txn_002499,266.91,UPI,bank_server_down,ICICI,12,3,0,1,0.944,1
txn_002500,486.26,Credit Card,risk_flagged,Axis,1,1,0,1,0.717,0
txn_002501,729.84,UPI,card_declined,SBI,3,6,1,0,0.579,1
txn_002502,2251.62,UPI,insufficient_funds,Axis,13,5,1,0,0.763,0
txn_002503,708.71,UPI,card_declined,SBI,20,1,0,1,0.783,0
txn_002504,103.24,Debit Card,bank_server_down,ICICI,0,3,0,0,0.877,0
txn_002505,985.66,Credit Card,bank_server_down,ICICI,23,1,0,1,0.405,1
txn_002506,932.58,UPI,network_timeout,SBI,0,1,0,0,0.614,0
txn_002507,124.64,Credit Card,insufficient_funds,Yes Bank,21,2,0,1,0.876,0
txn_002508,728.51,Debit Card,bank_server_down,Kotak,12,2,0,1,0.638,0
txn_002509,444.5,UPI,risk_flagged,ICICI,12,4,0,0,0.77,0
txn_002510,163.15,Debit Card,insufficient_funds,HDFC,12,3,0,0,0.703,0
txn_002511,739.35,Netbanking,risk_flagged,SBI,20,3,0,0,0.761,0
txn_002512,51.28,UPI,bank_server_down,SBI,17,6,1,0,0.761,1
txn_002513,229.26,UPI,card_declined,Kotak,4,3,0,0,0.897,0
txn_002514,1511.72,Credit Card,bank_server_down,Kotak,5,1,0,0,0.683,1
txn_002515,859.07,UPI,network_timeout,HDFC,9,5,1,1,0.695,0
txn_002516,828.29,UPI,insufficient_funds,ICICI,18,2,0,0,0.406,0
txn_002517,1532.09,Credit Card,wrong_otp,Yes Bank,3,0,0,0,0.499,0
txn_002518,3272.24,Debit Card,insufficient_funds,SBI,11,0,0,1,0.906,0
txn_002519,1523.56,Netbanking,network_timeout,Axis,3,3,0,2,0.791,1
txn_002520,561.97,UPI,bank_server_down,ICICI,15,6,1,1,0.774,1
txn_002521,136.72,Debit Card,insufficient_funds,ICICI,14,2,0,2,0.953,0
txn_002522,1011.68,Credit Card,bank_server_down,Kotak,7,0,0,0,0.449,1
txn_002523,852.65,UPI,bank_server_down,SBI,17,0,0,3,0.659,0
txn_002524,457.66,Debit Card,insufficient_funds,IDFC,9,1,0,2,0.824,0
txn_002525,985.26,Credit Card,wrong_otp,SBI,15,1,0,0,0.919,1
txn_002526,340.62,UPI,card_declined,Yes Bank,10,3,0,2,0.586,0
txn_002527,269.39,Debit Card,insufficient_funds,IDFC,20,1,0,0,0.693,0
txn_002528,933.37,UPI,wrong_otp,Kotak,23,0,0,0,0.678,1
txn_002529,2047.0,Debit Card,risk_flagged,IDFC,10,6,1,2,0.642,0
txn_002530,468.44,Wallet,card_declined,ICICI,1,1,0,0,0.959,0
txn_002531,767.55,UPI,insufficient_funds,Kotak,21,1,0,0,0.824,0
txn_002532,1934.02,Credit Card,card_declined,ICICI,15,1,0,0,0.687,1
txn_002533,556.23,Credit Card,insufficient_funds,ICICI,4,6,1,1,0.817,0
txn_002534,181.19,Netbanking,insufficient_funds,ICICI,4,2,0,1,0.763,0
txn_002535,716.84,Wallet,network_timeout,Kotak,19,2,0,0,0.869,0
txn_002536,2396.12,Debit Card,wrong_otp,Yes Bank,21,0,0,0,0.78,0
txn_002537,241.57,Credit Card,wrong_otp,SBI,1,3,0,1,0.772,0
txn_002538,293.76,UPI,insufficient_funds,Axis,22,2,0,0,0.738,0
txn_002539,273.27,Netbanking,card_declined,Yes Bank,18,2,0,0,0.484,1
txn_002540,54.77,UPI,network_timeout,Kotak,19,3,0,1,0.499,1
txn_002541,624.27,UPI,wrong_otp,ICICI,19,6,1,1,0.638,1
txn_002542,1213.51,Debit Card,wrong_otp,ICICI,5,6,1,0,0.757,1
txn_002543,4210.51,UPI,network_timeout,Kotak,19,5,1,0,0.849,0
txn_002544,344.46,Credit Card,risk_flagged,IDFC,15,6,1,0,0.475,0
txn_002545,201.4,Debit Card,network_timeout,ICICI,23,4,0,0,0.834,1
txn_002546,802.2,UPI,bank_server_down,Kotak,19,3,0,1,0.669,1
txn_002547,534.62,UPI,bank_server_down,Yes Bank,3,3,0,1,0.887,0
txn_002548,728.6,UPI,network_timeout,Axis,11,4,0,0,0.643,1
txn_002549,668.46,UPI,insufficient_funds,Kotak,5,4,0,0,0.815,0
txn_002550,8664.08,UPI,risk_flagged,Kotak,17,1,0,0,0.553,0
txn_002551,164.98,UPI,card_declined,Axis,13,5,1,0,0.391,0
txn_002552,169.18,UPI,expired_card,Axis,6,4,0,0,0.716,0
txn_002553,543.59,Credit Card,network_timeout,Yes Bank,3,5,1,0,0.483,1
txn_002554,112.3,Credit Card,card_declined,IDFC,7,2,0,0,0.727,0
txn_002555,1324.22,Debit Card,network_timeout,SBI,1,4,0,0,0.537,1
txn_002556,300.82,UPI,insufficient_funds,Kotak,20,3,0,0,0.762,0
txn_002557,346.29,Debit Card,risk_flagged,Axis,9,2,0,2,0.914,0
txn_002558,2272.9,UPI,network_timeout,SBI,19,2,0,0,0.759,1
txn_002559,350.02,UPI,wrong_otp,Kotak,15,2,0,0,0.858,1
txn_002560,359.06,UPI,bank_server_down,ICICI,11,3,0,0,0.673,1
txn_002561,1182.09,UPI,card_declined,IDFC,1,2,0,1,0.32,0
txn_002562,1633.66,UPI,bank_server_down,IDFC,12,1,0,0,0.629,1
txn_002563,6415.61,Debit Card,card_declined,Yes Bank,4,4,0,1,0.832,0
txn_002564,1353.31,Credit Card,card_declined,ICICI,22,6,1,0,0.697,1
txn_002565,1362.55,Debit Card,bank_server_down,Axis,11,4,0,1,0.919,1
txn_002566,385.08,Debit Card,network_timeout,Yes Bank,9,0,0,1,0.595,1
txn_002567,1380.92,UPI,network_timeout,ICICI,8,1,0,1,0.787,0
txn_002568,262.84,UPI,network_timeout,ICICI,22,0,0,1,0.701,1
txn_002569,72.85,Debit Card,bank_server_down,SBI,17,1,0,0,0.899,1
txn_002570,183.68,Debit Card,bank_server_down,ICICI,18,2,0,1,0.708,1
txn_002571,475.91,Debit Card,wrong_otp,Axis,8,6,1,0,0.933,1
txn_002572,2344.95,Credit Card,card_declined,SBI,11,5,1,0,0.618,1
txn_002573,323.59,UPI,network_timeout,IDFC,18,5,1,0,0.875,0
txn_002574,1110.09,UPI,insufficient_funds,HDFC,13,2,0,0,0.47,0
txn_002575,6179.82,Debit Card,card_declined,Axis,8,1,0,0,0.679,1
txn_002576,242.68,UPI,network_timeout,Kotak,21,1,0,0,0.466,1
txn_002577,1027.53,Credit Card,insufficient_funds,Yes Bank,22,2,0,1,0.745,0
txn_002578,592.74,UPI,wrong_otp,Axis,11,4,0,0,0.593,0
txn_002579,489.54,UPI,network_timeout,SBI,3,2,0,2,0.817,0
txn_002580,1028.44,UPI,network_timeout,ICICI,9,6,1,3,0.877,0
txn_002581,794.39,UPI,card_declined,SBI,4,2,0,0,0.676,1
txn_002582,2792.23,UPI,network_timeout,SBI,12,5,1,2,0.819,0
txn_002583,1498.65,UPI,insufficient_funds,HDFC,17,6,1,1,0.781,1
txn_002584,175.42,UPI,risk_flagged,Axis,6,5,1,0,0.738,1
txn_002585,1177.53,UPI,insufficient_funds,IDFC,18,0,0,1,0.68,1
txn_002586,636.74,Debit Card,insufficient_funds,Yes Bank,15,3,0,0,0.643,1
txn_002587,420.09,Debit Card,bank_server_down,Yes Bank,18,2,0,0,0.633,1
txn_002588,295.25,UPI,insufficient_funds,HDFC,2,5,1,0,0.701,0
txn_002589,873.85,Credit Card,insufficient_funds,Kotak,0,0,0,0,0.398,0
txn_002590,1005.14,UPI,card_declined,Yes Bank,20,6,1,0,0.851,0
txn_002591,1622.13,UPI,risk_flagged,Axis,11,0,0,0,0.345,0
txn_002592,393.05,UPI,wrong_otp,Yes Bank,3,0,0,0,0.905,0
txn_002593,2607.26,Debit Card,insufficient_funds,Kotak,16,1,0,0,0.379,0
txn_002594,490.13,UPI,network_timeout,IDFC,13,6,1,0,0.547,1
txn_002595,547.7,Netbanking,insufficient_funds,SBI,2,5,1,1,0.695,0
txn_002596,594.67,Netbanking,card_declined,Yes Bank,11,2,0,1,0.559,0
txn_002597,42.89,UPI,wrong_otp,IDFC,7,2,0,0,0.901,0
txn_002598,868.41,UPI,insufficient_funds,Yes Bank,5,2,0,1,0.872,0
txn_002599,532.9,Wallet,insufficient_funds,Axis,12,6,1,0,0.686,0
txn_002600,1174.3,UPI,bank_server_down,Yes Bank,11,3,0,0,0.858,1
txn_002601,1588.45,UPI,bank_server_down,Axis,23,5,1,1,0.832,1
txn_002602,121.5,Debit Card,insufficient_funds,Yes Bank,15,3,0,1,0.496,0
txn_002603,903.84,Credit Card,card_declined,Axis,13,6,1,1,0.928,0
txn_002604,267.63,Netbanking,bank_server_down,IDFC,7,2,0,1,0.685,1
txn_002605,804.68,UPI,card_declined,Kotak,4,3,0,1,0.89,1
txn_002606,895.96,Credit Card,network_timeout,ICICI,16,1,0,0,0.767,0
txn_002607,1697.69,UPI,insufficient_funds,SBI,15,6,1,1,0.513,0
txn_002608,3527.38,UPI,bank_server_down,Kotak,14,4,0,1,0.807,1
txn_002609,608.12,UPI,bank_server_down,ICICI,16,0,0,3,0.498,0
txn_002610,1787.95,Netbanking,wrong_otp,SBI,7,5,1,0,0.489,1
txn_002611,1553.72,UPI,insufficient_funds,ICICI,1,3,0,0,0.496,0
txn_002612,302.43,UPI,wrong_otp,IDFC,2,4,0,0,0.893,1
txn_002613,528.63,Netbanking,card_declined,HDFC,13,2,0,0,0.936,0
txn_002614,1416.0,Credit Card,bank_server_down,ICICI,6,4,0,0,0.824,1
txn_002615,400.82,UPI,network_timeout,SBI,11,0,0,0,0.913,1
txn_002616,1188.6,Credit Card,risk_flagged,Axis,12,0,0,0,0.792,0
txn_002617,438.92,Credit Card,insufficient_funds,Yes Bank,7,3,0,0,0.674,1
txn_002618,380.6,UPI,bank_server_down,ICICI,13,3,0,0,0.861,1
txn_002619,463.98,UPI,risk_flagged,ICICI,9,0,0,2,0.809,0
txn_002620,242.62,Debit Card,network_timeout,SBI,18,2,0,1,0.755,1
txn_002621,120.87,Debit Card,bank_server_down,Kotak,7,0,0,2,0.972,0
txn_002622,138.82,Netbanking,risk_flagged,Yes Bank,2,3,0,0,0.826,0
txn_002623,2097.59,Debit Card,insufficient_funds,HDFC,5,6,1,0,0.262,0
txn_002624,467.96,UPI,bank_server_down,ICICI,22,4,0,0,0.476,1
txn_002625,893.18,Debit Card,wrong_otp,HDFC,2,0,0,0,0.502,0
txn_002626,4932.42,UPI,bank_server_down,ICICI,5,2,0,0,0.721,1
txn_002627,325.07,UPI,insufficient_funds,Kotak,17,3,0,3,0.834,0
txn_002628,353.49,Debit Card,insufficient_funds,Yes Bank,12,3,0,0,0.56,0
txn_002629,1933.02,Credit Card,network_timeout,ICICI,16,0,0,1,0.638,1
txn_002630,2475.93,Credit Card,insufficient_funds,ICICI,16,6,1,1,0.888,0
txn_002631,274.49,Netbanking,expired_card,Kotak,2,3,0,0,0.389,0
txn_002632,469.86,UPI,risk_flagged,ICICI,9,4,0,0,0.683,0
txn_002633,179.89,Wallet,insufficient_funds,Axis,20,4,0,0,0.737,0
txn_002634,1204.84,Wallet,bank_server_down,ICICI,0,2,0,1,0.917,0
txn_002635,775.12,Wallet,card_declined,HDFC,1,0,0,0,0.782,0
txn_002636,170.06,UPI,bank_server_down,Kotak,1,0,0,0,0.739,1
txn_002637,1844.02,UPI,card_declined,SBI,18,0,0,0,0.378,0
txn_002638,1930.97,UPI,insufficient_funds,Yes Bank,8,4,0,0,0.666,0
txn_002639,1829.13,Debit Card,insufficient_funds,SBI,14,6,1,0,0.873,0
txn_002640,776.49,Wallet,insufficient_funds,HDFC,10,0,0,0,0.701,0
txn_002641,569.7,Netbanking,risk_flagged,IDFC,8,3,0,0,0.893,1
txn_002642,5279.76,UPI,insufficient_funds,Yes Bank,9,0,0,0,0.898,1
txn_002643,560.35,Wallet,wrong_otp,Yes Bank,10,6,1,1,0.888,0
txn_002644,122.96,Credit Card,insufficient_funds,ICICI,7,1,0,1,0.734,0
txn_002645,893.87,UPI,bank_server_down,ICICI,21,3,0,1,0.672,1
txn_002646,758.07,Netbanking,insufficient_funds,Yes Bank,19,1,0,0,0.791,0
txn_002647,503.39,Credit Card,bank_server_down,SBI,6,3,0,2,0.426,0
txn_002648,3385.03,Netbanking,card_declined,Axis,1,1,0,1,0.762,1
txn_002649,350.4,UPI,insufficient_funds,IDFC,0,3,0,0,0.95,0
txn_002650,227.01,UPI,card_declined,ICICI,14,6,1,0,0.73,1
txn_002651,756.43,UPI,network_timeout,Kotak,9,3,0,0,0.756,1
txn_002652,485.87,UPI,card_declined,SBI,5,4,0,1,0.659,0
txn_002653,958.5,Wallet,network_timeout,Kotak,21,1,0,2,0.484,0
txn_002654,878.57,UPI,card_declined,Kotak,20,1,0,0,0.672,1
txn_002655,48.2,Wallet,insufficient_funds,ICICI,12,5,1,1,0.923,0
txn_002656,389.95,Credit Card,network_timeout,Axis,18,0,0,0,0.79,0
txn_002657,4527.32,Netbanking,bank_server_down,SBI,3,5,1,3,0.828,0
txn_002658,1556.88,Debit Card,insufficient_funds,HDFC,6,4,0,0,0.885,1
txn_002659,303.72,UPI,network_timeout,Kotak,0,0,0,0,0.783,0
txn_002660,455.28,UPI,wrong_otp,Yes Bank,20,2,0,2,0.51,0
txn_002661,176.62,Credit Card,bank_server_down,Kotak,10,4,0,1,0.92,0
txn_002662,142.1,Debit Card,wrong_otp,IDFC,13,0,0,0,0.754,0
txn_002663,3236.94,Credit Card,risk_flagged,Kotak,0,2,0,0,0.751,0
txn_002664,334.95,UPI,risk_flagged,HDFC,20,6,1,1,0.474,0
txn_002665,610.33,UPI,bank_server_down,Yes Bank,18,2,0,0,0.799,0
txn_002666,2139.11,UPI,card_declined,Axis,12,3,0,0,0.626,0
txn_002667,2551.04,UPI,bank_server_down,ICICI,0,6,1,1,0.77,1
txn_002668,158.5,UPI,card_declined,HDFC,1,1,0,0,0.89,0
txn_002669,189.33,UPI,insufficient_funds,ICICI,7,2,0,1,0.805,0
txn_002670,441.17,UPI,insufficient_funds,Yes Bank,21,0,0,0,0.83,0
txn_002671,484.63,Credit Card,insufficient_funds,HDFC,14,3,0,2,0.795,0
txn_002672,2813.77,UPI,network_timeout,SBI,11,1,0,0,0.649,0
txn_002673,3746.31,Credit Card,network_timeout,Kotak,6,2,0,1,0.831,1
txn_002674,1586.21,Netbanking,wrong_otp,IDFC,15,6,1,0,0.816,1
txn_002675,194.12,UPI,insufficient_funds,IDFC,2,3,0,1,0.931,1
txn_002676,357.0,Debit Card,card_declined,ICICI,14,6,1,0,0.682,1
txn_002677,1027.23,Credit Card,insufficient_funds,ICICI,7,5,1,2,0.845,0
txn_002678,438.63,UPI,insufficient_funds,IDFC,17,2,0,0,0.724,1
txn_002679,531.58,UPI,card_declined,HDFC,20,3,0,0,0.554,1
txn_002680,3572.09,Debit Card,wrong_otp,HDFC,21,5,1,0,0.754,1
txn_002681,5877.55,Wallet,network_timeout,SBI,23,2,0,1,0.66,1
txn_002682,572.46,Debit Card,insufficient_funds,Kotak,2,6,1,2,0.903,0
txn_002683,178.37,Wallet,network_timeout,Yes Bank,19,2,0,0,0.742,1
txn_002684,1303.19,UPI,insufficient_funds,IDFC,20,3,0,1,0.258,0
txn_002685,221.7,Wallet,expired_card,HDFC,14,0,0,0,0.63,0
txn_002686,3230.73,UPI,risk_flagged,Axis,5,5,1,0,0.591,0
txn_002687,225.38,UPI,wrong_otp,ICICI,10,2,0,0,0.814,0
txn_002688,506.82,UPI,expired_card,ICICI,12,0,0,2,0.699,0
txn_002689,251.11,UPI,card_declined,ICICI,11,3,0,2,0.909,0
txn_002690,257.53,Debit Card,bank_server_down,Axis,10,2,0,1,0.844,1
txn_002691,1216.28,UPI,card_declined,Kotak,4,0,0,1,0.457,0
txn_002692,792.09,UPI,card_declined,ICICI,23,3,0,0,0.544,0
txn_002693,888.77,Debit Card,network_timeout,Yes Bank,9,2,0,0,0.571,1
txn_002694,121.09,UPI,insufficient_funds,Kotak,7,0,0,0,0.865,0
txn_002695,493.33,Credit Card,bank_server_down,HDFC,10,5,1,1,0.707,1
txn_002696,420.25,UPI,network_timeout,ICICI,23,4,0,1,0.551,1
txn_002697,535.93,Netbanking,card_declined,Yes Bank,1,0,0,1,0.963,1
txn_002698,418.61,Netbanking,bank_server_down,Kotak,23,2,0,0,0.517,1
txn_002699,266.43,Netbanking,insufficient_funds,HDFC,7,5,1,0,0.885,1
txn_002700,382.42,UPI,insufficient_funds,Kotak,22,0,0,1,0.717,1
txn_002701,216.96,UPI,insufficient_funds,HDFC,11,2,0,0,0.589,1
txn_002702,861.22,Debit Card,insufficient_funds,SBI,3,6,1,0,0.441,0
txn_002703,730.66,Debit Card,bank_server_down,ICICI,22,5,1,1,0.891,1
txn_002704,372.97,UPI,insufficient_funds,Axis,10,3,0,0,0.754,0
txn_002705,2238.45,UPI,network_timeout,HDFC,4,6,1,0,0.747,1
txn_002706,303.34,Debit Card,expired_card,IDFC,7,5,1,4,0.759,0
txn_002707,374.56,UPI,insufficient_funds,HDFC,10,4,0,1,0.697,1
txn_002708,1117.61,Credit Card,network_timeout,SBI,8,6,1,1,0.913,1
txn_002709,1500.88,Debit Card,insufficient_funds,ICICI,9,1,0,0,0.849,0
txn_002710,126.37,UPI,risk_flagged,ICICI,3,0,0,0,0.722,0
txn_002711,1025.37,UPI,network_timeout,ICICI,16,2,0,0,0.822,0
txn_002712,3551.77,Credit Card,card_declined,Kotak,10,4,0,3,0.57,0
txn_002713,145.41,UPI,card_declined,Axis,2,3,0,0,0.739,0
txn_002714,869.3,Debit Card,card_declined,SBI,10,0,0,1,0.48,0
txn_002715,174.94,UPI,wrong_otp,SBI,23,3,0,1,0.742,0
txn_002716,437.41,UPI,expired_card,SBI,12,4,0,1,0.668,0
txn_002717,390.42,UPI,network_timeout,ICICI,15,2,0,0,0.58,0
txn_002718,1834.9,UPI,wrong_otp,Kotak,23,1,0,0,0.935,1
txn_002719,1699.11,Debit Card,network_timeout,IDFC,18,4,0,0,0.831,1
txn_002720,5520.05,UPI,bank_server_down,Kotak,4,1,0,5,0.814,0
txn_002721,783.56,Debit Card,card_declined,Kotak,23,2,0,1,0.621,0
txn_002722,733.12,UPI,insufficient_funds,SBI,5,6,1,2,0.625,0
txn_002723,1807.93,UPI,insufficient_funds,Yes Bank,2,6,1,1,0.87,1
txn_002724,1836.14,UPI,network_timeout,Yes Bank,20,6,1,0,0.529,0
txn_002725,462.5,UPI,insufficient_funds,SBI,10,5,1,1,0.7,0
txn_002726,446.82,Credit Card,wrong_otp,HDFC,8,6,1,0,0.602,1
txn_002727,185.08,UPI,card_declined,IDFC,15,1,0,2,0.863,1
txn_002728,195.51,UPI,insufficient_funds,HDFC,6,3,0,0,0.5,0
txn_002729,300.35,Debit Card,network_timeout,Kotak,20,1,0,1,0.855,1
txn_002730,289.63,Debit Card,wrong_otp,ICICI,16,1,0,1,0.878,1
txn_002731,295.57,UPI,card_declined,ICICI,9,4,0,2,0.806,1
txn_002732,3644.01,Debit Card,card_declined,ICICI,19,2,0,1,0.469,0
txn_002733,5621.3,Netbanking,bank_server_down,Yes Bank,2,4,0,1,0.493,1
txn_002734,236.73,Credit Card,risk_flagged,ICICI,10,2,0,0,0.64,0
txn_002735,717.14,UPI,insufficient_funds,Kotak,4,2,0,0,0.606,0
txn_002736,562.25,UPI,insufficient_funds,Yes Bank,22,1,0,0,0.699,0
txn_002737,305.59,Netbanking,bank_server_down,Kotak,6,2,0,3,0.825,1
txn_002738,889.61,Debit Card,insufficient_funds,IDFC,4,3,0,0,0.655,0
txn_002739,598.81,UPI,wrong_otp,Yes Bank,18,2,0,1,0.551,1
txn_002740,1951.81,UPI,insufficient_funds,HDFC,9,1,0,2,0.603,0
txn_002741,274.26,Credit Card,bank_server_down,Axis,21,5,1,1,0.544,1
txn_002742,890.61,UPI,expired_card,Kotak,23,2,0,2,0.536,0
txn_002743,198.73,UPI,risk_flagged,Yes Bank,23,2,0,1,0.75,0
txn_002744,4352.46,Debit Card,wrong_otp,SBI,11,5,1,1,0.637,1
txn_002745,383.0,UPI,risk_flagged,IDFC,19,0,0,1,0.384,0
txn_002746,100.69,Debit Card,bank_server_down,Axis,18,3,0,0,0.911,1
txn_002747,128.44,UPI,insufficient_funds,ICICI,13,3,0,0,0.691,1
txn_002748,3587.09,UPI,insufficient_funds,IDFC,18,1,0,0,0.949,1
txn_002749,480.06,Credit Card,bank_server_down,IDFC,12,5,1,1,0.661,1
txn_002750,1058.04,UPI,risk_flagged,ICICI,3,6,1,1,0.523,0
txn_002751,55.04,UPI,card_declined,SBI,4,5,1,2,0.543,0
txn_002752,1436.09,Debit Card,card_declined,SBI,16,2,0,0,0.737,0
txn_002753,646.01,UPI,wrong_otp,Kotak,0,0,0,0,0.507,0
txn_002754,860.1,Debit Card,bank_server_down,ICICI,12,5,1,3,0.648,1
txn_002755,744.62,UPI,bank_server_down,Kotak,19,5,1,1,0.823,0
txn_002756,303.75,UPI,expired_card,Axis,7,0,0,0,0.859,0
txn_002757,2819.55,UPI,card_declined,Yes Bank,13,5,1,1,0.679,0
txn_002758,1011.43,Credit Card,wrong_otp,SBI,23,5,1,0,0.46,0
txn_002759,626.71,Debit Card,bank_server_down,Axis,14,2,0,0,0.925,1
txn_002760,213.93,UPI,wrong_otp,Axis,18,2,0,1,0.577,0
txn_002761,2007.18,Debit Card,expired_card,HDFC,1,1,0,0,0.837,0
txn_002762,456.57,UPI,wrong_otp,SBI,11,3,0,1,0.526,0
txn_002763,431.1,UPI,network_timeout,IDFC,15,3,0,2,0.6,1
txn_002764,502.71,Credit Card,insufficient_funds,SBI,22,3,0,1,0.809,1
txn_002765,926.16,UPI,network_timeout,ICICI,3,0,0,2,0.608,1
txn_002766,1452.93,Netbanking,wrong_otp,Yes Bank,13,6,1,2,0.484,0
txn_002767,1547.66,Debit Card,network_timeout,Yes Bank,7,4,0,0,0.877,1
txn_002768,492.88,Debit Card,wrong_otp,IDFC,4,1,0,1,0.834,0
txn_002769,218.84,Netbanking,card_declined,Axis,18,5,1,0,0.485,0
txn_002770,1106.72,Credit Card,expired_card,Axis,17,3,0,0,0.798,0
txn_002771,778.98,Debit Card,bank_server_down,IDFC,6,0,0,0,0.394,1
txn_002772,787.29,Credit Card,bank_server_down,Kotak,0,4,0,1,0.713,0
txn_002773,943.13,Credit Card,expired_card,Kotak,5,5,1,2,0.682,0
txn_002774,1257.29,UPI,insufficient_funds,ICICI,4,4,0,2,0.518,0
txn_002775,180.52,Netbanking,network_timeout,Axis,18,2,0,0,0.803,0
txn_002776,1226.65,UPI,wrong_otp,ICICI,4,2,0,0,0.909,1
txn_002777,819.3,UPI,bank_server_down,IDFC,3,4,0,0,0.597,1
txn_002778,788.72,Credit Card,bank_server_down,SBI,22,0,0,0,0.497,1
txn_002779,60.73,Netbanking,bank_server_down,IDFC,14,3,0,1,0.206,1
txn_002780,3179.56,UPI,insufficient_funds,SBI,12,4,0,0,0.648,1
txn_002781,204.12,Debit Card,card_declined,SBI,12,4,0,2,0.835,0
txn_002782,4884.72,UPI,bank_server_down,ICICI,14,1,0,1,0.865,1
txn_002783,289.5,Credit Card,network_timeout,Axis,6,6,1,0,0.604,0
txn_002784,1182.81,Debit Card,card_declined,HDFC,16,3,0,1,0.39,0
txn_002785,1058.69,Credit Card,insufficient_funds,Axis,18,4,0,0,0.789,1
txn_002786,445.53,Netbanking,insufficient_funds,HDFC,19,3,0,1,0.953,0
txn_002787,672.48,UPI,network_timeout,SBI,20,2,0,1,0.774,1
txn_002788,1515.44,UPI,expired_card,Axis,7,3,0,0,0.677,0
txn_002789,860.92,Credit Card,card_declined,SBI,10,0,0,1,0.611,1
txn_002790,551.92,Netbanking,card_declined,ICICI,22,3,0,1,0.44,0
txn_002791,179.25,Credit Card,insufficient_funds,Yes Bank,19,6,1,1,0.821,1
txn_002792,681.69,UPI,insufficient_funds,Kotak,23,1,0,1,0.807,0
txn_002793,421.18,UPI,insufficient_funds,Yes Bank,4,3,0,0,0.661,0
txn_002794,1232.7,Netbanking,expired_card,Yes Bank,2,1,0,1,0.93,0
txn_002795,757.88,UPI,wrong_otp,Yes Bank,10,1,0,3,0.658,0
txn_002796,777.83,Credit Card,bank_server_down,IDFC,12,5,1,3,0.712,0
txn_002797,1169.76,UPI,bank_server_down,Axis,18,4,0,2,0.44,1
txn_002798,185.06,UPI,insufficient_funds,IDFC,1,5,1,0,0.748,1
txn_002799,1117.22,Credit Card,network_timeout,IDFC,22,1,0,1,0.637,0
txn_002800,379.06,Wallet,network_timeout,Axis,16,3,0,1,0.869,1
txn_002801,618.6,Netbanking,risk_flagged,HDFC,23,6,1,1,0.645,0
txn_002802,428.83,Debit Card,wrong_otp,SBI,23,6,1,2,0.428,1
txn_002803,312.36,UPI,risk_flagged,Axis,5,3,0,0,0.792,0
txn_002804,95.51,Credit Card,network_timeout,Axis,2,0,0,2,0.778,1
txn_002805,37.01,Credit Card,insufficient_funds,SBI,0,3,0,0,0.696,1
txn_002806,246.06,UPI,card_declined,IDFC,20,5,1,0,0.732,0
txn_002807,479.63,Debit Card,wrong_otp,Axis,14,2,0,1,0.818,1
txn_002808,680.09,UPI,expired_card,IDFC,1,0,0,0,0.702,0
txn_002809,100.09,Credit Card,insufficient_funds,IDFC,7,5,1,1,0.811,0
txn_002810,1431.69,Credit Card,insufficient_funds,SBI,7,4,0,0,0.831,0
txn_002811,262.13,Credit Card,network_timeout,Yes Bank,13,2,0,0,0.879,1
txn_002812,1416.12,Debit Card,risk_flagged,IDFC,15,2,0,0,0.826,0
txn_002813,953.42,Debit Card,card_declined,HDFC,6,0,0,1,0.82,1
txn_002814,1878.35,Netbanking,insufficient_funds,IDFC,15,4,0,1,0.532,0
txn_002815,806.18,Debit Card,bank_server_down,ICICI,15,6,1,0,0.835,0
txn_002816,212.27,Debit Card,bank_server_down,Kotak,20,3,0,1,0.65,1
txn_002817,382.37,UPI,network_timeout,ICICI,10,3,0,1,0.86,1
txn_002818,410.6,UPI,bank_server_down,Yes Bank,3,0,0,0,0.706,0
txn_002819,1529.61,UPI,network_timeout,HDFC,13,4,0,3,0.933,1
txn_002820,478.29,Credit Card,card_declined,IDFC,7,1,0,2,0.707,0
txn_002821,1986.03,Credit Card,card_declined,Axis,19,2,0,0,0.874,0
txn_002822,542.62,Credit Card,insufficient_funds,Yes Bank,3,1,0,1,0.714,0
txn_002823,1720.36,Wallet,card_declined,HDFC,3,0,0,1,0.854,0
txn_002824,446.14,Debit Card,insufficient_funds,Kotak,16,0,0,1,0.843,0
txn_002825,540.04,UPI,bank_server_down,IDFC,1,4,0,0,0.744,1
txn_002826,306.16,Debit Card,card_declined,ICICI,10,1,0,0,0.306,1
txn_002827,337.13,Debit Card,network_timeout,IDFC,14,5,1,0,0.596,1
txn_002828,2000.12,Netbanking,bank_server_down,IDFC,21,5,1,0,0.932,1
txn_002829,1757.66,Debit Card,network_timeout,IDFC,12,6,1,0,0.721,1
txn_002830,531.12,Debit Card,bank_server_down,Kotak,4,2,0,0,0.621,1
txn_002831,1050.16,Netbanking,card_declined,HDFC,6,2,0,0,0.666,0
txn_002832,1666.67,UPI,expired_card,HDFC,0,3,0,0,0.732,0
txn_002833,636.75,Debit Card,insufficient_funds,IDFC,19,0,0,2,0.426,0
txn_002834,637.75,UPI,bank_server_down,Kotak,23,1,0,1,0.5,0
txn_002835,781.61,UPI,insufficient_funds,HDFC,20,5,1,1,0.642,1
txn_002836,1440.22,Credit Card,card_declined,ICICI,5,1,0,1,0.333,0
txn_002837,4095.74,Credit Card,bank_server_down,Kotak,6,6,1,1,0.821,1
txn_002838,985.97,Debit Card,wrong_otp,ICICI,17,5,1,0,0.395,0
txn_002839,905.43,Netbanking,expired_card,Axis,3,3,0,0,0.791,0
txn_002840,748.03,UPI,risk_flagged,SBI,16,3,0,0,0.967,0
txn_002841,986.33,Credit Card,bank_server_down,Kotak,12,1,0,0,0.883,1
txn_002842,913.32,UPI,card_declined,Yes Bank,7,3,0,0,0.803,0
txn_002843,695.06,UPI,network_timeout,IDFC,6,6,1,1,0.644,1
txn_002844,184.7,Wallet,wrong_otp,Kotak,23,3,0,1,0.386,1
txn_002845,200.41,Netbanking,expired_card,IDFC,8,6,1,0,0.649,0
txn_002846,847.9,Credit Card,card_declined,Yes Bank,17,1,0,0,0.514,0
txn_002847,107.39,UPI,risk_flagged,HDFC,16,3,0,0,0.938,0
txn_002848,334.83,Wallet,network_timeout,Axis,9,2,0,0,0.717,1
txn_002849,595.35,UPI,card_declined,Kotak,5,1,0,0,0.618,0
txn_002850,377.0,UPI,insufficient_funds,Axis,23,5,1,1,0.887,1
txn_002851,84.9,Debit Card,wrong_otp,HDFC,22,5,1,0,0.539,0
txn_002852,604.42,Debit Card,insufficient_funds,Yes Bank,23,6,1,0,0.937,0
txn_002853,1097.17,UPI,insufficient_funds,HDFC,9,0,0,0,0.78,0
txn_002854,8610.41,Credit Card,wrong_otp,ICICI,5,0,0,0,0.649,0
txn_002855,1151.26,UPI,expired_card,HDFC,22,6,1,1,0.72,0
txn_002856,1023.56,UPI,expired_card,Kotak,3,1,0,0,0.85,0
txn_002857,63.14,UPI,insufficient_funds,SBI,16,5,1,0,0.883,0
txn_002858,717.61,Debit Card,card_declined,HDFC,4,5,1,0,0.472,1
txn_002859,1558.68,UPI,bank_server_down,ICICI,13,4,0,1,0.941,1
txn_002860,961.2,Credit Card,insufficient_funds,IDFC,19,4,0,2,0.966,0
txn_002861,8990.06,Netbanking,card_declined,SBI,17,5,1,0,0.86,0
txn_002862,282.25,UPI,network_timeout,HDFC,18,5,1,0,0.77,0
txn_002863,794.08,Credit Card,risk_flagged,ICICI,14,6,1,1,0.926,1
txn_002864,46.22,Debit Card,bank_server_down,IDFC,12,0,0,0,0.694,0
txn_002865,470.32,Debit Card,card_declined,Axis,0,4,0,0,0.851,0
txn_002866,630.9,UPI,insufficient_funds,Yes Bank,9,2,0,2,0.852,0
txn_002867,82.93,UPI,card_declined,IDFC,20,6,1,1,0.682,0
txn_002868,488.09,UPI,wrong_otp,Axis,6,5,1,1,0.659,1
txn_002869,619.29,UPI,risk_flagged,Kotak,1,2,0,0,0.762,0
txn_002870,949.07,Netbanking,insufficient_funds,ICICI,17,2,0,0,0.647,1
txn_002871,1697.11,Credit Card,risk_flagged,IDFC,13,4,0,0,0.685,0
txn_002872,129.25,Netbanking,card_declined,SBI,22,3,0,1,0.775,0
txn_002873,1301.97,UPI,insufficient_funds,ICICI,6,3,0,1,0.908,1
txn_002874,546.64,Credit Card,card_declined,HDFC,15,5,1,0,0.91,1
txn_002875,2606.78,UPI,wrong_otp,IDFC,1,3,0,0,0.567,0
txn_002876,607.01,Credit Card,insufficient_funds,Kotak,6,2,0,0,0.858,1
txn_002877,618.96,UPI,bank_server_down,SBI,6,5,1,2,0.723,1
txn_002878,197.39,Debit Card,bank_server_down,Axis,10,5,1,2,0.655,0
txn_002879,234.87,Debit Card,card_declined,HDFC,19,1,0,0,0.711,0
txn_002880,666.82,UPI,bank_server_down,Axis,2,6,1,1,0.448,0
txn_002881,162.87,UPI,wrong_otp,Kotak,13,3,0,1,0.418,0
txn_002882,541.96,Credit Card,wrong_otp,Axis,22,4,0,0,0.598,1
txn_002883,668.13,UPI,bank_server_down,Yes Bank,6,1,0,2,0.844,1
txn_002884,273.27,Credit Card,network_timeout,Axis,6,6,1,1,0.877,1
txn_002885,2996.75,Netbanking,network_timeout,Yes Bank,0,6,1,0,0.64,1
txn_002886,1579.12,Credit Card,expired_card,SBI,16,1,0,0,0.923,0
txn_002887,503.37,Wallet,insufficient_funds,Yes Bank,2,4,0,0,0.597,0
txn_002888,94.21,Debit Card,bank_server_down,Kotak,19,0,0,1,0.786,0
txn_002889,197.23,Debit Card,risk_flagged,ICICI,20,5,1,1,0.818,0
txn_002890,303.15,UPI,card_declined,Kotak,2,3,0,0,0.866,0
txn_002891,1022.54,Netbanking,insufficient_funds,SBI,5,6,1,0,0.352,0
txn_002892,171.54,Credit Card,expired_card,HDFC,7,3,0,1,0.72,0
txn_002893,984.5,Netbanking,bank_server_down,IDFC,0,1,0,1,0.337,1
txn_002894,266.41,UPI,network_timeout,SBI,9,0,0,0,0.49,1
txn_002895,367.36,UPI,bank_server_down,Axis,14,1,0,1,0.77,1
txn_002896,361.16,Debit Card,risk_flagged,Yes Bank,15,3,0,2,0.468,0
txn_002897,1039.96,Netbanking,wrong_otp,ICICI,13,2,0,0,0.945,1
txn_002898,339.39,UPI,network_timeout,Kotak,14,2,0,1,0.572,1
txn_002899,818.2,UPI,insufficient_funds,Yes Bank,23,4,0,0,0.784,0
txn_002900,860.91,Credit Card,insufficient_funds,SBI,18,1,0,0,0.833,0
txn_002901,308.09,Netbanking,insufficient_funds,Kotak,4,5,1,0,0.747,0
txn_002902,576.83,Debit Card,risk_flagged,Axis,17,5,1,1,0.478,1
txn_002903,383.31,Credit Card,network_timeout,SBI,8,2,0,0,0.559,1
txn_002904,267.9,Credit Card,card_declined,Kotak,3,5,1,0,0.653,0
txn_002905,271.09,UPI,insufficient_funds,Axis,21,4,0,1,0.781,0
txn_002906,146.63,UPI,risk_flagged,Axis,22,1,0,0,0.916,1
txn_002907,3243.6,UPI,bank_server_down,ICICI,6,6,1,0,0.837,1
txn_002908,1192.84,Credit Card,expired_card,ICICI,18,4,0,2,0.885,0
txn_002909,4204.22,Wallet,wrong_otp,HDFC,4,4,0,1,0.888,1
txn_002910,120.33,Credit Card,wrong_otp,SBI,10,5,1,1,0.886,1
txn_002911,304.3,Debit Card,bank_server_down,HDFC,13,6,1,0,0.865,1
txn_002912,245.98,UPI,risk_flagged,SBI,14,4,0,1,0.89,0
txn_002913,189.23,UPI,wrong_otp,Yes Bank,5,0,0,0,0.617,0
txn_002914,236.7,Debit Card,bank_server_down,Kotak,23,5,1,0,0.5,1
txn_002915,918.58,Debit Card,network_timeout,Axis,19,4,0,2,0.947,0
txn_002916,1824.61,UPI,bank_server_down,ICICI,1,6,1,0,0.747,0
txn_002917,136.91,Credit Card,bank_server_down,ICICI,0,3,0,1,0.917,1
txn_002918,609.81,Credit Card,risk_flagged,ICICI,11,0,0,1,0.848,0
txn_002919,611.87,Wallet,network_timeout,Kotak,9,6,1,0,0.354,1
txn_002920,521.04,Debit Card,card_declined,ICICI,21,4,0,0,0.944,0
txn_002921,59.42,Credit Card,insufficient_funds,ICICI,9,5,1,0,0.66,0
txn_002922,590.17,UPI,wrong_otp,ICICI,5,1,0,2,0.864,1
txn_002923,458.71,UPI,insufficient_funds,Kotak,22,3,0,1,0.74,1
txn_002924,115.01,Wallet,network_timeout,Yes Bank,8,2,0,3,0.766,0
txn_002925,1115.23,Wallet,bank_server_down,Axis,13,1,0,1,0.525,1
txn_002926,486.82,Credit Card,card_declined,Yes Bank,18,0,0,1,0.813,0
txn_002927,3016.1,UPI,insufficient_funds,HDFC,3,2,0,2,0.89,1
txn_002928,204.05,Wallet,risk_flagged,SBI,6,0,0,0,0.755,0
txn_002929,918.45,Debit Card,bank_server_down,Yes Bank,8,5,1,0,0.555,0
txn_002930,289.07,Wallet,card_declined,ICICI,2,5,1,2,0.707,0
txn_002931,157.43,Wallet,bank_server_down,IDFC,14,1,0,2,0.487,0
txn_002932,496.63,Debit Card,network_timeout,ICICI,8,1,0,2,0.535,1
txn_002933,1711.49,Debit Card,insufficient_funds,SBI,6,4,0,2,0.731,1
txn_002934,136.64,UPI,wrong_otp,HDFC,19,2,0,1,0.818,0
txn_002935,379.35,Netbanking,insufficient_funds,Kotak,20,5,1,2,0.781,0
txn_002936,862.16,Credit Card,insufficient_funds,ICICI,20,5,1,2,0.642,0
txn_002937,1438.29,UPI,wrong_otp,Kotak,0,3,0,0,0.776,1
txn_002938,32.16,Netbanking,wrong_otp,SBI,14,4,0,1,0.922,1
txn_002939,897.85,Wallet,expired_card,IDFC,18,3,0,0,0.622,0
txn_002940,1320.29,Credit Card,card_declined,HDFC,2,0,0,1,0.884,0
txn_002941,336.88,UPI,insufficient_funds,Yes Bank,11,6,1,2,0.629,0
txn_002942,448.23,UPI,card_declined,IDFC,19,3,0,3,0.939,0
txn_002943,1616.08,UPI,wrong_otp,SBI,19,6,1,0,0.469,0
txn_002944,80.55,UPI,card_declined,ICICI,21,2,0,0,0.798,0
txn_002945,466.42,UPI,network_timeout,HDFC,6,6,1,1,0.748,0
txn_002946,491.36,Netbanking,bank_server_down,Kotak,0,0,0,0,0.821,0
txn_002947,877.92,UPI,network_timeout,Kotak,6,6,1,0,0.897,1
txn_002948,992.33,UPI,insufficient_funds,ICICI,2,0,0,0,0.886,0
txn_002949,268.7,Credit Card,wrong_otp,HDFC,22,5,1,0,0.821,1
txn_002950,3710.75,Credit Card,bank_server_down,Yes Bank,10,4,0,0,0.676,1
txn_002951,2395.8,Debit Card,network_timeout,SBI,9,0,0,0,0.945,1
txn_002952,692.87,Credit Card,insufficient_funds,IDFC,12,3,0,1,0.705,0
txn_002953,718.75,UPI,insufficient_funds,ICICI,1,0,0,2,0.688,0
txn_002954,762.45,UPI,insufficient_funds,IDFC,4,4,0,0,0.915,1
txn_002955,819.92,Debit Card,card_declined,Yes Bank,11,0,0,2,0.478,0
txn_002956,801.37,Debit Card,bank_server_down,Kotak,18,4,0,1,0.856,1
txn_002957,312.62,Debit Card,risk_flagged,ICICI,16,4,0,2,0.853,0
txn_002958,1243.46,Credit Card,card_declined,SBI,18,6,1,0,0.979,0
txn_002959,472.7,Debit Card,wrong_otp,SBI,19,4,0,1,0.584,0
txn_002960,1297.6,UPI,wrong_otp,HDFC,23,4,0,0,0.678,0
txn_002961,623.03,UPI,wrong_otp,IDFC,4,1,0,1,0.493,0
txn_002962,104.22,Wallet,bank_server_down,IDFC,13,5,1,2,0.821,1
txn_002963,290.78,Credit Card,bank_server_down,ICICI,22,4,0,0,0.58,1
txn_002964,815.38,Debit Card,insufficient_funds,Kotak,16,3,0,0,0.564,0
txn_002965,389.89,UPI,network_timeout,Axis,16,6,1,1,0.42,0
txn_002966,275.9,Netbanking,insufficient_funds,SBI,22,1,0,0,0.574,0
txn_002967,1175.14,Wallet,insufficient_funds,SBI,5,2,0,0,0.798,0
txn_002968,9178.57,UPI,card_declined,HDFC,22,4,0,1,0.847,1
txn_002969,238.97,UPI,wrong_otp,SBI,23,1,0,0,0.919,0
txn_002970,86.16,UPI,risk_flagged,HDFC,9,5,1,0,0.796,0
txn_002971,101.28,UPI,bank_server_down,SBI,10,5,1,0,0.782,1
txn_002972,354.51,Netbanking,risk_flagged,HDFC,2,1,0,1,0.762,0
txn_002973,3259.57,Credit Card,card_declined,HDFC,13,1,0,4,0.631,0
txn_002974,78.46,UPI,network_timeout,Yes Bank,1,0,0,1,0.898,0
txn_002975,98.19,Debit Card,wrong_otp,ICICI,19,0,0,0,0.75,0
txn_002976,170.55,UPI,network_timeout,Yes Bank,0,1,0,1,0.593,1
txn_002977,2769.46,UPI,insufficient_funds,HDFC,15,1,0,1,0.412,1
txn_002978,200.95,UPI,card_declined,HDFC,15,2,0,1,0.76,0
txn_002979,1278.69,UPI,bank_server_down,IDFC,20,5,1,2,0.787,1
txn_002980,350.47,Credit Card,insufficient_funds,Kotak,7,0,0,1,0.753,0
txn_002981,462.2,UPI,wrong_otp,Kotak,15,5,1,1,0.525,1
txn_002982,581.25,Debit Card,insufficient_funds,Axis,14,6,1,0,0.569,0
txn_002983,313.27,Debit Card,wrong_otp,ICICI,2,2,0,1,0.81,0
txn_002984,304.06,UPI,bank_server_down,IDFC,11,3,0,0,0.578,1
txn_002985,541.57,Credit Card,insufficient_funds,Axis,22,1,0,1,0.897,1
txn_002986,238.33,UPI,expired_card,Yes Bank,12,5,1,0,0.44,0
txn_002987,387.79,UPI,risk_flagged,ICICI,17,3,0,1,0.745,0
txn_002988,139.1,UPI,insufficient_funds,HDFC,11,1,0,0,0.857,1
txn_002989,1296.62,Credit Card,expired_card,Kotak,12,3,0,2,0.551,0
txn_002990,270.08,Credit Card,bank_server_down,HDFC,10,6,1,1,0.829,1
txn_002991,1276.19,UPI,network_timeout,Yes Bank,10,2,0,1,0.655,1
txn_002992,961.42,Credit Card,network_timeout,HDFC,3,5,1,1,0.789,1
txn_002993,6349.5,Credit Card,network_timeout,Yes Bank,5,0,0,0,0.811,0
txn_002994,140.14,Debit Card,bank_server_down,IDFC,13,4,0,0,0.578,1
txn_002995,1212.76,UPI,network_timeout,Axis,17,2,0,0,0.813,1
txn_002996,441.46,UPI,insufficient_funds,Yes Bank,7,1,0,0,0.476,0
txn_002997,230.25,Netbanking,network_timeout,Kotak,8,4,0,0,0.424,0
txn_002998,1048.8,UPI,bank_server_down,ICICI,12,1,0,1,0.976,0
txn_002999,1031.5,Debit Card,bank_server_down,SBI,10,5,1,0,0.517,1
txn_003000,213.27,Debit Card,insufficient_funds,ICICI,13,6,1,1,0.39,1
txn_003001,262.27,Netbanking,expired_card,ICICI,9,5,1,4,0.684,0
txn_003002,1544.16,UPI,wrong_otp,Kotak,12,5,1,0,0.614,0
txn_003003,530.74,Credit Card,insufficient_funds,IDFC,7,0,0,1,0.762,0
txn_003004,374.7,UPI,bank_server_down,SBI,9,2,0,1,0.786,1
txn_003005,3320.64,UPI,card_declined,Kotak,10,6,1,2,0.974,0
txn_003006,473.69,Debit Card,risk_flagged,SBI,17,5,1,0,0.441,0
txn_003007,8994.87,UPI,network_timeout,HDFC,20,0,0,2,0.838,0
txn_003008,815.82,UPI,expired_card,Kotak,4,1,0,1,0.815,0
txn_003009,379.54,UPI,risk_flagged,IDFC,10,2,0,0,0.697,0
txn_003010,806.21,Credit Card,network_timeout,Kotak,5,0,0,0,0.464,0
txn_003011,961.28,Debit Card,bank_server_down,Yes Bank,18,2,0,2,0.393,0
txn_003012,402.12,Netbanking,risk_flagged,ICICI,20,4,0,1,0.813,0
txn_003013,224.36,UPI,network_timeout,IDFC,16,1,0,0,0.759,1
txn_003014,278.75,UPI,card_declined,IDFC,2,0,0,2,0.913,1
txn_003015,273.98,UPI,insufficient_funds,Kotak,15,2,0,0,0.812,0
txn_003016,1286.24,UPI,bank_server_down,IDFC,8,1,0,0,0.344,1
txn_003017,336.72,Credit Card,insufficient_funds,Axis,15,0,0,0,0.768,0
txn_003018,2438.98,UPI,insufficient_funds,SBI,3,5,1,0,0.945,1
txn_003019,2501.66,UPI,risk_flagged,HDFC,14,4,0,0,0.644,0
txn_003020,539.99,UPI,insufficient_funds,Yes Bank,21,1,0,1,0.853,0
txn_003021,397.64,Credit Card,network_timeout,IDFC,5,2,0,0,0.535,1
txn_003022,1696.7,UPI,risk_flagged,SBI,13,6,1,1,0.657,0
txn_003023,1222.04,UPI,expired_card,IDFC,23,2,0,1,0.904,0
txn_003024,1652.25,UPI,insufficient_funds,SBI,12,3,0,0,0.609,0
txn_003025,1437.54,Credit Card,network_timeout,IDFC,21,1,0,0,0.649,1
txn_003026,2462.5,Debit Card,wrong_otp,HDFC,18,1,0,3,0.93,0
txn_003027,182.08,UPI,network_timeout,ICICI,17,3,0,1,0.766,1
txn_003028,1148.48,Debit Card,insufficient_funds,IDFC,7,5,1,0,0.296,1
txn_003029,888.29,UPI,wrong_otp,IDFC,20,3,0,0,0.51,0
txn_003030,149.87,Netbanking,insufficient_funds,Yes Bank,6,4,0,2,0.574,1
txn_003031,270.59,Credit Card,network_timeout,Yes Bank,18,4,0,1,0.633,1
txn_003032,6471.31,Netbanking,insufficient_funds,Axis,12,0,0,0,0.516,0
txn_003033,796.21,Debit Card,network_timeout,Kotak,6,4,0,1,0.691,1
txn_003034,105.01,Debit Card,insufficient_funds,IDFC,15,3,0,0,0.669,0
txn_003035,447.88,Credit Card,bank_server_down,Yes Bank,16,5,1,0,0.416,1
txn_003036,693.88,Debit Card,insufficient_funds,HDFC,23,2,0,0,0.582,1
txn_003037,566.64,Debit Card,expired_card,SBI,18,0,0,0,0.78,0
txn_003038,261.22,UPI,insufficient_funds,ICICI,2,5,1,0,0.879,0
txn_003039,1239.3,Debit Card,wrong_otp,Kotak,10,2,0,1,0.76,0
txn_003040,537.0,UPI,bank_server_down,ICICI,0,3,0,0,0.503,0
txn_003041,787.66,UPI,bank_server_down,SBI,22,4,0,0,0.425,1
txn_003042,783.01,UPI,wrong_otp,SBI,16,2,0,0,0.773,0
txn_003043,690.33,UPI,card_declined,SBI,14,3,0,0,0.796,1
txn_003044,871.6,Netbanking,wrong_otp,HDFC,15,2,0,1,0.944,1
txn_003045,4006.51,UPI,bank_server_down,Yes Bank,14,1,0,3,0.653,0
txn_003046,770.93,Credit Card,risk_flagged,HDFC,7,5,1,2,0.876,0
txn_003047,933.53,Debit Card,wrong_otp,Kotak,4,4,0,1,0.648,0
txn_003048,259.21,UPI,bank_server_down,Yes Bank,6,6,1,1,0.522,0
txn_003049,1745.96,Credit Card,card_declined,Yes Bank,12,0,0,1,0.691,1
txn_003050,1356.32,UPI,card_declined,Yes Bank,17,1,0,0,0.491,1
txn_003051,1064.32,UPI,insufficient_funds,IDFC,9,6,1,3,0.77,0
txn_003052,494.46,UPI,wrong_otp,ICICI,13,6,1,2,0.623,0
txn_003053,1902.09,Credit Card,bank_server_down,Yes Bank,16,6,1,0,0.441,1
txn_003054,604.09,Debit Card,card_declined,IDFC,23,6,1,0,0.764,0
txn_003055,1034.14,Debit Card,bank_server_down,Yes Bank,0,6,1,0,0.671,1
txn_003056,1304.46,UPI,bank_server_down,Yes Bank,12,4,0,1,0.611,1
txn_003057,394.54,Netbanking,wrong_otp,HDFC,9,5,1,0,0.779,0
txn_003058,299.6,UPI,insufficient_funds,SBI,3,0,0,0,0.638,0
txn_003059,424.38,Debit Card,network_timeout,IDFC,21,4,0,1,0.639,1
txn_003060,779.88,Credit Card,insufficient_funds,Yes Bank,1,0,0,1,0.705,1
txn_003061,87.42,Debit Card,insufficient_funds,Axis,7,2,0,0,0.768,0
txn_003062,5237.6,UPI,insufficient_funds,ICICI,22,6,1,0,0.592,1
txn_003063,1074.09,Debit Card,insufficient_funds,ICICI,8,4,0,1,0.724,0
txn_003064,1104.85,Credit Card,network_timeout,IDFC,18,5,1,1,0.661,0
txn_003065,640.89,UPI,wrong_otp,ICICI,23,1,0,0,0.795,0
txn_003066,406.62,UPI,card_declined,Axis,21,2,0,0,0.546,1
txn_003067,143.3,Debit Card,wrong_otp,IDFC,12,0,0,1,0.58,1
txn_003068,155.63,UPI,wrong_otp,Kotak,10,2,0,1,0.581,0
txn_003069,321.49,Credit Card,insufficient_funds,Axis,5,5,1,0,0.381,0
txn_003070,714.38,UPI,bank_server_down,SBI,14,4,0,0,0.871,1
txn_003071,2058.23,UPI,risk_flagged,HDFC,20,1,0,0,0.608,0
txn_003072,1696.9,Debit Card,insufficient_funds,HDFC,5,1,0,0,0.866,1
txn_003073,298.55,Debit Card,insufficient_funds,HDFC,7,2,0,0,0.544,0
txn_003074,370.44,Debit Card,card_declined,ICICI,16,4,0,0,0.94,1
txn_003075,954.98,Credit Card,card_declined,Axis,10,6,1,1,0.737,1
txn_003076,1434.64,Debit Card,insufficient_funds,IDFC,23,4,0,2,0.558,0
txn_003077,2644.72,UPI,wrong_otp,SBI,7,2,0,1,0.777,1
txn_003078,1854.52,Debit Card,card_declined,Axis,7,4,0,2,0.589,1
txn_003079,994.63,Debit Card,wrong_otp,Kotak,11,3,0,1,0.677,1
txn_003080,387.15,Credit Card,insufficient_funds,SBI,10,3,0,1,0.87,0
txn_003081,1319.1,Credit Card,card_declined,IDFC,8,1,0,2,0.975,1
txn_003082,491.91,Credit Card,insufficient_funds,ICICI,6,6,1,0,0.422,1
txn_003083,1015.46,UPI,insufficient_funds,SBI,18,2,0,0,0.837,0
txn_003084,239.52,UPI,network_timeout,ICICI,10,3,0,2,0.723,1
txn_003085,525.97,UPI,risk_flagged,ICICI,3,2,0,0,0.874,0
txn_003086,1380.03,Credit Card,expired_card,Axis,0,4,0,0,0.718,0
txn_003087,473.13,Credit Card,wrong_otp,Yes Bank,5,1,0,1,0.694,1
txn_003088,1242.65,UPI,network_timeout,Yes Bank,20,5,1,2,0.69,1
txn_003089,713.99,Debit Card,bank_server_down,Yes Bank,10,2,0,0,0.707,1
txn_003090,1567.54,UPI,insufficient_funds,Yes Bank,22,3,0,1,0.763,0
txn_003091,1201.88,Debit Card,insufficient_funds,ICICI,20,1,0,1,0.843,0
txn_003092,138.18,Wallet,bank_server_down,Yes Bank,12,5,1,0,0.586,1
txn_003093,443.73,UPI,risk_flagged,HDFC,4,1,0,0,0.541,1
txn_003094,501.82,UPI,insufficient_funds,IDFC,20,5,1,0,0.856,1
txn_003095,472.0,Credit Card,bank_server_down,ICICI,1,1,0,0,0.907,1
txn_003096,2061.73,Credit Card,card_declined,IDFC,8,6,1,0,0.524,0
txn_003097,485.35,UPI,card_declined,Axis,1,3,0,1,0.956,0
txn_003098,417.73,Debit Card,insufficient_funds,Kotak,16,2,0,1,0.496,1
txn_003099,92.95,Debit Card,wrong_otp,Yes Bank,23,5,1,0,0.855,1
txn_003100,1173.9,UPI,bank_server_down,IDFC,23,0,0,2,0.729,0
txn_003101,596.19,Debit Card,card_declined,IDFC,5,5,1,2,0.882,0
txn_003102,285.07,Credit Card,insufficient_funds,HDFC,3,6,1,2,0.813,0
txn_003103,3018.45,Debit Card,wrong_otp,Kotak,0,5,1,2,0.908,0
txn_003104,889.32,Credit Card,wrong_otp,Axis,5,6,1,1,0.547,0
txn_003105,401.8,Debit Card,insufficient_funds,IDFC,22,3,0,0,0.905,0
txn_003106,1175.91,UPI,card_declined,Axis,18,2,0,0,0.867,0
txn_003107,4116.87,Debit Card,expired_card,Kotak,8,3,0,0,0.726,0
txn_003108,360.94,UPI,wrong_otp,IDFC,23,4,0,1,0.525,0
txn_003109,787.7,UPI,card_declined,Kotak,2,5,1,0,0.493,0
txn_003110,244.92,Credit Card,insufficient_funds,IDFC,14,3,0,0,0.53,0
txn_003111,1853.29,UPI,card_declined,Axis,9,4,0,0,0.801,1
txn_003112,124.9,Debit Card,insufficient_funds,Axis,9,4,0,0,0.651,1
txn_003113,629.05,Debit Card,insufficient_funds,Kotak,18,1,0,0,0.816,0
txn_003114,2294.55,UPI,wrong_otp,Yes Bank,3,6,1,1,0.73,0
txn_003115,3055.68,UPI,insufficient_funds,Yes Bank,1,5,1,0,0.717,1
txn_003116,459.52,Debit Card,network_timeout,Kotak,23,2,0,1,0.757,0
txn_003117,314.14,Debit Card,card_declined,SBI,17,5,1,0,0.724,1
txn_003118,308.73,Wallet,network_timeout,ICICI,6,6,1,2,0.619,0
txn_003119,3178.41,UPI,insufficient_funds,Yes Bank,1,0,0,0,0.567,0
txn_003120,1824.39,Credit Card,insufficient_funds,HDFC,12,0,0,1,0.904,1
txn_003121,3181.68,UPI,insufficient_funds,ICICI,21,1,0,2,0.87,0
txn_003122,167.09,Netbanking,risk_flagged,Kotak,13,5,1,0,0.874,0
txn_003123,778.28,UPI,card_declined,HDFC,10,4,0,1,0.671,0
txn_003124,447.0,Debit Card,card_declined,IDFC,22,2,0,0,0.948,1
txn_003125,1115.44,Debit Card,wrong_otp,Yes Bank,20,6,1,0,0.535,0
txn_003126,1970.18,Debit Card,bank_server_down,Kotak,17,4,0,2,0.673,0
txn_003127,412.7,Debit Card,wrong_otp,Kotak,2,5,1,0,0.752,1
txn_003128,919.26,Debit Card,bank_server_down,IDFC,0,2,0,0,0.916,1
txn_003129,1231.59,Netbanking,risk_flagged,HDFC,9,1,0,0,0.819,0
txn_003130,435.43,UPI,wrong_otp,ICICI,21,4,0,1,0.802,1
txn_003131,1523.53,UPI,card_declined,Yes Bank,11,0,0,2,0.62,1
txn_003132,1090.32,Wallet,network_timeout,Axis,16,3,0,0,0.801,1
txn_003133,665.07,Credit Card,card_declined,Yes Bank,9,4,0,0,0.562,1
txn_003134,2300.89,UPI,network_timeout,IDFC,15,4,0,1,0.701,1
txn_003135,520.5,UPI,insufficient_funds,SBI,2,4,0,1,0.373,0
txn_003136,211.48,UPI,insufficient_funds,SBI,18,3,0,1,0.789,1
txn_003137,534.64,UPI,insufficient_funds,HDFC,21,4,0,1,0.888,0
txn_003138,624.17,Credit Card,bank_server_down,HDFC,21,2,0,1,0.605,1
txn_003139,336.17,UPI,network_timeout,SBI,21,0,0,0,0.646,1
txn_003140,3156.21,UPI,bank_server_down,SBI,3,1,0,0,0.852,1
txn_003141,590.63,Credit Card,wrong_otp,ICICI,13,4,0,0,0.64,0
txn_003142,2327.56,Debit Card,insufficient_funds,Yes Bank,22,3,0,0,0.647,0
txn_003143,669.99,Netbanking,network_timeout,Yes Bank,5,0,0,0,0.725,1
txn_003144,1074.2,UPI,insufficient_funds,Yes Bank,19,5,1,0,0.491,0
txn_003145,428.64,Debit Card,insufficient_funds,Axis,21,5,1,1,0.708,0
txn_003146,162.77,UPI,card_declined,Kotak,12,5,1,0,0.556,0
txn_003147,742.08,Debit Card,card_declined,ICICI,17,5,1,1,0.917,0
txn_003148,182.76,Credit Card,bank_server_down,Axis,20,0,0,0,0.892,0
txn_003149,1835.18,Credit Card,insufficient_funds,ICICI,2,1,0,0,0.836,0
txn_003150,2169.91,Credit Card,network_timeout,IDFC,3,3,0,0,0.702,0
txn_003151,582.39,Wallet,card_declined,Yes Bank,2,6,1,1,0.465,1
txn_003152,314.34,UPI,bank_server_down,ICICI,17,1,0,1,0.713,1
txn_003153,146.58,Netbanking,card_declined,IDFC,16,2,0,0,0.469,1
txn_003154,220.61,Credit Card,wrong_otp,Axis,22,3,0,1,0.56,0
txn_003155,1587.77,Credit Card,bank_server_down,Kotak,9,4,0,1,0.795,0
txn_003156,1004.72,Debit Card,bank_server_down,Yes Bank,12,4,0,0,0.818,1
txn_003157,167.21,Debit Card,network_timeout,SBI,9,4,0,0,0.557,1
txn_003158,547.47,UPI,wrong_otp,IDFC,6,0,0,1,0.795,1
txn_003159,125.82,UPI,card_declined,HDFC,5,5,1,0,0.777,1
txn_003160,530.06,Netbanking,bank_server_down,ICICI,9,0,0,1,0.879,0
txn_003161,134.52,UPI,insufficient_funds,IDFC,8,1,0,1,0.518,0
txn_003162,101.82,Netbanking,insufficient_funds,SBI,19,6,1,2,0.805,0
txn_003163,81.27,Debit Card,insufficient_funds,IDFC,16,6,1,3,0.924,0
txn_003164,1034.07,Credit Card,bank_server_down,IDFC,15,3,0,0,0.672,0
txn_003165,1038.34,Debit Card,risk_flagged,SBI,10,0,0,0,0.788,0
txn_003166,109.85,Credit Card,insufficient_funds,Yes Bank,16,5,1,1,0.866,0
txn_003167,4389.23,UPI,card_declined,ICICI,0,0,0,0,0.578,1
txn_003168,313.29,UPI,wrong_otp,Axis,12,4,0,0,0.654,0
txn_003169,232.14,Debit Card,insufficient_funds,Axis,23,4,0,0,0.628,1
txn_003170,700.21,UPI,expired_card,HDFC,0,1,0,1,0.622,0
txn_003171,953.84,UPI,expired_card,Axis,3,4,0,0,0.842,0
txn_003172,322.18,UPI,bank_server_down,SBI,7,6,1,0,0.885,1
txn_003173,401.86,Debit Card,risk_flagged,HDFC,16,2,0,1,0.827,0
txn_003174,2823.83,UPI,risk_flagged,SBI,14,0,0,1,0.608,0
txn_003175,2532.86,Credit Card,card_declined,Axis,2,5,1,1,0.388,1
txn_003176,524.1,Debit Card,card_declined,Kotak,12,0,0,0,0.862,1
txn_003177,357.82,Netbanking,risk_flagged,Axis,13,5,1,0,0.475,0
txn_003178,258.18,Debit Card,network_timeout,Yes Bank,9,2,0,1,0.816,1
txn_003179,267.34,Netbanking,network_timeout,HDFC,19,3,0,0,0.208,0
txn_003180,846.13,UPI,insufficient_funds,Axis,17,2,0,1,0.768,1
txn_003181,515.05,Debit Card,insufficient_funds,Axis,14,0,0,1,0.784,0
txn_003182,137.28,Debit Card,insufficient_funds,IDFC,0,5,1,1,0.666,0
txn_003183,609.24,Credit Card,bank_server_down,Yes Bank,21,3,0,1,0.297,1
txn_003184,2685.94,Credit Card,network_timeout,Axis,20,0,0,0,0.87,1
txn_003185,345.44,UPI,card_declined,Kotak,9,2,0,1,0.723,0
txn_003186,203.9,UPI,insufficient_funds,IDFC,13,3,0,2,0.853,0
txn_003187,334.67,UPI,card_declined,HDFC,22,2,0,0,0.569,1
txn_003188,749.09,Debit Card,network_timeout,HDFC,15,4,0,0,0.72,1
txn_003189,1751.01,Netbanking,insufficient_funds,SBI,20,6,1,0,0.877,0
txn_003190,82.23,UPI,insufficient_funds,SBI,2,2,0,2,0.863,0
txn_003191,145.94,Debit Card,insufficient_funds,ICICI,5,2,0,1,0.926,0
txn_003192,329.75,UPI,card_declined,Yes Bank,16,4,0,2,0.422,0
txn_003193,460.4,UPI,network_timeout,Yes Bank,12,3,0,0,0.557,1
txn_003194,1460.95,Credit Card,bank_server_down,IDFC,22,6,1,0,0.66,1
txn_003195,893.43,UPI,expired_card,IDFC,22,4,0,0,0.808,0
txn_003196,520.4,Debit Card,card_declined,Kotak,1,1,0,0,0.693,1
txn_003197,501.51,Wallet,risk_flagged,Axis,1,5,1,1,0.9,0
txn_003198,214.53,UPI,network_timeout,IDFC,23,0,0,1,0.534,1
txn_003199,825.88,Netbanking,network_timeout,ICICI,19,6,1,0,0.817,1
txn_003200,191.97,UPI,insufficient_funds,ICICI,22,1,0,1,0.338,0
txn_003201,1919.68,UPI,network_timeout,Yes Bank,17,3,0,0,0.707,0
txn_003202,178.37,UPI,insufficient_funds,ICICI,11,1,0,0,0.659,1
txn_003203,322.33,Credit Card,wrong_otp,IDFC,13,3,0,0,0.511,0
txn_003204,334.84,Debit Card,bank_server_down,Yes Bank,14,6,1,1,0.722,1
txn_003205,860.66,Wallet,expired_card,Yes Bank,1,6,1,0,0.749,0
txn_003206,1312.91,Wallet,risk_flagged,SBI,19,3,0,0,0.25,0
txn_003207,1101.72,UPI,insufficient_funds,Yes Bank,15,4,0,0,0.668,0
txn_003208,529.29,Credit Card,wrong_otp,HDFC,10,3,0,2,0.567,0
txn_003209,1024.45,UPI,card_declined,Axis,5,3,0,0,0.752,1
txn_003210,3029.88,Netbanking,insufficient_funds,ICICI,19,2,0,0,0.513,0
txn_003211,419.86,UPI,card_declined,HDFC,9,1,0,0,0.883,1
txn_003212,829.98,UPI,card_declined,ICICI,11,6,1,1,0.912,1
txn_003213,376.11,UPI,risk_flagged,Kotak,18,5,1,1,0.904,0
txn_003214,906.99,Credit Card,bank_server_down,ICICI,4,1,0,0,0.745,1
txn_003215,8279.39,UPI,bank_server_down,Yes Bank,5,1,0,0,0.704,0
txn_003216,2820.33,Wallet,insufficient_funds,Kotak,18,3,0,0,0.955,0
txn_003217,1808.08,UPI,bank_server_down,Yes Bank,17,6,1,1,0.459,0
txn_003218,238.73,Debit Card,insufficient_funds,SBI,7,2,0,0,0.245,0
txn_003219,1187.74,UPI,bank_server_down,Yes Bank,22,2,0,2,0.65,1
txn_003220,915.75,UPI,card_declined,SBI,0,5,1,2,0.762,1
txn_003221,958.38,UPI,risk_flagged,SBI,6,0,0,0,0.718,0
txn_003222,580.94,UPI,insufficient_funds,Axis,11,6,1,1,0.819,0
txn_003223,3377.63,Debit Card,wrong_otp,SBI,14,1,0,0,0.81,0
txn_003224,1687.26,Debit Card,card_declined,IDFC,14,0,0,1,0.433,0
txn_003225,1427.45,Credit Card,insufficient_funds,HDFC,0,4,0,1,0.622,0
txn_003226,1628.22,Credit Card,network_timeout,SBI,3,0,0,0,0.616,0
txn_003227,445.61,Debit Card,network_timeout,Yes Bank,18,1,0,3,0.536,1
txn_003228,178.67,UPI,network_timeout,SBI,23,4,0,0,0.368,1
txn_003229,2053.22,UPI,wrong_otp,HDFC,0,3,0,0,0.728,1
txn_003230,738.89,Debit Card,insufficient_funds,ICICI,2,4,0,0,0.92,0
txn_003231,741.33,UPI,bank_server_down,SBI,5,1,0,0,0.543,0
txn_003232,368.0,Debit Card,wrong_otp,Kotak,13,2,0,0,0.819,1
txn_003233,2435.74,UPI,insufficient_funds,HDFC,16,5,1,2,0.665,0
txn_003234,431.0,UPI,risk_flagged,ICICI,7,2,0,1,0.548,1
txn_003235,1503.82,Wallet,wrong_otp,HDFC,10,4,0,0,0.883,0
txn_003236,278.66,UPI,risk_flagged,Axis,3,6,1,1,0.843,0
txn_003237,736.76,Credit Card,expired_card,Axis,19,1,0,1,0.705,0
txn_003238,198.49,Credit Card,risk_flagged,HDFC,6,3,0,0,0.863,0
txn_003239,434.44,Netbanking,network_timeout,Axis,23,4,0,1,0.807,0
txn_003240,1800.4,UPI,card_declined,Axis,20,6,1,0,0.724,0
txn_003241,75.87,UPI,wrong_otp,Axis,19,4,0,0,0.644,1
txn_003242,215.19,Credit Card,insufficient_funds,ICICI,14,0,0,2,0.816,0
txn_003243,3340.82,UPI,insufficient_funds,SBI,15,3,0,0,0.878,1
txn_003244,550.29,Debit Card,insufficient_funds,Kotak,6,6,1,0,0.566,0
txn_003245,226.56,UPI,bank_server_down,Axis,9,4,0,0,0.862,0
txn_003246,5244.84,Debit Card,network_timeout,Yes Bank,21,1,0,1,0.55,1
txn_003247,189.97,UPI,bank_server_down,IDFC,15,5,1,0,0.402,0
txn_003248,934.24,Debit Card,insufficient_funds,Axis,8,1,0,1,0.601,0
txn_003249,509.61,UPI,bank_server_down,IDFC,9,6,1,0,0.653,0
txn_003250,447.24,UPI,insufficient_funds,HDFC,3,2,0,2,0.775,1
txn_003251,587.02,UPI,insufficient_funds,HDFC,21,6,1,1,0.809,1
txn_003252,573.1,Credit Card,insufficient_funds,Yes Bank,6,6,1,1,0.913,0
txn_003253,2052.57,UPI,network_timeout,Kotak,11,3,0,0,0.911,1
txn_003254,201.67,Debit Card,risk_flagged,SBI,11,6,1,1,0.938,0
txn_003255,1576.3,UPI,insufficient_funds,Kotak,4,6,1,1,0.534,1
txn_003256,188.21,UPI,wrong_otp,SBI,7,5,1,0,0.68,1
txn_003257,1178.08,UPI,network_timeout,HDFC,21,3,0,0,0.808,1
txn_003258,1967.65,Credit Card,network_timeout,HDFC,4,6,1,0,0.724,1
txn_003259,1471.49,UPI,network_timeout,SBI,10,3,0,0,0.87,1
txn_003260,801.95,UPI,network_timeout,Kotak,9,2,0,0,0.855,1
txn_003261,2152.13,Credit Card,risk_flagged,IDFC,18,3,0,3,0.914,0
txn_003262,262.19,UPI,bank_server_down,IDFC,18,3,0,0,0.828,1
txn_003263,240.07,UPI,insufficient_funds,IDFC,4,3,0,0,0.753,1
txn_003264,964.17,Debit Card,insufficient_funds,Kotak,18,1,0,0,0.722,0
txn_003265,936.02,UPI,network_timeout,ICICI,10,1,0,0,0.646,1
txn_003266,2392.23,UPI,card_declined,SBI,0,2,0,1,0.894,1
txn_003267,55.01,UPI,card_declined,Yes Bank,15,1,0,2,0.934,1
txn_003268,320.3,Netbanking,insufficient_funds,HDFC,15,6,1,2,0.707,0
txn_003269,2108.98,Debit Card,card_declined,SBI,15,6,1,0,0.92,1
txn_003270,407.03,Credit Card,network_timeout,Yes Bank,18,2,0,0,0.501,0
txn_003271,1275.85,Credit Card,network_timeout,Yes Bank,5,3,0,0,0.835,0
txn_003272,585.97,Credit Card,network_timeout,HDFC,11,3,0,0,0.852,0
txn_003273,657.69,Debit Card,network_timeout,HDFC,3,0,0,0,0.596,1
txn_003274,681.3,Debit Card,network_timeout,HDFC,2,1,0,0,0.759,1
txn_003275,1537.16,Debit Card,network_timeout,SBI,23,2,0,1,0.749,1
txn_003276,914.08,Credit Card,insufficient_funds,IDFC,13,1,0,2,0.561,0
txn_003277,4989.46,Credit Card,insufficient_funds,IDFC,2,3,0,0,0.991,0
txn_003278,470.21,Debit Card,bank_server_down,ICICI,0,6,1,0,0.805,1
txn_003279,221.31,Credit Card,bank_server_down,IDFC,22,4,0,0,0.521,1
txn_003280,1973.64,Debit Card,bank_server_down,IDFC,18,3,0,0,0.852,1
txn_003281,302.49,UPI,card_declined,SBI,16,1,0,2,0.81,0
txn_003282,1329.77,UPI,bank_server_down,Axis,10,1,0,0,0.808,1
txn_003283,371.17,Credit Card,bank_server_down,Axis,15,3,0,0,0.719,1
txn_003284,66.11,Netbanking,wrong_otp,HDFC,4,6,1,1,0.722,0
txn_003285,505.91,Credit Card,insufficient_funds,HDFC,6,1,0,2,0.622,0
txn_003286,162.01,UPI,network_timeout,Kotak,17,1,0,2,0.81,1
txn_003287,176.53,UPI,bank_server_down,HDFC,21,6,1,1,0.9,1
txn_003288,1419.36,UPI,expired_card,HDFC,21,1,0,0,0.692,0
txn_003289,887.8,Netbanking,wrong_otp,ICICI,7,3,0,0,0.483,1
txn_003290,394.11,UPI,bank_server_down,HDFC,18,6,1,0,0.706,1
txn_003291,1111.31,Debit Card,bank_server_down,ICICI,4,1,0,0,0.577,1
txn_003292,335.74,Credit Card,card_declined,IDFC,18,6,1,0,0.553,1
txn_003293,127.32,Credit Card,insufficient_funds,Kotak,6,3,0,0,0.418,0
txn_003294,312.41,UPI,insufficient_funds,Axis,12,5,1,0,0.75,0
txn_003295,812.51,UPI,network_timeout,Yes Bank,8,4,0,2,0.931,0
txn_003296,240.01,Netbanking,network_timeout,HDFC,15,0,0,0,0.755,1
txn_003297,1309.68,UPI,network_timeout,Axis,21,2,0,0,0.743,1
txn_003298,1930.15,UPI,risk_flagged,Axis,6,0,0,0,0.746,0
txn_003299,1085.15,Credit Card,insufficient_funds,Yes Bank,3,1,0,1,0.966,0
txn_003300,367.97,Debit Card,wrong_otp,SBI,9,3,0,0,0.457,1
txn_003301,174.18,UPI,card_declined,HDFC,3,2,0,0,0.809,0
txn_003302,425.98,Debit Card,bank_server_down,IDFC,3,5,1,1,0.685,0
txn_003303,1004.5,UPI,network_timeout,ICICI,4,3,0,1,0.549,0
txn_003304,187.95,Debit Card,wrong_otp,Yes Bank,14,5,1,0,0.678,0
txn_003305,736.48,UPI,insufficient_funds,HDFC,3,1,0,0,0.731,1
txn_003306,714.02,Credit Card,network_timeout,Kotak,4,6,1,0,0.494,0
txn_003307,917.82,Debit Card,risk_flagged,ICICI,23,4,0,0,0.725,1
txn_003308,163.39,Debit Card,risk_flagged,ICICI,16,3,0,1,0.424,0
txn_003309,1060.36,Credit Card,risk_flagged,SBI,1,1,0,1,0.804,0
txn_003310,2962.86,Netbanking,wrong_otp,Axis,21,5,1,1,0.517,0
txn_003311,349.34,Wallet,insufficient_funds,Kotak,20,0,0,0,0.695,0
txn_003312,1647.53,UPI,wrong_otp,HDFC,0,1,0,0,0.771,1
txn_003313,2691.77,Credit Card,bank_server_down,SBI,23,4,0,1,0.722,0
txn_003314,4339.99,UPI,wrong_otp,ICICI,13,3,0,0,0.638,1
txn_003315,830.23,Debit Card,wrong_otp,Yes Bank,0,5,1,0,0.813,0
txn_003316,1325.2,UPI,insufficient_funds,Axis,23,1,0,1,0.671,1
txn_003317,364.51,Credit Card,card_declined,IDFC,3,2,0,1,0.855,0
txn_003318,306.01,Credit Card,wrong_otp,ICICI,2,2,0,2,0.586,1
txn_003319,929.77,Debit Card,insufficient_funds,Axis,18,5,1,1,0.436,1
txn_003320,509.64,Debit Card,risk_flagged,Kotak,23,1,0,0,0.542,0
txn_003321,755.58,Wallet,wrong_otp,IDFC,9,0,0,0,0.869,0
txn_003322,1686.85,UPI,risk_flagged,Axis,23,2,0,0,0.85,0
txn_003323,2026.66,UPI,card_declined,Axis,15,0,0,3,0.699,1
txn_003324,261.06,Credit Card,insufficient_funds,SBI,15,0,0,1,0.814,0
txn_003325,390.75,UPI,insufficient_funds,SBI,7,3,0,1,0.42,0
txn_003326,166.56,Debit Card,bank_server_down,Axis,22,4,0,1,0.867,1
txn_003327,3316.48,Credit Card,card_declined,ICICI,16,1,0,1,0.407,1
txn_003328,1027.36,UPI,bank_server_down,IDFC,16,1,0,1,0.724,1
txn_003329,173.1,UPI,card_declined,HDFC,7,5,1,0,0.513,0
txn_003330,577.56,Debit Card,bank_server_down,Kotak,3,3,0,1,0.894,1
txn_003331,264.83,UPI,wrong_otp,HDFC,4,5,1,1,0.485,0
txn_003332,2951.98,UPI,insufficient_funds,IDFC,0,0,0,1,0.836,0
txn_003333,183.08,UPI,insufficient_funds,Kotak,13,4,0,1,0.819,0
txn_003334,1455.17,Debit Card,network_timeout,Axis,23,5,1,0,0.651,0
txn_003335,146.23,Netbanking,insufficient_funds,Yes Bank,14,4,0,0,0.729,1
txn_003336,1001.18,Debit Card,insufficient_funds,SBI,11,6,1,0,0.59,0
txn_003337,158.58,UPI,insufficient_funds,Kotak,11,2,0,0,0.834,0
txn_003338,515.77,Debit Card,insufficient_funds,SBI,10,2,0,0,0.91,0
txn_003339,773.19,Netbanking,insufficient_funds,IDFC,10,2,0,0,0.957,0
txn_003340,2428.64,Credit Card,insufficient_funds,IDFC,5,3,0,1,0.623,0
txn_003341,589.98,UPI,risk_flagged,Kotak,17,6,1,1,0.733,1
txn_003342,454.4,Credit Card,network_timeout,Axis,0,3,0,0,0.657,1
txn_003343,490.47,Debit Card,card_declined,Axis,22,6,1,1,0.715,0
txn_003344,595.11,Debit Card,bank_server_down,HDFC,4,4,0,2,0.721,0
txn_003345,291.73,Credit Card,network_timeout,Yes Bank,17,6,1,2,0.843,0
txn_003346,639.63,UPI,network_timeout,SBI,23,6,1,0,0.657,1
txn_003347,1041.03,UPI,network_timeout,Axis,5,4,0,2,0.679,0
txn_003348,5370.4,Wallet,insufficient_funds,SBI,19,6,1,0,0.817,0
txn_003349,516.1,UPI,insufficient_funds,SBI,18,0,0,0,0.555,1
txn_003350,2442.24,UPI,insufficient_funds,Yes Bank,18,5,1,0,0.818,1
txn_003351,286.01,UPI,insufficient_funds,IDFC,21,5,1,1,0.628,0
txn_003352,62.3,Netbanking,insufficient_funds,Axis,19,4,0,3,0.711,0
txn_003353,103.72,UPI,card_declined,HDFC,7,2,0,0,0.707,1
txn_003354,355.96,Netbanking,bank_server_down,Yes Bank,0,2,0,1,0.887,1
txn_003355,3611.04,UPI,bank_server_down,Kotak,2,4,0,1,0.896,1
txn_003356,626.75,Credit Card,wrong_otp,SBI,16,3,0,1,0.733,0
txn_003357,103.7,Debit Card,wrong_otp,SBI,9,0,0,1,0.619,1
txn_003358,558.12,UPI,wrong_otp,Kotak,7,6,1,2,0.607,1
txn_003359,1396.66,UPI,bank_server_down,HDFC,13,4,0,1,0.425,0
txn_003360,813.5,UPI,risk_flagged,Yes Bank,4,6,1,0,0.668,1
txn_003361,279.12,Debit Card,card_declined,Yes Bank,0,4,0,0,0.484,1
txn_003362,565.93,UPI,insufficient_funds,Yes Bank,3,1,0,2,0.848,0
txn_003363,678.63,Credit Card,insufficient_funds,IDFC,15,6,1,0,0.654,0
txn_003364,884.59,UPI,card_declined,Kotak,12,6,1,0,0.826,1
txn_003365,1356.48,UPI,network_timeout,HDFC,9,2,0,0,0.751,0
txn_003366,1307.59,Netbanking,bank_server_down,ICICI,0,2,0,2,0.733,0
txn_003367,316.97,Debit Card,bank_server_down,Yes Bank,8,2,0,2,0.86,1
txn_003368,2626.1,Debit Card,bank_server_down,SBI,13,2,0,1,0.644,1
txn_003369,610.12,Debit Card,wrong_otp,HDFC,23,3,0,0,0.599,0
txn_003370,1966.99,UPI,network_timeout,Yes Bank,12,5,1,0,0.634,0
txn_003371,391.03,UPI,insufficient_funds,HDFC,18,0,0,0,0.836,0
txn_003372,216.0,Debit Card,network_timeout,Kotak,13,3,0,2,0.79,0
txn_003373,420.32,UPI,network_timeout,Kotak,3,1,0,0,0.708,1
txn_003374,1010.2,UPI,card_declined,Axis,1,5,1,0,0.871,1
txn_003375,348.43,Netbanking,bank_server_down,IDFC,15,2,0,0,0.688,1
txn_003376,807.65,UPI,insufficient_funds,ICICI,8,0,0,1,0.714,1
txn_003377,3537.03,Wallet,card_declined,HDFC,5,5,1,0,0.719,1
txn_003378,591.75,Netbanking,card_declined,Yes Bank,13,1,0,1,0.521,1
txn_003379,1882.44,Wallet,insufficient_funds,SBI,19,1,0,0,0.518,1
txn_003380,36.2,UPI,bank_server_down,ICICI,22,4,0,1,0.718,1
txn_003381,243.19,Credit Card,insufficient_funds,SBI,21,5,1,0,0.848,0
txn_003382,761.0,Debit Card,wrong_otp,IDFC,17,5,1,1,0.908,1
txn_003383,2208.04,UPI,bank_server_down,ICICI,1,6,1,1,0.363,1
txn_003384,631.17,Debit Card,insufficient_funds,IDFC,15,6,1,0,0.86,0
txn_003385,401.6,Credit Card,bank_server_down,HDFC,18,1,0,2,0.795,0
txn_003386,129.81,UPI,expired_card,ICICI,9,6,1,1,0.747,0
txn_003387,2663.11,Debit Card,network_timeout,ICICI,8,0,0,0,0.942,0
txn_003388,794.6,UPI,insufficient_funds,SBI,11,1,0,0,0.638,1
txn_003389,365.23,UPI,insufficient_funds,Yes Bank,22,3,0,1,0.739,1
txn_003390,658.34,UPI,card_declined,HDFC,2,1,0,1,0.854,0
txn_003391,1054.36,UPI,bank_server_down,SBI,18,1,0,0,0.848,0
txn_003392,340.37,Credit Card,bank_server_down,ICICI,7,6,1,0,0.882,1
txn_003393,340.92,Netbanking,wrong_otp,IDFC,11,0,0,1,0.654,1
txn_003394,2428.05,Credit Card,insufficient_funds,IDFC,19,3,0,0,0.774,0
txn_003395,133.87,Credit Card,card_declined,ICICI,5,4,0,1,0.573,0
txn_003396,225.22,Debit Card,expired_card,HDFC,7,4,0,1,0.82,0
txn_003397,11758.48,Debit Card,wrong_otp,IDFC,22,1,0,1,0.509,0
txn_003398,7822.05,UPI,network_timeout,HDFC,19,2,0,0,0.568,0
txn_003399,123.47,Debit Card,insufficient_funds,ICICI,2,6,1,1,0.626,0
txn_003400,2626.1,Debit Card,insufficient_funds,Yes Bank,22,4,0,1,0.763,0
txn_003401,398.29,Netbanking,expired_card,Kotak,10,3,0,2,0.598,0
txn_003402,244.06,Debit Card,risk_flagged,SBI,1,0,0,0,0.45,0
txn_003403,240.45,Credit Card,insufficient_funds,SBI,14,6,1,0,0.721,0
txn_003404,717.3,UPI,network_timeout,Yes Bank,7,0,0,0,0.729,1
txn_003405,311.38,UPI,network_timeout,Axis,7,0,0,0,0.946,1
txn_003406,2130.5,Credit Card,network_timeout,SBI,4,0,0,0,0.597,1
txn_003407,2429.94,UPI,risk_flagged,Yes Bank,19,0,0,0,0.724,0
txn_003408,530.08,Netbanking,card_declined,IDFC,6,5,1,0,0.42,0
txn_003409,911.24,UPI,insufficient_funds,Kotak,16,4,0,1,0.488,0
txn_003410,596.07,Debit Card,bank_server_down,HDFC,11,4,0,1,0.745,1
txn_003411,6173.19,UPI,bank_server_down,Axis,0,2,0,2,0.317,1
txn_003412,991.33,UPI,insufficient_funds,SBI,9,0,0,1,0.84,0
txn_003413,304.0,UPI,wrong_otp,HDFC,13,1,0,2,0.893,0
txn_003414,271.17,UPI,bank_server_down,IDFC,0,2,0,1,0.494,1
txn_003415,1182.75,UPI,card_declined,HDFC,13,1,0,0,0.921,1
txn_003416,398.52,UPI,network_timeout,Kotak,21,0,0,1,0.509,0
txn_003417,1027.08,UPI,network_timeout,Kotak,16,1,0,0,0.634,1
txn_003418,231.48,UPI,insufficient_funds,Axis,18,2,0,1,0.76,1
txn_003419,280.7,Credit Card,insufficient_funds,Axis,13,1,0,0,0.926,1
txn_003420,69.06,UPI,card_declined,Kotak,14,3,0,0,0.85,0
txn_003421,1650.04,Debit Card,network_timeout,Axis,15,5,1,1,0.891,1
txn_003422,209.66,Debit Card,network_timeout,SBI,21,0,0,1,0.509,1
txn_003423,692.24,UPI,wrong_otp,HDFC,10,5,1,2,0.611,0
txn_003424,207.76,UPI,network_timeout,IDFC,8,5,1,1,0.594,1
txn_003425,2801.44,Wallet,wrong_otp,HDFC,16,3,0,1,0.913,0
txn_003426,559.91,UPI,insufficient_funds,IDFC,17,0,0,2,0.701,0
txn_003427,135.64,Credit Card,insufficient_funds,SBI,13,0,0,3,0.638,0
txn_003428,1115.82,UPI,insufficient_funds,HDFC,11,3,0,0,0.893,0
txn_003429,557.71,Debit Card,insufficient_funds,HDFC,12,0,0,0,0.937,1
txn_003430,909.73,UPI,insufficient_funds,Kotak,0,6,1,0,0.879,1
txn_003431,83.18,Debit Card,network_timeout,Kotak,21,3,0,1,0.808,1
txn_003432,1766.84,Credit Card,wrong_otp,ICICI,2,1,0,1,0.521,0
txn_003433,3162.65,UPI,insufficient_funds,HDFC,19,0,0,2,0.642,0
txn_003434,1301.81,UPI,insufficient_funds,IDFC,16,4,0,1,0.679,1
txn_003435,889.55,UPI,insufficient_funds,SBI,7,0,0,1,0.892,0
txn_003436,2407.29,Wallet,card_declined,SBI,23,6,1,0,0.708,0
txn_003437,1698.12,UPI,network_timeout,Kotak,13,1,0,1,0.921,1
txn_003438,1824.3,Credit Card,bank_server_down,Kotak,5,4,0,0,0.804,1
txn_003439,4232.56,Credit Card,network_timeout,SBI,8,1,0,2,0.95,1
txn_003440,271.87,Credit Card,card_declined,Yes Bank,8,3,0,0,0.741,1
txn_003441,255.81,UPI,bank_server_down,IDFC,2,5,1,1,0.808,0
txn_003442,1673.61,UPI,card_declined,SBI,21,6,1,0,0.847,1
txn_003443,56.2,Netbanking,network_timeout,SBI,14,2,0,1,0.329,0
txn_003444,5954.09,UPI,insufficient_funds,HDFC,0,0,0,0,0.895,0
txn_003445,2060.04,UPI,card_declined,HDFC,7,5,1,0,0.396,0
txn_003446,650.07,UPI,card_declined,Kotak,20,6,1,0,0.634,0
txn_003447,600.92,Debit Card,bank_server_down,Axis,20,2,0,1,0.596,0
txn_003448,1795.44,Debit Card,risk_flagged,IDFC,3,0,0,2,0.775,0
txn_003449,812.51,UPI,insufficient_funds,SBI,12,3,0,0,0.67,0
txn_003450,1060.94,Debit Card,insufficient_funds,HDFC,21,0,0,0,0.832,1
txn_003451,1075.72,Credit Card,card_declined,Axis,1,4,0,0,0.723,1
txn_003452,1212.43,Netbanking,network_timeout,SBI,8,6,1,0,0.865,1
txn_003453,10723.6,Wallet,insufficient_funds,SBI,18,5,1,0,0.451,0
txn_003454,499.78,Netbanking,insufficient_funds,Axis,12,2,0,1,0.721,0
txn_003455,4234.45,Debit Card,bank_server_down,SBI,17,3,0,0,0.44,0
txn_003456,723.66,UPI,network_timeout,Yes Bank,0,5,1,1,0.714,1
txn_003457,101.75,Debit Card,insufficient_funds,Axis,4,2,0,1,0.878,1
txn_003458,779.36,Credit Card,insufficient_funds,IDFC,6,3,0,1,0.613,0
txn_003459,317.18,UPI,network_timeout,HDFC,7,3,0,1,0.648,1
txn_003460,298.38,Credit Card,network_timeout,Kotak,21,0,0,1,0.789,1
txn_003461,904.61,Debit Card,network_timeout,ICICI,7,6,1,0,0.832,1
txn_003462,1652.55,UPI,card_declined,ICICI,22,5,1,1,0.74,1
txn_003463,157.35,Credit Card,wrong_otp,Kotak,18,1,0,0,0.717,0
txn_003464,1858.72,Credit Card,bank_server_down,IDFC,14,3,0,0,0.675,0
txn_003465,1567.75,Netbanking,network_timeout,Yes Bank,5,5,1,1,0.745,0
txn_003466,395.46,Debit Card,insufficient_funds,SBI,1,5,1,0,0.843,1
txn_003467,299.09,Credit Card,expired_card,Yes Bank,22,0,0,0,0.709,0
txn_003468,1415.27,Credit Card,insufficient_funds,IDFC,13,6,1,1,0.711,1
txn_003469,438.26,UPI,insufficient_funds,SBI,15,0,0,2,0.695,0
txn_003470,3169.22,Debit Card,expired_card,Yes Bank,18,2,0,0,0.93,1
txn_003471,355.55,UPI,wrong_otp,Axis,19,2,0,1,0.823,0
txn_003472,323.6,Credit Card,insufficient_funds,HDFC,13,4,0,1,0.554,1
txn_003473,1972.46,Credit Card,risk_flagged,ICICI,21,1,0,1,0.83,0
txn_003474,416.39,UPI,bank_server_down,Axis,22,5,1,1,0.661,1
txn_003475,467.11,UPI,network_timeout,SBI,3,0,0,1,0.946,0
txn_003476,559.39,UPI,bank_server_down,SBI,13,1,0,2,0.802,1
txn_003477,222.48,UPI,wrong_otp,HDFC,8,0,0,0,0.823,0
txn_003478,846.91,UPI,network_timeout,Kotak,1,1,0,0,0.496,1
txn_003479,151.27,Wallet,card_declined,Axis,12,6,1,1,0.639,0
txn_003480,566.54,Netbanking,wrong_otp,ICICI,18,3,0,0,0.572,0
txn_003481,475.04,Debit Card,insufficient_funds,HDFC,0,4,0,0,0.628,0
txn_003482,110.6,UPI,network_timeout,ICICI,18,6,1,0,0.555,1
txn_003483,5661.85,UPI,network_timeout,SBI,9,6,1,0,0.728,1
txn_003484,1107.37,Netbanking,risk_flagged,ICICI,7,2,0,2,0.666,0
txn_003485,70.33,UPI,risk_flagged,ICICI,10,1,0,0,0.947,0
txn_003486,7607.44,Credit Card,card_declined,ICICI,18,0,0,0,0.603,1
txn_003487,633.8,Wallet,insufficient_funds,Yes Bank,22,3,0,1,0.312,0
txn_003488,828.28,UPI,network_timeout,Kotak,21,0,0,1,0.466,1
txn_003489,163.39,Debit Card,insufficient_funds,ICICI,9,2,0,0,0.739,0
txn_003490,803.46,Debit Card,wrong_otp,Axis,23,6,1,1,0.746,1
txn_003491,427.53,UPI,insufficient_funds,ICICI,11,2,0,1,0.723,1
txn_003492,711.07,Credit Card,bank_server_down,Kotak,23,0,0,0,0.719,1
txn_003493,4627.89,UPI,network_timeout,Kotak,6,6,1,0,0.533,0
txn_003494,250.88,Netbanking,insufficient_funds,IDFC,22,0,0,1,0.795,1
txn_003495,294.71,UPI,bank_server_down,ICICI,1,6,1,0,0.511,1
txn_003496,1026.06,UPI,network_timeout,ICICI,20,6,1,2,0.812,0
txn_003497,2217.44,Credit Card,risk_flagged,HDFC,19,4,0,0,0.831,0
txn_003498,1077.38,Credit Card,bank_server_down,Kotak,5,5,1,0,0.883,1
txn_003499,290.79,Netbanking,wrong_otp,IDFC,7,0,0,0,0.678,0
txn_003500,355.92,UPI,card_declined,Yes Bank,11,0,0,1,0.749,0
txn_003501,344.22,Netbanking,insufficient_funds,ICICI,20,6,1,0,0.623,0
txn_003502,3381.54,Credit Card,insufficient_funds,Axis,3,4,0,2,0.589,0
txn_003503,570.12,UPI,network_timeout,Kotak,2,0,0,1,0.555,1
txn_003504,337.18,UPI,network_timeout,ICICI,3,6,1,1,0.713,1
txn_003505,652.02,Netbanking,network_timeout,Kotak,10,4,0,0,0.774,1
txn_003506,199.18,UPI,insufficient_funds,Axis,9,1,0,0,0.62,0
txn_003507,406.24,UPI,insufficient_funds,IDFC,2,4,0,2,0.761,0
txn_003508,830.31,Credit Card,network_timeout,Yes Bank,4,0,0,1,0.878,1
txn_003509,604.56,Wallet,network_timeout,HDFC,15,4,0,0,0.437,1
txn_003510,3703.0,Debit Card,wrong_otp,Axis,14,3,0,0,0.72,0
txn_003511,842.32,Credit Card,card_declined,HDFC,9,1,0,0,0.774,0
txn_003512,70.63,Debit Card,network_timeout,Kotak,9,1,0,1,0.534,0
txn_003513,315.7,Debit Card,insufficient_funds,HDFC,15,5,1,1,0.959,1
txn_003514,792.02,Credit Card,network_timeout,Axis,0,6,1,0,0.83,1
txn_003515,592.92,UPI,card_declined,Axis,16,4,0,1,0.755,0
txn_003516,486.07,UPI,expired_card,SBI,4,4,0,0,0.727,0
txn_003517,1094.9,UPI,card_declined,Axis,20,1,0,0,0.862,0
txn_003518,1485.03,UPI,insufficient_funds,HDFC,7,5,1,1,0.873,1
txn_003519,951.25,Credit Card,insufficient_funds,SBI,21,1,0,0,0.596,0
txn_003520,357.77,Wallet,card_declined,Axis,18,1,0,0,0.563,0
txn_003521,2291.06,Credit Card,card_declined,HDFC,22,3,0,0,0.658,0
txn_003522,1185.23,UPI,network_timeout,SBI,3,6,1,3,0.708,1
txn_003523,731.8,Debit Card,network_timeout,Yes Bank,23,6,1,1,0.79,1
txn_003524,1380.66,UPI,bank_server_down,IDFC,9,1,0,1,0.558,1
txn_003525,403.85,Netbanking,card_declined,Axis,0,1,0,0,0.924,0
txn_003526,294.47,UPI,insufficient_funds,SBI,4,4,0,0,0.461,0
txn_003527,286.13,UPI,wrong_otp,Kotak,18,1,0,1,0.878,0
txn_003528,582.99,Netbanking,card_declined,ICICI,13,5,1,0,0.856,0
txn_003529,949.71,Credit Card,wrong_otp,IDFC,6,4,0,0,0.728,0
txn_003530,886.31,UPI,insufficient_funds,Kotak,13,4,0,0,0.709,0
txn_003531,1681.28,UPI,wrong_otp,HDFC,10,3,0,0,0.659,0
txn_003532,610.66,UPI,wrong_otp,Axis,22,4,0,1,0.791,0
txn_003533,960.33,Wallet,network_timeout,IDFC,20,1,0,1,0.772,1
txn_003534,419.53,UPI,insufficient_funds,Yes Bank,2,4,0,2,0.837,0
txn_003535,315.04,Debit Card,bank_server_down,HDFC,8,4,0,0,0.965,1
txn_003536,604.34,UPI,insufficient_funds,Kotak,7,5,1,1,0.695,0
txn_003537,1094.42,Debit Card,bank_server_down,HDFC,13,2,0,1,0.899,0
txn_003538,165.73,UPI,bank_server_down,IDFC,23,4,0,1,0.907,1
txn_003539,1574.17,UPI,expired_card,SBI,0,6,1,0,0.553,0
txn_003540,4193.47,UPI,insufficient_funds,HDFC,20,0,0,0,0.843,0
txn_003541,480.89,UPI,card_declined,Kotak,3,1,0,1,0.448,1
txn_003542,353.78,Debit Card,insufficient_funds,IDFC,18,4,0,0,0.815,1
txn_003543,335.35,UPI,insufficient_funds,SBI,3,4,0,0,0.648,0
txn_003544,605.2,UPI,bank_server_down,ICICI,6,3,0,0,0.661,0
txn_003545,1556.86,Credit Card,insufficient_funds,Yes Bank,0,2,0,1,0.942,0
txn_003546,488.53,Netbanking,bank_server_down,HDFC,17,3,0,1,0.762,1
txn_003547,5502.98,Debit Card,network_timeout,SBI,14,5,1,1,0.993,1
txn_003548,50.23,Credit Card,card_declined,Axis,16,4,0,1,0.809,0
txn_003549,1246.33,UPI,insufficient_funds,ICICI,1,0,0,3,0.527,0
txn_003550,625.6,Debit Card,insufficient_funds,SBI,14,1,0,0,0.595,0
txn_003551,325.51,UPI,card_declined,HDFC,12,5,1,3,0.501,0
txn_003552,272.18,Netbanking,insufficient_funds,HDFC,13,4,0,0,0.752,0
txn_003553,408.25,Credit Card,risk_flagged,Kotak,8,3,0,1,0.935,1
txn_003554,441.32,Debit Card,card_declined,Kotak,10,1,0,0,0.796,0
txn_003555,493.28,UPI,card_declined,HDFC,5,1,0,2,0.715,0
txn_003556,139.45,Wallet,insufficient_funds,Axis,15,4,0,0,0.481,0
txn_003557,571.01,UPI,network_timeout,IDFC,7,3,0,0,0.954,0
txn_003558,803.51,UPI,insufficient_funds,ICICI,17,4,0,2,0.61,0
txn_003559,1094.8,UPI,insufficient_funds,ICICI,22,6,1,1,0.757,0
txn_003560,989.81,UPI,card_declined,ICICI,16,2,0,0,0.635,1
txn_003561,256.04,Debit Card,risk_flagged,HDFC,16,0,0,1,0.669,0
txn_003562,3943.01,Credit Card,card_declined,IDFC,3,2,0,1,0.689,0
txn_003563,655.61,UPI,insufficient_funds,SBI,20,2,0,2,0.309,0
txn_003564,76.31,UPI,insufficient_funds,HDFC,12,4,0,1,0.289,1
txn_003565,574.77,UPI,network_timeout,SBI,9,6,1,0,0.628,1
txn_003566,5695.58,UPI,bank_server_down,Axis,22,6,1,3,0.652,0
txn_003567,4577.0,Wallet,card_declined,Kotak,21,3,0,1,0.714,1
txn_003568,8013.98,UPI,card_declined,SBI,10,4,0,1,0.596,1
txn_003569,239.87,UPI,insufficient_funds,Axis,2,6,1,0,0.615,0
txn_003570,393.69,UPI,card_declined,Yes Bank,12,5,1,0,0.85,1
txn_003571,438.3,Credit Card,expired_card,ICICI,2,3,0,0,0.672,0
txn_003572,620.2,Wallet,insufficient_funds,IDFC,21,3,0,1,0.867,1
txn_003573,1159.17,UPI,insufficient_funds,HDFC,4,2,0,0,0.932,1
txn_003574,651.11,Credit Card,insufficient_funds,HDFC,3,2,0,0,0.434,0
txn_003575,3519.55,Credit Card,card_declined,Yes Bank,17,1,0,1,0.913,1
txn_003576,1731.16,UPI,insufficient_funds,Kotak,11,5,1,2,0.386,0
txn_003577,1464.05,UPI,wrong_otp,HDFC,10,3,0,0,0.639,1
txn_003578,912.71,Credit Card,bank_server_down,HDFC,12,3,0,1,0.862,1
txn_003579,125.16,Netbanking,wrong_otp,Kotak,8,1,0,1,0.83,1
txn_003580,485.54,UPI,bank_server_down,Yes Bank,23,5,1,0,0.868,1
txn_003581,1456.89,Debit Card,bank_server_down,HDFC,8,6,1,1,0.537,1
txn_003582,97.6,UPI,wrong_otp,ICICI,13,1,0,0,0.667,0
txn_003583,998.68,UPI,bank_server_down,Axis,19,2,0,0,0.893,1
txn_003584,149.7,Credit Card,risk_flagged,ICICI,23,4,0,0,0.815,0
txn_003585,180.54,UPI,insufficient_funds,HDFC,3,3,0,1,0.507,0
txn_003586,913.63,Credit Card,card_declined,IDFC,10,3,0,2,0.287,1
txn_003587,2310.44,UPI,card_declined,SBI,18,6,1,1,0.705,0
txn_003588,305.72,UPI,wrong_otp,HDFC,14,6,1,0,0.495,0
txn_003589,2529.04,Debit Card,wrong_otp,IDFC,0,3,0,2,0.858,0
txn_003590,188.82,UPI,insufficient_funds,IDFC,18,2,0,0,0.602,1
txn_003591,309.94,Debit Card,bank_server_down,SBI,2,0,0,2,0.679,0
txn_003592,365.8,Debit Card,wrong_otp,HDFC,22,0,0,0,0.422,1
txn_003593,80.87,Debit Card,network_timeout,HDFC,0,5,1,1,0.567,1
txn_003594,480.0,Debit Card,card_declined,HDFC,23,3,0,1,0.741,1
txn_003595,137.41,Netbanking,card_declined,Axis,0,1,0,0,0.783,0
txn_003596,693.62,Credit Card,insufficient_funds,SBI,22,3,0,2,0.634,0
txn_003597,476.59,Credit Card,insufficient_funds,ICICI,8,0,0,0,0.92,1
txn_003598,1278.18,Netbanking,insufficient_funds,Kotak,22,2,0,0,0.749,0
txn_003599,328.14,Credit Card,expired_card,IDFC,17,0,0,1,0.691,0
txn_003600,1313.97,Credit Card,insufficient_funds,Axis,20,2,0,1,0.492,0
txn_003601,1130.63,Credit Card,wrong_otp,ICICI,10,2,0,1,0.322,0
txn_003602,1897.02,Wallet,insufficient_funds,HDFC,23,5,1,1,0.525,1
txn_003603,1424.41,Credit Card,bank_server_down,Kotak,17,5,1,0,0.708,1
txn_003604,2360.44,Netbanking,network_timeout,Kotak,15,1,0,3,0.846,1
txn_003605,565.13,UPI,insufficient_funds,HDFC,7,6,1,1,0.871,1
txn_003606,827.82,Wallet,expired_card,ICICI,9,1,0,1,0.928,0
txn_003607,126.09,UPI,risk_flagged,Yes Bank,9,0,0,1,0.691,0
txn_003608,222.5,Debit Card,card_declined,IDFC,5,3,0,1,0.687,0
txn_003609,1374.18,Netbanking,insufficient_funds,Axis,9,3,0,0,0.862,1
txn_003610,456.95,UPI,insufficient_funds,Kotak,12,1,0,0,0.52,1
txn_003611,2902.81,UPI,card_declined,Axis,20,3,0,0,0.611,0
txn_003612,754.55,UPI,card_declined,Yes Bank,8,4,0,2,0.536,0
txn_003613,1464.7,UPI,bank_server_down,ICICI,19,6,1,0,0.464,1
txn_003614,521.68,Debit Card,expired_card,HDFC,0,3,0,1,0.676,1
txn_003615,172.89,UPI,expired_card,IDFC,8,3,0,1,0.641,0
txn_003616,1068.58,Credit Card,card_declined,Axis,4,0,0,2,0.343,0
txn_003617,3204.17,Debit Card,wrong_otp,ICICI,9,6,1,1,0.836,1
txn_003618,531.52,UPI,bank_server_down,IDFC,17,6,1,1,0.491,1
txn_003619,250.76,UPI,card_declined,Yes Bank,23,3,0,0,0.589,0
txn_003620,369.31,Credit Card,wrong_otp,Kotak,14,3,0,0,0.555,1
txn_003621,2490.05,Netbanking,expired_card,SBI,6,4,0,0,0.677,0
txn_003622,259.63,UPI,network_timeout,SBI,15,5,1,1,0.693,1
txn_003623,3895.64,Debit Card,bank_server_down,Yes Bank,6,2,0,0,0.736,1
txn_003624,2442.51,UPI,insufficient_funds,IDFC,16,2,0,0,0.767,0
txn_003625,321.46,Debit Card,network_timeout,Kotak,6,0,0,0,0.458,1
txn_003626,4284.95,Credit Card,bank_server_down,ICICI,2,6,1,1,0.907,0
txn_003627,767.86,UPI,insufficient_funds,Axis,13,4,0,0,0.743,1
txn_003628,660.84,Debit Card,bank_server_down,ICICI,12,2,0,1,0.822,1
txn_003629,2027.53,Debit Card,insufficient_funds,ICICI,11,0,0,0,0.758,0
txn_003630,2133.93,Wallet,network_timeout,IDFC,3,2,0,1,0.76,1
txn_003631,11622.23,Netbanking,wrong_otp,SBI,23,1,0,0,0.904,1
txn_003632,354.3,Debit Card,risk_flagged,ICICI,15,2,0,0,0.623,0
txn_003633,1769.65,Credit Card,insufficient_funds,SBI,18,5,1,0,0.733,1
txn_003634,958.76,Credit Card,network_timeout,SBI,19,5,1,0,0.773,1
txn_003635,259.32,UPI,risk_flagged,Kotak,3,2,0,1,0.754,0
txn_003636,61.24,UPI,insufficient_funds,Axis,5,2,0,0,0.75,0
txn_003637,297.58,Debit Card,network_timeout,IDFC,14,6,1,0,0.842,0
txn_003638,437.42,UPI,insufficient_funds,IDFC,2,0,0,1,0.942,0
txn_003639,346.78,UPI,expired_card,Yes Bank,15,1,0,0,0.635,0
txn_003640,2477.41,UPI,card_declined,HDFC,2,5,1,1,0.898,1
txn_003641,839.64,Debit Card,card_declined,ICICI,7,6,1,1,0.78,1
txn_003642,590.04,UPI,network_timeout,HDFC,11,6,1,1,0.916,1
txn_003643,564.84,UPI,bank_server_down,ICICI,17,6,1,0,0.853,1
txn_003644,1459.24,UPI,card_declined,ICICI,11,4,0,0,0.607,1
txn_003645,157.88,UPI,insufficient_funds,Yes Bank,11,1,0,0,0.695,0
txn_003646,4320.86,UPI,network_timeout,SBI,22,0,0,1,0.721,1
txn_003647,2054.9,Debit Card,insufficient_funds,Axis,6,3,0,0,0.947,0
txn_003648,535.71,Debit Card,insufficient_funds,IDFC,13,4,0,1,0.87,0
txn_003649,14812.12,Debit Card,card_declined,ICICI,12,2,0,0,0.845,1
txn_003650,1948.81,UPI,network_timeout,Kotak,5,2,0,2,0.567,0
txn_003651,929.68,UPI,wrong_otp,ICICI,10,2,0,1,0.669,0
txn_003652,337.18,UPI,card_declined,HDFC,23,5,1,0,0.718,1
txn_003653,408.41,UPI,card_declined,HDFC,23,0,0,0,0.912,1
txn_003654,556.43,UPI,bank_server_down,HDFC,18,1,0,3,0.853,0
txn_003655,667.18,Debit Card,network_timeout,Kotak,3,0,0,0,0.726,0
txn_003656,697.3,Credit Card,bank_server_down,ICICI,9,6,1,0,0.439,1
txn_003657,245.62,Credit Card,wrong_otp,HDFC,11,5,1,2,0.572,0
txn_003658,274.0,UPI,risk_flagged,ICICI,6,4,0,0,0.272,0
txn_003659,2340.71,UPI,risk_flagged,SBI,9,2,0,0,0.711,0
txn_003660,1394.24,Credit Card,bank_server_down,SBI,22,4,0,1,0.719,0
txn_003661,662.43,UPI,risk_flagged,Kotak,5,3,0,1,0.58,0
txn_003662,1094.03,Netbanking,insufficient_funds,SBI,0,1,0,0,0.845,0
txn_003663,627.53,UPI,bank_server_down,Kotak,4,5,1,0,0.963,1
txn_003664,30.2,UPI,insufficient_funds,ICICI,8,4,0,0,0.941,0
txn_003665,758.03,Credit Card,network_timeout,Yes Bank,20,2,0,2,0.546,0
txn_003666,1297.31,UPI,wrong_otp,SBI,6,3,0,0,0.532,1
txn_003667,162.74,Credit Card,wrong_otp,SBI,0,6,1,0,0.692,0
txn_003668,3303.39,Wallet,bank_server_down,Kotak,5,4,0,1,0.917,1
txn_003669,743.12,Credit Card,insufficient_funds,Kotak,13,1,0,1,0.509,0
txn_003670,3772.37,Netbanking,bank_server_down,ICICI,0,2,0,1,0.334,0
txn_003671,968.26,UPI,insufficient_funds,HDFC,22,3,0,0,0.764,1
txn_003672,440.94,Credit Card,wrong_otp,Kotak,12,5,1,0,0.913,1
txn_003673,2791.85,UPI,risk_flagged,IDFC,4,3,0,3,0.764,0
txn_003674,996.15,UPI,expired_card,SBI,8,4,0,0,0.91,1
txn_003675,2325.21,Wallet,bank_server_down,ICICI,11,3,0,0,0.792,1
txn_003676,781.25,UPI,bank_server_down,Kotak,22,6,1,0,0.456,1
txn_003677,325.54,Debit Card,card_declined,Yes Bank,15,6,1,1,0.804,0
txn_003678,760.91,Netbanking,risk_flagged,IDFC,9,0,0,1,0.76,0
txn_003679,2248.05,Wallet,bank_server_down,Axis,9,0,0,0,0.618,1
txn_003680,391.97,Credit Card,risk_flagged,Kotak,6,2,0,0,0.84,1
txn_003681,2300.49,UPI,wrong_otp,IDFC,8,2,0,0,0.638,1
txn_003682,667.84,Debit Card,insufficient_funds,Axis,21,3,0,0,0.844,1
txn_003683,252.5,UPI,network_timeout,IDFC,3,1,0,1,0.727,1
txn_003684,799.13,UPI,insufficient_funds,Kotak,23,5,1,1,0.838,1
txn_003685,280.8,Debit Card,wrong_otp,SBI,19,1,0,1,0.909,0
txn_003686,38.53,Credit Card,network_timeout,ICICI,1,5,1,1,0.589,0
txn_003687,273.41,UPI,card_declined,Kotak,20,2,0,1,0.804,1
txn_003688,320.59,UPI,bank_server_down,Kotak,11,0,0,2,0.613,1
txn_003689,618.88,UPI,network_timeout,SBI,22,3,0,0,0.695,0
txn_003690,157.91,Credit Card,network_timeout,Kotak,15,6,1,0,0.669,0
txn_003691,879.63,UPI,bank_server_down,HDFC,11,4,0,0,0.835,1
txn_003692,2725.68,UPI,insufficient_funds,ICICI,3,3,0,0,0.876,1
txn_003693,3361.52,UPI,bank_server_down,ICICI,1,1,0,1,0.55,1
txn_003694,300.54,UPI,network_timeout,IDFC,4,5,1,2,0.451,0
txn_003695,1502.24,Debit Card,bank_server_down,Kotak,21,4,0,2,0.765,1
txn_003696,2518.66,Debit Card,insufficient_funds,IDFC,16,4,0,1,0.384,0
txn_003697,595.31,UPI,card_declined,Kotak,3,4,0,1,0.44,0
txn_003698,1030.14,UPI,insufficient_funds,ICICI,2,3,0,0,0.73,1
txn_003699,739.54,UPI,card_declined,Axis,8,3,0,0,0.536,0
txn_003700,316.9,UPI,insufficient_funds,SBI,9,0,0,3,0.816,0
txn_003701,597.46,Credit Card,risk_flagged,SBI,1,6,1,1,0.913,0
txn_003702,240.19,Credit Card,expired_card,IDFC,18,4,0,0,0.779,0
txn_003703,1399.2,UPI,insufficient_funds,ICICI,9,6,1,5,0.572,0
txn_003704,1233.5,UPI,bank_server_down,Axis,18,3,0,0,0.775,1
txn_003705,1768.38,UPI,bank_server_down,HDFC,4,0,0,1,0.734,1
txn_003706,408.59,UPI,network_timeout,Yes Bank,17,0,0,1,0.9,1
txn_003707,5271.76,Debit Card,network_timeout,Axis,9,3,0,2,0.788,1
txn_003708,2032.18,UPI,risk_flagged,IDFC,10,1,0,0,0.949,0
txn_003709,474.53,UPI,network_timeout,Yes Bank,13,2,0,1,0.54,1
txn_003710,220.31,Credit Card,card_declined,Yes Bank,7,2,0,0,0.674,0
txn_003711,648.24,Debit Card,network_timeout,SBI,4,4,0,1,0.76,0
txn_003712,1809.66,UPI,insufficient_funds,Yes Bank,10,1,0,0,0.765,1
txn_003713,622.41,UPI,network_timeout,HDFC,9,5,1,0,0.713,1
txn_003714,1667.69,Debit Card,card_declined,SBI,4,0,0,2,0.573,0
txn_003715,2847.66,UPI,wrong_otp,ICICI,4,5,1,1,0.825,1
txn_003716,98.93,Debit Card,card_declined,IDFC,2,1,0,1,0.91,0
txn_003717,225.35,UPI,insufficient_funds,HDFC,2,2,0,0,0.944,1
txn_003718,1737.64,Credit Card,insufficient_funds,Yes Bank,16,5,1,0,0.83,0
txn_003719,294.67,UPI,wrong_otp,ICICI,15,5,1,0,0.791,1
txn_003720,201.3,Credit Card,expired_card,Kotak,22,5,1,0,0.552,0
txn_003721,3752.48,Debit Card,risk_flagged,Axis,17,4,0,1,0.546,0
txn_003722,1846.41,UPI,wrong_otp,Yes Bank,11,0,0,1,0.89,1
txn_003723,387.26,Netbanking,bank_server_down,Axis,11,0,0,0,0.572,1
txn_003724,448.27,Credit Card,bank_server_down,SBI,20,0,0,1,0.696,1
txn_003725,78.36,UPI,insufficient_funds,IDFC,16,5,1,1,0.558,0
txn_003726,1018.66,Debit Card,network_timeout,Axis,20,5,1,0,0.53,1
txn_003727,87.19,Debit Card,bank_server_down,Axis,17,0,0,2,0.961,1
txn_003728,157.23,Wallet,bank_server_down,Yes Bank,21,1,0,0,0.452,1
txn_003729,4787.16,Debit Card,insufficient_funds,Yes Bank,17,1,0,0,0.641,0
txn_003730,399.33,Credit Card,network_timeout,Axis,4,0,0,0,0.484,1
txn_003731,2807.82,UPI,risk_flagged,IDFC,3,0,0,1,0.87,0
txn_003732,4143.32,UPI,bank_server_down,IDFC,17,6,1,1,0.661,1
txn_003733,2131.71,UPI,card_declined,Kotak,16,5,1,0,0.932,1
txn_003734,178.23,UPI,wrong_otp,HDFC,23,0,0,0,0.605,0
txn_003735,209.22,Debit Card,card_declined,Axis,0,5,1,2,0.659,0
txn_003736,159.84,UPI,insufficient_funds,HDFC,17,3,0,0,0.934,0
txn_003737,306.08,Credit Card,bank_server_down,ICICI,6,1,0,2,0.907,0
txn_003738,680.66,UPI,network_timeout,IDFC,21,3,0,0,0.933,0
txn_003739,537.71,Debit Card,risk_flagged,Axis,10,2,0,0,0.747,1
txn_003740,2474.1,Netbanking,card_declined,IDFC,6,2,0,1,0.643,1
txn_003741,130.51,Debit Card,insufficient_funds,SBI,13,4,0,1,0.678,0
txn_003742,555.16,UPI,bank_server_down,Kotak,3,2,0,0,0.76,1
txn_003743,1669.05,UPI,insufficient_funds,Axis,14,4,0,1,0.86,0
txn_003744,821.82,UPI,network_timeout,Yes Bank,21,4,0,3,0.8,0
txn_003745,301.74,UPI,card_declined,HDFC,23,5,1,2,0.85,0
txn_003746,432.61,UPI,insufficient_funds,SBI,3,2,0,2,0.949,0
txn_003747,686.88,UPI,card_declined,Yes Bank,13,6,1,0,0.765,1
txn_003748,387.73,UPI,risk_flagged,HDFC,9,1,0,0,0.736,1
txn_003749,1844.27,UPI,insufficient_funds,ICICI,15,0,0,0,0.591,1
txn_003750,305.24,Wallet,wrong_otp,IDFC,7,5,1,0,0.843,1
txn_003751,1725.82,Debit Card,insufficient_funds,Yes Bank,8,3,0,1,0.711,1
txn_003752,86.4,UPI,insufficient_funds,HDFC,18,4,0,1,0.544,0
txn_003753,1288.68,UPI,wrong_otp,Axis,3,3,0,1,0.612,0
txn_003754,813.1,UPI,risk_flagged,ICICI,12,3,0,1,0.432,0
txn_003755,1150.38,Credit Card,insufficient_funds,Axis,19,2,0,1,0.578,0
txn_003756,1545.4,Debit Card,bank_server_down,ICICI,3,1,0,0,0.669,0
txn_003757,2710.98,Debit Card,insufficient_funds,HDFC,12,5,1,2,0.769,0
txn_003758,1081.47,UPI,insufficient_funds,ICICI,3,4,0,0,0.921,0
txn_003759,275.43,Credit Card,insufficient_funds,IDFC,16,1,0,0,0.792,0
txn_003760,3459.24,Wallet,wrong_otp,Kotak,20,5,1,1,0.633,0
txn_003761,243.19,Debit Card,card_declined,Yes Bank,15,5,1,0,0.82,0
txn_003762,1371.42,Netbanking,card_declined,Kotak,9,2,0,2,0.899,0
txn_003763,237.43,UPI,network_timeout,Axis,2,2,0,1,0.747,1
txn_003764,1817.24,Credit Card,bank_server_down,Axis,11,6,1,0,0.539,1
txn_003765,1786.91,UPI,card_declined,SBI,15,0,0,2,0.791,0
txn_003766,789.87,UPI,wrong_otp,HDFC,10,2,0,0,0.689,0
txn_003767,210.36,UPI,insufficient_funds,Axis,4,6,1,1,0.91,0
txn_003768,365.97,Netbanking,bank_server_down,Yes Bank,13,2,0,3,0.866,1
txn_003769,234.17,UPI,wrong_otp,ICICI,2,6,1,0,0.725,0
txn_003770,2143.81,Credit Card,network_timeout,IDFC,16,3,0,1,0.649,1
txn_003771,1472.74,UPI,network_timeout,SBI,19,1,0,1,0.811,1
txn_003772,232.65,Wallet,insufficient_funds,ICICI,8,3,0,2,0.565,0
txn_003773,2037.49,Credit Card,insufficient_funds,Kotak,2,1,0,0,0.809,0
txn_003774,795.53,Netbanking,wrong_otp,Yes Bank,19,4,0,1,0.962,1
txn_003775,1121.89,Credit Card,risk_flagged,SBI,23,1,0,2,0.72,1
txn_003776,93.81,UPI,network_timeout,IDFC,1,5,1,1,0.928,0
txn_003777,1861.22,Netbanking,insufficient_funds,IDFC,21,4,0,1,0.768,1
txn_003778,91.04,Debit Card,insufficient_funds,Yes Bank,18,2,0,0,0.723,0
txn_003779,1247.0,Debit Card,card_declined,Axis,11,0,0,0,0.754,0
txn_003780,1239.81,Netbanking,risk_flagged,SBI,5,5,1,1,0.715,0
txn_003781,1179.74,UPI,bank_server_down,SBI,14,1,0,1,0.812,1
txn_003782,678.87,Debit Card,network_timeout,ICICI,8,1,0,0,0.627,0
txn_003783,480.42,Credit Card,insufficient_funds,HDFC,1,2,0,1,0.316,0
txn_003784,1349.58,UPI,expired_card,Axis,23,6,1,2,0.693,0
txn_003785,988.27,UPI,bank_server_down,ICICI,12,3,0,0,0.764,1
txn_003786,76.04,UPI,insufficient_funds,ICICI,0,4,0,1,0.486,0
txn_003787,105.67,Credit Card,wrong_otp,ICICI,8,1,0,0,0.839,1
txn_003788,444.99,UPI,insufficient_funds,ICICI,19,5,1,0,0.45,0
txn_003789,2028.71,UPI,card_declined,SBI,5,2,0,1,0.802,1
txn_003790,1059.49,Credit Card,card_declined,IDFC,9,3,0,3,0.838,0
txn_003791,1162.6,Netbanking,network_timeout,Kotak,12,4,0,1,0.991,0
txn_003792,407.13,UPI,insufficient_funds,IDFC,4,2,0,2,0.271,0
txn_003793,1708.5,Credit Card,wrong_otp,SBI,0,5,1,0,0.719,0
txn_003794,1788.06,Debit Card,wrong_otp,IDFC,4,6,1,0,0.646,0
txn_003795,1075.61,Debit Card,wrong_otp,HDFC,0,3,0,2,0.859,0
txn_003796,3479.96,UPI,insufficient_funds,Axis,12,4,0,1,0.442,1
txn_003797,288.96,Debit Card,insufficient_funds,ICICI,6,5,1,0,0.557,0
txn_003798,400.4,UPI,bank_server_down,HDFC,12,4,0,1,0.816,1
txn_003799,790.83,Credit Card,bank_server_down,Yes Bank,0,2,0,0,0.596,0
txn_003800,266.5,Debit Card,expired_card,Axis,18,4,0,1,0.645,0
txn_003801,599.36,UPI,insufficient_funds,Kotak,16,0,0,2,0.876,1
txn_003802,447.11,Credit Card,card_declined,ICICI,19,0,0,0,0.769,1
txn_003803,570.78,UPI,bank_server_down,SBI,16,2,0,1,0.672,1
txn_003804,288.15,UPI,card_declined,IDFC,12,4,0,0,0.585,0
txn_003805,2270.99,Credit Card,bank_server_down,SBI,7,3,0,1,0.683,1
txn_003806,199.55,Netbanking,wrong_otp,Axis,15,5,1,1,0.641,0
txn_003807,729.17,UPI,insufficient_funds,Yes Bank,18,1,0,1,0.821,1
txn_003808,449.67,Credit Card,risk_flagged,IDFC,1,4,0,2,0.803,0
txn_003809,309.92,Credit Card,bank_server_down,Axis,7,3,0,1,0.394,1
txn_003810,380.98,UPI,network_timeout,Kotak,13,3,0,0,0.357,1
txn_003811,82.28,UPI,risk_flagged,SBI,2,2,0,0,0.85,0
txn_003812,836.04,UPI,card_declined,HDFC,8,5,1,1,0.817,0
txn_003813,188.68,Debit Card,bank_server_down,Kotak,2,3,0,0,0.846,0
txn_003814,237.43,UPI,wrong_otp,ICICI,10,1,0,2,0.592,0
txn_003815,516.51,UPI,bank_server_down,Yes Bank,22,2,0,1,0.733,1
txn_003816,929.81,UPI,bank_server_down,IDFC,22,5,1,0,0.663,1
txn_003817,175.48,Credit Card,bank_server_down,HDFC,2,0,0,1,0.728,0
txn_003818,3131.24,Wallet,network_timeout,HDFC,20,1,0,1,0.619,1
txn_003819,1758.03,Wallet,network_timeout,Kotak,17,3,0,1,0.854,0
txn_003820,665.22,UPI,bank_server_down,Axis,15,2,0,1,0.768,1
txn_003821,702.82,Credit Card,bank_server_down,Axis,17,1,0,0,0.803,0
txn_003822,608.41,UPI,wrong_otp,HDFC,14,4,0,0,0.903,0
txn_003823,2899.85,UPI,wrong_otp,HDFC,15,3,0,1,0.899,1
txn_003824,233.45,Debit Card,network_timeout,HDFC,16,3,0,1,0.884,1
txn_003825,1423.56,UPI,insufficient_funds,HDFC,21,0,0,2,0.646,0
txn_003826,2115.59,UPI,bank_server_down,IDFC,21,3,0,1,0.79,0
txn_003827,161.06,Debit Card,network_timeout,ICICI,20,1,0,0,0.866,1
txn_003828,344.27,UPI,bank_server_down,IDFC,14,1,0,1,0.406,1
txn_003829,976.21,UPI,insufficient_funds,HDFC,4,3,0,0,0.967,0
txn_003830,893.28,Credit Card,insufficient_funds,ICICI,21,4,0,0,0.729,1
txn_003831,948.49,Credit Card,network_timeout,IDFC,7,2,0,0,0.757,1
txn_003832,1493.21,Debit Card,bank_server_down,HDFC,11,2,0,1,0.583,0
txn_003833,97.31,UPI,network_timeout,Yes Bank,4,3,0,2,0.901,0
txn_003834,303.06,Wallet,network_timeout,Yes Bank,22,6,1,0,0.703,1
txn_003835,253.26,Netbanking,network_timeout,HDFC,4,4,0,0,0.878,1
txn_003836,250.58,UPI,network_timeout,Yes Bank,23,2,0,1,0.934,1
txn_003837,1103.95,Debit Card,expired_card,HDFC,13,5,1,1,0.915,0
txn_003838,316.82,UPI,risk_flagged,Kotak,7,5,1,0,0.822,0
txn_003839,1888.32,UPI,insufficient_funds,IDFC,7,3,0,1,0.78,0
txn_003840,949.48,UPI,wrong_otp,ICICI,11,1,0,0,0.558,1
txn_003841,1832.13,UPI,card_declined,ICICI,16,2,0,0,0.45,0
txn_003842,131.2,UPI,insufficient_funds,Yes Bank,8,1,0,3,0.766,0
txn_003843,979.74,Debit Card,insufficient_funds,Yes Bank,11,6,1,2,0.766,1
txn_003844,850.95,Debit Card,insufficient_funds,Yes Bank,1,6,1,1,0.826,1
txn_003845,787.25,Netbanking,insufficient_funds,Yes Bank,10,5,1,0,0.883,1
txn_003846,821.01,UPI,network_timeout,Axis,14,4,0,0,0.468,1
txn_003847,850.03,UPI,card_declined,ICICI,10,0,0,1,0.856,0
txn_003848,546.59,UPI,card_declined,Axis,5,6,1,1,0.593,1
txn_003849,150.8,UPI,insufficient_funds,IDFC,17,0,0,1,0.674,0
txn_003850,410.67,Debit Card,network_timeout,Axis,20,4,0,0,0.615,1
txn_003851,1648.53,UPI,card_declined,Yes Bank,1,6,1,0,0.634,1
txn_003852,1194.72,UPI,insufficient_funds,HDFC,22,4,0,2,0.801,0
txn_003853,594.34,UPI,wrong_otp,Axis,14,1,0,0,0.718,1
txn_003854,547.32,Credit Card,insufficient_funds,ICICI,13,0,0,0,0.842,1
txn_003855,2419.94,UPI,bank_server_down,HDFC,12,2,0,0,0.747,1
txn_003856,954.75,UPI,insufficient_funds,IDFC,12,0,0,0,0.794,0
txn_003857,1583.5,Credit Card,bank_server_down,ICICI,20,4,0,0,0.59,1
txn_003858,595.57,Credit Card,insufficient_funds,ICICI,19,3,0,0,0.62,0
txn_003859,365.8,Debit Card,card_declined,HDFC,6,6,1,0,0.895,1
txn_003860,525.67,Credit Card,insufficient_funds,SBI,6,3,0,0,0.861,0
txn_003861,792.93,UPI,insufficient_funds,HDFC,9,5,1,0,0.954,0
txn_003862,1217.39,UPI,bank_server_down,Yes Bank,13,3,0,2,0.78,0
txn_003863,1116.42,Netbanking,risk_flagged,HDFC,16,1,0,0,0.962,0
txn_003864,143.31,UPI,network_timeout,SBI,19,6,1,0,0.788,1
txn_003865,694.06,Netbanking,wrong_otp,IDFC,15,1,0,2,0.499,0
txn_003866,1001.44,UPI,card_declined,Axis,15,4,0,0,0.529,0
txn_003867,1721.05,UPI,bank_server_down,ICICI,22,6,1,0,0.692,1
txn_003868,578.75,Debit Card,card_declined,HDFC,20,1,0,0,0.737,1
txn_003869,1129.79,Credit Card,insufficient_funds,IDFC,10,6,1,0,0.616,0
txn_003870,420.07,Credit Card,network_timeout,HDFC,20,2,0,2,0.469,1
txn_003871,245.3,UPI,network_timeout,SBI,17,5,1,0,0.685,1
txn_003872,349.85,Debit Card,wrong_otp,Kotak,17,1,0,1,0.766,1
txn_003873,946.74,Debit Card,wrong_otp,Yes Bank,21,4,0,1,0.874,1
txn_003874,63.27,Debit Card,wrong_otp,Axis,16,0,0,0,0.492,1
txn_003875,4506.42,UPI,wrong_otp,IDFC,13,0,0,1,0.445,1
txn_003876,627.81,UPI,insufficient_funds,Kotak,2,1,0,0,0.824,1
txn_003877,1606.5,UPI,insufficient_funds,IDFC,7,0,0,0,0.777,1
txn_003878,1072.54,Credit Card,bank_server_down,IDFC,4,6,1,0,0.86,1
txn_003879,1149.2,UPI,network_timeout,ICICI,2,3,0,3,0.77,0
txn_003880,733.3,UPI,insufficient_funds,SBI,18,2,0,1,0.517,0
txn_003881,5309.26,Credit Card,card_declined,IDFC,9,2,0,2,0.529,0
txn_003882,241.86,Credit Card,card_declined,IDFC,16,0,0,0,0.764,1
txn_003883,286.7,Debit Card,card_declined,Kotak,12,6,1,0,0.815,0
txn_003884,853.73,Debit Card,card_declined,Yes Bank,7,1,0,1,0.711,0
txn_003885,370.79,Debit Card,card_declined,Yes Bank,2,3,0,1,0.764,1
txn_003886,199.7,Credit Card,bank_server_down,SBI,0,6,1,0,0.751,1
txn_003887,473.69,Credit Card,insufficient_funds,HDFC,16,1,0,1,0.604,0
txn_003888,253.09,UPI,insufficient_funds,Yes Bank,2,0,0,0,0.64,0
txn_003889,87.45,Debit Card,wrong_otp,IDFC,4,4,0,1,0.934,1
txn_003890,442.62,Debit Card,network_timeout,Axis,15,6,1,1,0.542,1
txn_003891,1058.0,Netbanking,network_timeout,Axis,3,5,1,1,0.494,1
txn_003892,1483.11,UPI,bank_server_down,Yes Bank,15,1,0,0,0.69,1
txn_003893,1868.9,Netbanking,bank_server_down,Kotak,2,2,0,0,0.897,1
txn_003894,444.24,UPI,expired_card,Yes Bank,17,5,1,0,0.744,0
txn_003895,1054.26,UPI,card_declined,ICICI,9,2,0,0,0.798,0
txn_003896,472.52,Netbanking,bank_server_down,IDFC,6,1,0,0,0.807,1
txn_003897,800.16,Credit Card,bank_server_down,SBI,12,5,1,2,0.769,0
txn_003898,489.32,Debit Card,insufficient_funds,ICICI,20,3,0,0,0.809,1
txn_003899,2285.67,Netbanking,bank_server_down,ICICI,9,3,0,0,0.659,0
txn_003900,282.69,Debit Card,wrong_otp,Kotak,22,6,1,1,0.775,0
txn_003901,727.0,Credit Card,bank_server_down,IDFC,15,3,0,1,0.921,1
txn_003902,6718.06,Credit Card,insufficient_funds,SBI,22,1,0,1,0.873,1
txn_003903,840.12,UPI,expired_card,IDFC,11,2,0,1,0.899,0
txn_003904,1100.15,Debit Card,insufficient_funds,Yes Bank,2,3,0,0,0.853,0
txn_003905,664.44,Debit Card,risk_flagged,Kotak,13,5,1,2,0.676,1
txn_003906,524.45,UPI,bank_server_down,Kotak,11,3,0,0,0.266,1
txn_003907,879.14,UPI,insufficient_funds,ICICI,21,1,0,2,0.413,0
txn_003908,556.57,Debit Card,insufficient_funds,Yes Bank,12,4,0,1,0.635,0
txn_003909,117.6,Wallet,insufficient_funds,Axis,13,1,0,1,0.446,0
txn_003910,60.15,Wallet,risk_flagged,SBI,8,2,0,0,0.774,0
txn_003911,532.39,UPI,network_timeout,HDFC,3,1,0,0,0.62,0
txn_003912,321.52,UPI,network_timeout,Kotak,11,5,1,0,0.744,1
txn_003913,1379.31,Debit Card,bank_server_down,Axis,7,2,0,1,0.521,1
txn_003914,570.45,Wallet,insufficient_funds,Axis,6,5,1,0,0.766,0
txn_003915,620.66,Debit Card,wrong_otp,SBI,11,1,0,0,0.482,1
txn_003916,293.98,UPI,bank_server_down,Axis,0,5,1,0,0.444,1
txn_003917,242.07,Credit Card,insufficient_funds,HDFC,15,5,1,0,0.421,1
txn_003918,62.64,Credit Card,card_declined,ICICI,15,0,0,0,0.527,0
txn_003919,1496.95,Credit Card,insufficient_funds,ICICI,20,0,0,1,0.577,1
txn_003920,472.38,Credit Card,network_timeout,HDFC,1,2,0,1,0.554,0
txn_003921,5006.62,Debit Card,card_declined,IDFC,8,0,0,0,0.839,0
txn_003922,164.98,Wallet,wrong_otp,Axis,7,5,1,0,0.591,0
txn_003923,2127.28,Wallet,insufficient_funds,ICICI,11,6,1,1,0.667,1
txn_003924,1595.26,Wallet,network_timeout,ICICI,9,1,0,1,0.86,0
txn_003925,2130.9,UPI,network_timeout,HDFC,8,6,1,1,0.82,0
txn_003926,515.58,Debit Card,card_declined,SBI,23,5,1,1,0.931,1
txn_003927,526.24,UPI,network_timeout,Yes Bank,1,5,1,1,0.707,1
txn_003928,535.79,Netbanking,network_timeout,SBI,7,6,1,2,0.737,0
txn_003929,625.5,UPI,insufficient_funds,Kotak,8,1,0,1,0.865,0
txn_003930,2432.03,Netbanking,wrong_otp,HDFC,16,0,0,0,0.557,0
txn_003931,2001.32,UPI,card_declined,ICICI,19,6,1,1,0.839,1
txn_003932,2238.37,Debit Card,network_timeout,Kotak,6,4,0,0,0.845,1
txn_003933,223.96,Netbanking,insufficient_funds,HDFC,19,3,0,1,0.735,0
txn_003934,5526.77,Debit Card,bank_server_down,ICICI,16,4,0,0,0.847,0
txn_003935,657.73,UPI,card_declined,Axis,16,6,1,2,0.713,0
txn_003936,338.69,Credit Card,bank_server_down,Kotak,21,4,0,0,0.493,1
txn_003937,437.72,Credit Card,insufficient_funds,SBI,15,1,0,2,0.438,0
txn_003938,1902.71,UPI,network_timeout,HDFC,20,0,0,0,0.983,1
txn_003939,124.59,Netbanking,insufficient_funds,Kotak,1,2,0,1,0.814,0
txn_003940,478.04,Debit Card,network_timeout,Yes Bank,4,1,0,1,0.411,1
txn_003941,470.82,UPI,network_timeout,HDFC,14,3,0,0,0.846,1
txn_003942,1326.29,Credit Card,insufficient_funds,Kotak,8,1,0,1,0.832,0
txn_003943,132.9,UPI,risk_flagged,HDFC,23,0,0,3,0.762,0
txn_003944,2811.31,Debit Card,bank_server_down,Yes Bank,4,2,0,1,0.814,0
txn_003945,1313.3,UPI,network_timeout,Yes Bank,20,1,0,0,0.611,1
txn_003946,173.05,Credit Card,network_timeout,IDFC,4,3,0,0,0.744,0
txn_003947,2724.63,UPI,network_timeout,SBI,0,6,1,0,0.862,1
txn_003948,5549.98,Credit Card,bank_server_down,Yes Bank,1,4,0,0,0.794,0
txn_003949,312.38,UPI,bank_server_down,Kotak,23,5,1,1,0.941,1
txn_003950,546.36,Debit Card,network_timeout,Yes Bank,22,5,1,1,0.622,0
txn_003951,1810.04,Credit Card,network_timeout,HDFC,19,1,0,0,0.901,1
txn_003952,258.33,UPI,insufficient_funds,Yes Bank,8,3,0,0,0.613,1
txn_003953,515.89,UPI,network_timeout,Axis,12,2,0,0,0.849,1
txn_003954,2772.74,UPI,insufficient_funds,Yes Bank,9,3,0,1,0.708,0
txn_003955,88.25,Credit Card,expired_card,Kotak,5,6,1,1,0.63,0
txn_003956,256.27,Netbanking,insufficient_funds,Kotak,17,4,0,1,0.592,0
txn_003957,556.77,Netbanking,network_timeout,Kotak,15,0,0,2,0.791,0
txn_003958,3232.91,Debit Card,card_declined,SBI,0,5,1,0,0.644,0
txn_003959,172.25,Credit Card,expired_card,Yes Bank,10,5,1,1,0.612,1
txn_003960,1252.49,Wallet,risk_flagged,Kotak,1,5,1,1,0.644,0
txn_003961,855.78,UPI,card_declined,Kotak,4,3,0,0,0.751,1
txn_003962,253.5,Debit Card,risk_flagged,Kotak,3,1,0,1,0.532,0
txn_003963,546.3,UPI,wrong_otp,Kotak,9,4,0,2,0.814,1
txn_003964,95.33,Netbanking,insufficient_funds,HDFC,2,6,1,0,0.185,1
txn_003965,204.09,UPI,expired_card,Yes Bank,21,4,0,1,0.893,1
txn_003966,2044.17,Debit Card,insufficient_funds,Axis,9,3,0,0,0.892,1
txn_003967,123.93,UPI,bank_server_down,ICICI,14,2,0,2,0.619,1
txn_003968,994.03,Debit Card,network_timeout,Kotak,6,5,1,1,0.792,1
txn_003969,290.87,Credit Card,expired_card,Yes Bank,14,5,1,0,0.821,1
txn_003970,995.7,Credit Card,card_declined,ICICI,14,1,0,1,0.711,1
txn_003971,378.59,Debit Card,risk_flagged,Kotak,21,2,0,0,0.912,0
txn_003972,270.63,UPI,risk_flagged,Yes Bank,16,5,1,0,0.562,0
txn_003973,162.29,Credit Card,wrong_otp,Axis,14,5,1,0,0.721,0
txn_003974,345.0,UPI,insufficient_funds,Axis,12,0,0,0,0.817,1
txn_003975,327.83,UPI,bank_server_down,SBI,0,3,0,2,0.945,0
txn_003976,413.31,UPI,risk_flagged,IDFC,20,4,0,1,0.871,1
txn_003977,780.4,Netbanking,wrong_otp,Yes Bank,22,1,0,1,0.774,0
txn_003978,1318.43,Debit Card,insufficient_funds,ICICI,16,1,0,1,0.701,0
txn_003979,337.63,UPI,expired_card,SBI,19,4,0,0,0.781,0
txn_003980,754.08,UPI,insufficient_funds,IDFC,23,6,1,1,0.875,0
txn_003981,1376.96,UPI,bank_server_down,Axis,9,3,0,0,0.695,1
txn_003982,1940.11,Credit Card,wrong_otp,Axis,9,2,0,0,0.481,0
txn_003983,837.42,Netbanking,bank_server_down,ICICI,23,1,0,0,0.725,1
txn_003984,1579.51,UPI,bank_server_down,IDFC,4,4,0,0,0.661,1
txn_003985,1215.45,UPI,card_declined,SBI,8,6,1,1,0.773,0
txn_003986,708.36,Netbanking,wrong_otp,Yes Bank,14,3,0,1,0.809,0
txn_003987,359.88,Credit Card,bank_server_down,Yes Bank,9,0,0,0,0.781,1
txn_003988,650.21,Netbanking,bank_server_down,Yes Bank,13,0,0,0,0.883,1
txn_003989,7189.71,UPI,wrong_otp,IDFC,12,4,0,0,0.873,1
txn_003990,1648.67,UPI,expired_card,IDFC,5,5,1,2,0.77,0
txn_003991,4789.65,UPI,bank_server_down,ICICI,18,6,1,1,0.608,1
txn_003992,657.81,UPI,risk_flagged,ICICI,5,0,0,1,0.354,0
txn_003993,2118.48,Credit Card,bank_server_down,HDFC,6,3,0,0,0.8,0
txn_003994,549.3,Wallet,insufficient_funds,Kotak,20,2,0,0,0.595,0
txn_003995,472.82,Wallet,risk_flagged,HDFC,2,5,1,0,0.924,0
txn_003996,385.25,Netbanking,insufficient_funds,ICICI,19,3,0,0,0.924,0
txn_003997,335.11,UPI,card_declined,Kotak,17,2,0,1,0.74,1
txn_003998,673.0,UPI,card_declined,ICICI,4,0,0,0,0.716,1
txn_003999,1175.44,UPI,risk_flagged,Axis,1,5,1,0,0.66,0
txn_004000,232.1,Netbanking,card_declined,HDFC,9,6,1,0,0.847,0
txn_004001,3589.16,Wallet,insufficient_funds,Yes Bank,17,0,0,1,0.689,0
txn_004002,923.2,UPI,card_declined,SBI,11,0,0,0,0.845,0
txn_004003,229.03,UPI,insufficient_funds,ICICI,16,3,0,1,0.737,1
txn_004004,147.05,Netbanking,insufficient_funds,SBI,22,4,0,0,0.653,0
txn_004005,218.71,Credit Card,insufficient_funds,IDFC,5,1,0,2,0.451,0
txn_004006,606.62,Netbanking,bank_server_down,Kotak,10,0,0,1,0.59,1
txn_004007,853.32,Netbanking,network_timeout,Axis,0,0,0,1,0.803,0
txn_004008,1566.9,UPI,network_timeout,Yes Bank,21,3,0,0,0.686,0
txn_004009,337.32,UPI,card_declined,Kotak,3,2,0,2,0.773,0
txn_004010,3611.92,UPI,expired_card,ICICI,15,4,0,1,0.767,1
txn_004011,592.78,UPI,card_declined,IDFC,14,5,1,1,0.71,0
txn_004012,128.59,Debit Card,bank_server_down,HDFC,16,4,0,0,0.738,1
txn_004013,766.65,Netbanking,network_timeout,Yes Bank,0,2,0,0,0.539,1
txn_004014,747.36,UPI,card_declined,IDFC,19,1,0,0,0.911,0
txn_004015,1050.02,Debit Card,network_timeout,Axis,18,4,0,0,0.745,1
txn_004016,371.59,UPI,risk_flagged,Yes Bank,17,6,1,0,0.953,0
txn_004017,650.7,Debit Card,bank_server_down,ICICI,20,2,0,1,0.569,1
txn_004018,187.67,Wallet,network_timeout,Axis,7,5,1,2,0.275,0
txn_004019,1271.38,Credit Card,risk_flagged,Yes Bank,0,3,0,1,0.397,0
txn_004020,457.03,Credit Card,insufficient_funds,SBI,0,0,0,1,0.837,0
txn_004021,563.3,Netbanking,wrong_otp,Axis,3,5,1,0,0.68,1
txn_004022,214.94,UPI,wrong_otp,Kotak,15,5,1,0,0.86,0
txn_004023,948.4,Debit Card,card_declined,Axis,7,2,0,1,0.58,0
txn_004024,123.54,Credit Card,insufficient_funds,ICICI,6,5,1,0,0.456,0
txn_004025,119.82,UPI,network_timeout,HDFC,8,2,0,2,0.78,0
txn_004026,1220.51,Netbanking,card_declined,Kotak,17,1,0,0,0.793,1
txn_004027,476.13,UPI,insufficient_funds,Yes Bank,0,2,0,0,0.651,0
txn_004028,1961.52,UPI,risk_flagged,SBI,22,0,0,3,0.567,0
txn_004029,3212.76,UPI,insufficient_funds,IDFC,7,4,0,0,0.709,0
txn_004030,1242.32,Wallet,wrong_otp,SBI,17,1,0,0,0.722,1
txn_004031,2132.36,UPI,card_declined,Kotak,19,6,1,0,0.936,0
txn_004032,146.9,Debit Card,insufficient_funds,SBI,4,5,1,0,0.522,0
txn_004033,738.67,Credit Card,card_declined,SBI,3,2,0,0,0.618,0
txn_004034,1226.86,UPI,network_timeout,IDFC,12,6,1,0,0.446,1
txn_004035,1158.21,Credit Card,network_timeout,IDFC,0,0,0,1,0.552,1
txn_004036,808.67,UPI,network_timeout,HDFC,4,5,1,0,0.513,1
txn_004037,250.43,UPI,card_declined,Axis,23,4,0,0,0.822,1
txn_004038,310.35,UPI,wrong_otp,Axis,5,3,0,1,0.717,0
txn_004039,2893.46,UPI,insufficient_funds,Axis,2,6,1,4,0.866,0
txn_004040,764.54,UPI,wrong_otp,Axis,10,0,0,1,0.562,0
txn_004041,501.98,Credit Card,insufficient_funds,Kotak,11,3,0,0,0.365,0
txn_004042,155.09,Credit Card,card_declined,SBI,19,6,1,0,0.643,1
txn_004043,348.63,UPI,wrong_otp,Kotak,15,0,0,1,0.84,0
txn_004044,3081.67,Credit Card,insufficient_funds,IDFC,0,5,1,0,0.401,0
txn_004045,389.31,Wallet,bank_server_down,IDFC,0,5,1,0,0.954,0
txn_004046,1135.74,Credit Card,insufficient_funds,SBI,5,1,0,0,0.889,1
txn_004047,165.23,UPI,wrong_otp,SBI,20,2,0,1,0.658,0
txn_004048,996.49,UPI,card_declined,Axis,9,2,0,1,0.853,1
txn_004049,5056.5,UPI,expired_card,SBI,18,5,1,0,0.809,0
txn_004050,924.85,UPI,network_timeout,HDFC,4,4,0,1,0.76,1
txn_004051,342.01,Debit Card,bank_server_down,Yes Bank,15,0,0,2,0.526,0
txn_004052,408.62,Debit Card,insufficient_funds,Axis,14,6,1,1,0.945,1
txn_004053,1959.18,UPI,wrong_otp,IDFC,5,4,0,1,0.372,0
txn_004054,119.9,Debit Card,bank_server_down,Yes Bank,16,5,1,0,0.928,1
txn_004055,566.01,Debit Card,network_timeout,IDFC,22,6,1,0,0.749,0
txn_004056,278.2,UPI,risk_flagged,HDFC,10,5,1,0,0.643,1
txn_004057,1074.69,UPI,risk_flagged,Kotak,22,3,0,1,0.869,0
txn_004058,1962.96,UPI,card_declined,Kotak,11,1,0,1,0.281,0
txn_004059,3681.11,Credit Card,insufficient_funds,Kotak,1,3,0,1,0.73,0
txn_004060,385.42,Credit Card,network_timeout,IDFC,9,0,0,1,0.801,1
txn_004061,642.74,Credit Card,bank_server_down,HDFC,16,0,0,0,0.414,0
txn_004062,1317.42,UPI,card_declined,SBI,13,3,0,1,0.87,0
txn_004063,89.4,Netbanking,card_declined,Yes Bank,0,1,0,1,0.83,0
txn_004064,215.11,UPI,bank_server_down,ICICI,18,4,0,3,0.348,1
txn_004065,575.63,UPI,insufficient_funds,Kotak,12,3,0,0,0.697,1
txn_004066,613.28,UPI,expired_card,Kotak,12,4,0,0,0.623,0
txn_004067,244.87,UPI,bank_server_down,Axis,7,0,0,1,0.789,1
txn_004068,411.04,UPI,insufficient_funds,Axis,12,4,0,0,0.825,1
txn_004069,198.44,Debit Card,insufficient_funds,ICICI,5,1,0,1,0.645,0
txn_004070,364.9,UPI,insufficient_funds,Axis,20,5,1,0,0.805,1
txn_004071,820.98,UPI,insufficient_funds,HDFC,9,4,0,1,0.942,0
txn_004072,451.37,Debit Card,network_timeout,Axis,6,2,0,1,0.556,1
txn_004073,4895.13,Credit Card,insufficient_funds,HDFC,11,3,0,0,0.853,0
txn_004074,186.41,Credit Card,insufficient_funds,Yes Bank,17,6,1,0,0.394,0
txn_004075,98.67,Debit Card,wrong_otp,Axis,4,6,1,0,0.569,1
txn_004076,300.03,Credit Card,network_timeout,Yes Bank,7,2,0,0,0.232,1
txn_004077,797.62,Debit Card,wrong_otp,HDFC,19,3,0,1,0.84,0
txn_004078,398.56,Netbanking,insufficient_funds,Kotak,20,6,1,2,0.8,0
txn_004079,347.78,UPI,risk_flagged,ICICI,14,4,0,1,0.758,0
txn_004080,852.34,UPI,insufficient_funds,HDFC,21,2,0,1,0.73,1
txn_004081,233.47,Credit Card,insufficient_funds,IDFC,4,5,1,0,0.701,0
txn_004082,135.25,Credit Card,bank_server_down,Yes Bank,12,3,0,0,0.604,0
txn_004083,352.0,Debit Card,risk_flagged,ICICI,21,0,0,0,0.803,0
txn_004084,2713.89,UPI,network_timeout,SBI,7,1,0,0,0.657,0
txn_004085,1401.49,Debit Card,bank_server_down,Kotak,21,3,0,1,0.831,0
txn_004086,2075.89,UPI,wrong_otp,ICICI,16,1,0,0,0.756,0
txn_004087,997.67,UPI,card_declined,ICICI,15,0,0,1,0.836,0
txn_004088,560.09,Netbanking,bank_server_down,SBI,17,5,1,0,0.729,0
txn_004089,547.9,Debit Card,wrong_otp,Axis,16,4,0,1,0.848,0
txn_004090,4145.9,Credit Card,risk_flagged,Kotak,18,4,0,1,0.895,0
txn_004091,2386.32,Credit Card,card_declined,HDFC,14,6,1,0,0.707,1
txn_004092,311.75,Credit Card,network_timeout,ICICI,12,3,0,1,0.813,0
txn_004093,1249.44,UPI,bank_server_down,Kotak,5,3,0,0,0.742,1
txn_004094,291.61,Netbanking,insufficient_funds,Kotak,10,0,0,0,0.418,0
txn_004095,152.25,UPI,bank_server_down,Yes Bank,1,0,0,1,0.81,1
txn_004096,2370.97,UPI,bank_server_down,IDFC,22,1,0,0,0.694,0
txn_004097,353.22,Netbanking,insufficient_funds,IDFC,10,0,0,0,0.342,0
txn_004098,1535.51,UPI,network_timeout,HDFC,1,3,0,1,0.386,0
txn_004099,297.38,Wallet,insufficient_funds,Yes Bank,0,3,0,2,0.412,0
txn_004100,275.27,Debit Card,network_timeout,IDFC,11,3,0,0,0.638,1
txn_004101,1613.93,Debit Card,card_declined,Axis,9,1,0,1,0.601,1
txn_004102,294.04,UPI,network_timeout,HDFC,2,1,0,1,0.834,1
txn_004103,763.18,Netbanking,bank_server_down,Kotak,15,0,0,1,0.802,1
txn_004104,436.62,Debit Card,bank_server_down,SBI,7,2,0,2,0.855,1
txn_004105,233.29,UPI,insufficient_funds,HDFC,15,0,0,0,0.345,0
txn_004106,2600.62,Debit Card,card_declined,HDFC,23,3,0,1,0.714,1
txn_004107,762.07,Debit Card,network_timeout,SBI,20,3,0,3,0.58,0
txn_004108,1025.87,UPI,network_timeout,Axis,16,3,0,1,0.717,0
txn_004109,189.87,Credit Card,card_declined,Kotak,7,5,1,3,0.699,0
txn_004110,538.35,Credit Card,network_timeout,IDFC,15,3,0,2,0.511,1
txn_004111,1389.6,UPI,insufficient_funds,Axis,10,1,0,0,0.957,0
txn_004112,347.12,UPI,card_declined,Yes Bank,20,0,0,1,0.821,0
txn_004113,2501.36,Debit Card,network_timeout,ICICI,15,3,0,1,0.866,1
txn_004114,213.14,UPI,insufficient_funds,IDFC,22,5,1,3,0.772,0
txn_004115,1564.43,Debit Card,network_timeout,HDFC,9,6,1,2,0.397,0
txn_004116,1471.36,UPI,card_declined,ICICI,23,4,0,0,0.858,0
txn_004117,363.4,Debit Card,wrong_otp,ICICI,16,1,0,2,0.941,1
txn_004118,1768.0,Wallet,bank_server_down,Kotak,18,1,0,1,0.825,0
txn_004119,1068.29,Debit Card,bank_server_down,HDFC,7,0,0,2,0.877,1
txn_004120,1274.43,Credit Card,insufficient_funds,ICICI,8,0,0,1,0.293,0
txn_004121,412.49,UPI,card_declined,HDFC,3,3,0,0,0.649,0
txn_004122,359.36,UPI,wrong_otp,IDFC,12,4,0,0,0.73,0
txn_004123,1131.23,Netbanking,risk_flagged,Yes Bank,14,1,0,0,0.833,0
txn_004124,1244.83,Credit Card,bank_server_down,HDFC,4,0,0,0,0.863,1
txn_004125,477.87,UPI,network_timeout,HDFC,5,6,1,0,0.895,0
txn_004126,362.92,UPI,insufficient_funds,IDFC,20,1,0,1,0.675,1
txn_004127,838.47,Debit Card,bank_server_down,Axis,3,0,0,0,0.396,0
txn_004128,299.72,UPI,card_declined,SBI,21,3,0,1,0.724,1
txn_004129,1329.16,UPI,bank_server_down,IDFC,6,5,1,0,0.95,1
txn_004130,588.19,Credit Card,network_timeout,ICICI,18,0,0,0,0.462,1
txn_004131,1234.97,UPI,network_timeout,HDFC,15,3,0,0,0.897,1
txn_004132,1881.42,Debit Card,insufficient_funds,Yes Bank,2,2,0,3,0.541,0
txn_004133,231.08,UPI,bank_server_down,SBI,8,5,1,0,0.59,0
txn_004134,322.12,Credit Card,bank_server_down,HDFC,5,5,1,0,0.739,0
txn_004135,772.54,Debit Card,bank_server_down,Axis,5,5,1,0,0.344,0
txn_004136,242.22,UPI,wrong_otp,ICICI,3,6,1,0,0.72,1
txn_004137,681.42,Netbanking,network_timeout,ICICI,15,6,1,0,0.557,1
txn_004138,427.78,Debit Card,wrong_otp,ICICI,5,0,0,0,0.648,1
txn_004139,265.22,Credit Card,bank_server_down,Kotak,4,2,0,0,0.63,1
txn_004140,222.23,UPI,insufficient_funds,Kotak,3,6,1,1,0.736,1
txn_004141,1660.98,UPI,card_declined,Kotak,6,3,0,0,0.766,0
txn_004142,382.15,Netbanking,wrong_otp,SBI,8,1,0,0,0.334,0
txn_004143,873.58,UPI,insufficient_funds,IDFC,5,0,0,1,0.866,0
txn_004144,19547.73,Netbanking,insufficient_funds,Axis,19,1,0,1,0.927,1
txn_004145,6260.15,Debit Card,insufficient_funds,Kotak,8,5,1,2,0.234,0
txn_004146,355.75,UPI,network_timeout,Yes Bank,8,0,0,1,0.643,1
txn_004147,695.58,UPI,network_timeout,Kotak,16,5,1,1,0.857,1
txn_004148,917.83,Debit Card,insufficient_funds,Kotak,10,2,0,2,0.771,0
txn_004149,1301.48,UPI,bank_server_down,ICICI,3,3,0,0,0.796,0
txn_004150,1635.45,UPI,card_declined,ICICI,16,4,0,1,0.717,1
txn_004151,255.3,Credit Card,risk_flagged,Yes Bank,13,6,1,2,0.713,0
txn_004152,218.06,Debit Card,bank_server_down,Yes Bank,1,1,0,0,0.422,0
txn_004153,662.82,Netbanking,network_timeout,Kotak,8,2,0,1,0.788,1
txn_004154,389.34,UPI,bank_server_down,Kotak,18,2,0,0,0.88,1
txn_004155,1580.5,UPI,insufficient_funds,ICICI,23,4,0,0,0.846,0
txn_004156,570.6,Debit Card,insufficient_funds,Kotak,12,5,1,1,0.84,0
txn_004157,5813.25,UPI,wrong_otp,IDFC,9,6,1,0,0.986,0
txn_004158,4198.62,Debit Card,risk_flagged,SBI,13,0,0,1,0.596,0
txn_004159,324.05,Wallet,network_timeout,SBI,21,5,1,0,0.675,0
txn_004160,1080.41,UPI,card_declined,IDFC,13,2,0,1,0.698,0
txn_004161,233.7,Debit Card,expired_card,IDFC,1,1,0,0,0.76,0
txn_004162,376.38,Netbanking,risk_flagged,HDFC,15,1,0,0,0.769,0
txn_004163,3575.54,UPI,insufficient_funds,IDFC,7,5,1,1,0.826,0
txn_004164,448.2,Debit Card,wrong_otp,Axis,21,0,0,0,0.953,1
txn_004165,2504.51,Debit Card,card_declined,ICICI,7,6,1,0,0.712,0
txn_004166,134.85,Debit Card,insufficient_funds,ICICI,15,5,1,1,0.829,0
txn_004167,856.49,Credit Card,insufficient_funds,ICICI,5,2,0,0,0.566,1
txn_004168,2391.41,Debit Card,card_declined,Yes Bank,0,2,0,1,0.856,0
txn_004169,733.16,Credit Card,bank_server_down,Axis,20,6,1,1,0.704,0
txn_004170,1061.47,Credit Card,network_timeout,Axis,1,3,0,0,0.6,1
txn_004171,1289.09,UPI,wrong_otp,Yes Bank,7,2,0,1,0.728,0
txn_004172,1094.64,UPI,insufficient_funds,Yes Bank,9,3,0,1,0.545,0
txn_004173,1076.83,UPI,expired_card,IDFC,8,0,0,1,0.916,0
txn_004174,503.96,UPI,insufficient_funds,HDFC,11,2,0,1,0.649,1
txn_004175,2361.72,Credit Card,wrong_otp,SBI,23,2,0,1,0.72,1
txn_004176,2033.2,Credit Card,bank_server_down,ICICI,15,0,0,1,0.586,1
txn_004177,3802.56,Credit Card,network_timeout,Yes Bank,17,1,0,2,0.764,1
txn_004178,345.6,Credit Card,network_timeout,Axis,10,6,1,2,0.699,1
txn_004179,355.13,Credit Card,network_timeout,HDFC,14,1,0,3,0.852,1
txn_004180,1144.11,UPI,network_timeout,Yes Bank,8,2,0,0,0.66,1
txn_004181,1278.25,Credit Card,expired_card,Kotak,4,6,1,2,0.708,0
txn_004182,380.97,UPI,insufficient_funds,ICICI,4,3,0,1,0.519,0
txn_004183,509.69,Credit Card,insufficient_funds,Yes Bank,20,1,0,1,0.826,0
txn_004184,1603.28,Debit Card,risk_flagged,Kotak,3,4,0,1,0.877,0
txn_004185,1067.45,UPI,wrong_otp,Axis,23,0,0,1,0.703,1
txn_004186,50.28,Netbanking,wrong_otp,IDFC,14,6,1,1,0.815,1
txn_004187,295.53,UPI,risk_flagged,ICICI,13,3,0,0,0.903,0
txn_004188,1473.8,Credit Card,insufficient_funds,Yes Bank,21,6,1,0,0.9,1
txn_004189,1793.08,UPI,insufficient_funds,Axis,6,6,1,0,0.778,0
txn_004190,229.27,UPI,risk_flagged,Kotak,1,4,0,1,0.641,0
txn_004191,83.7,UPI,network_timeout,IDFC,15,2,0,0,0.944,1
txn_004192,176.72,UPI,bank_server_down,IDFC,3,2,0,0,0.964,0
txn_004193,391.19,Netbanking,bank_server_down,ICICI,20,6,1,0,0.837,0
txn_004194,1504.84,Credit Card,network_timeout,Axis,1,2,0,0,0.889,0
txn_004195,1365.33,Netbanking,network_timeout,SBI,18,4,0,1,0.819,1
txn_004196,232.29,Debit Card,wrong_otp,HDFC,11,5,1,1,0.469,1
txn_004197,206.84,UPI,network_timeout,ICICI,21,2,0,1,0.925,1
txn_004198,564.38,UPI,network_timeout,SBI,20,3,0,1,0.173,0
txn_004199,739.77,UPI,bank_server_down,Kotak,5,5,1,1,0.685,0
txn_004200,337.82,UPI,insufficient_funds,Axis,6,3,0,0,0.59,1
txn_004201,369.89,Credit Card,network_timeout,Kotak,21,6,1,1,0.68,1
txn_004202,593.98,Debit Card,insufficient_funds,Axis,8,0,0,0,0.87,0
txn_004203,1320.74,Debit Card,expired_card,ICICI,19,3,0,0,0.484,0
txn_004204,306.73,Debit Card,network_timeout,Yes Bank,11,6,1,1,0.859,1
txn_004205,195.35,Credit Card,bank_server_down,IDFC,0,5,1,2,0.842,1
txn_004206,870.36,UPI,network_timeout,IDFC,9,0,0,1,0.563,1
txn_004207,2292.92,Netbanking,card_declined,ICICI,10,3,0,0,0.926,1
txn_004208,1723.63,UPI,risk_flagged,Axis,20,1,0,1,0.668,0
txn_004209,141.57,UPI,wrong_otp,IDFC,16,0,0,2,0.605,0
txn_004210,1241.38,Credit Card,bank_server_down,SBI,20,5,1,0,0.659,0
txn_004211,913.02,UPI,expired_card,Yes Bank,18,4,0,0,0.834,0
txn_004212,275.87,Debit Card,insufficient_funds,HDFC,9,2,0,1,0.528,1
txn_004213,2052.6,UPI,wrong_otp,Kotak,1,2,0,0,0.384,0
txn_004214,105.19,UPI,network_timeout,IDFC,7,0,0,2,0.558,1
txn_004215,428.79,UPI,insufficient_funds,Yes Bank,9,6,1,1,0.887,0
txn_004216,1584.84,Debit Card,card_declined,HDFC,20,5,1,1,0.822,0
txn_004217,579.39,Debit Card,insufficient_funds,Axis,23,5,1,0,0.473,1
txn_004218,1138.77,UPI,network_timeout,IDFC,19,6,1,0,0.504,1
txn_004219,6557.21,Debit Card,wrong_otp,Axis,23,0,0,0,0.955,0
txn_004220,1245.3,UPI,wrong_otp,Yes Bank,22,1,0,0,0.85,1
txn_004221,1989.02,Credit Card,insufficient_funds,Axis,16,2,0,0,0.357,0
txn_004222,527.88,Debit Card,card_declined,SBI,2,0,0,0,0.746,1
txn_004223,120.72,Credit Card,bank_server_down,IDFC,4,4,0,2,0.674,1
txn_004224,1025.43,UPI,wrong_otp,ICICI,10,0,0,0,0.768,1
txn_004225,619.93,UPI,bank_server_down,ICICI,10,3,0,2,0.785,1
txn_004226,1418.55,UPI,expired_card,ICICI,0,2,0,2,0.878,0
txn_004227,703.36,Credit Card,network_timeout,SBI,20,0,0,1,0.621,0
txn_004228,232.5,Netbanking,insufficient_funds,ICICI,6,1,0,0,0.863,0
txn_004229,559.6,Credit Card,bank_server_down,IDFC,7,4,0,1,0.697,0
txn_004230,831.6,UPI,network_timeout,SBI,3,0,0,1,0.839,0
txn_004231,429.74,UPI,bank_server_down,SBI,21,2,0,0,0.723,0
txn_004232,293.72,Credit Card,network_timeout,IDFC,5,5,1,1,0.453,1
txn_004233,903.81,UPI,bank_server_down,HDFC,6,6,1,1,0.766,1
txn_004234,256.72,UPI,card_declined,SBI,9,6,1,0,0.86,1
txn_004235,459.94,UPI,insufficient_funds,Axis,12,0,0,0,0.617,0
txn_004236,529.29,UPI,network_timeout,HDFC,7,2,0,1,0.787,1
txn_004237,1134.28,UPI,insufficient_funds,SBI,23,0,0,1,0.21,1
txn_004238,785.69,UPI,expired_card,IDFC,2,3,0,0,0.574,0
txn_004239,2022.16,UPI,insufficient_funds,Axis,10,0,0,0,0.919,1
txn_004240,1478.46,Credit Card,wrong_otp,ICICI,15,5,1,2,0.956,1
txn_004241,313.4,UPI,insufficient_funds,Axis,6,2,0,0,0.849,1
txn_004242,2436.32,UPI,network_timeout,SBI,23,1,0,1,0.856,1
txn_004243,865.15,Credit Card,insufficient_funds,Axis,7,2,0,2,0.725,0
txn_004244,1062.97,Debit Card,card_declined,HDFC,1,5,1,3,0.767,1
txn_004245,375.92,Credit Card,insufficient_funds,IDFC,10,3,0,0,0.815,1
txn_004246,4067.28,Credit Card,expired_card,HDFC,1,6,1,0,0.69,0
txn_004247,349.09,Debit Card,network_timeout,IDFC,7,3,0,1,0.879,0
txn_004248,190.17,UPI,insufficient_funds,HDFC,1,4,0,2,0.477,0
txn_004249,502.56,Netbanking,network_timeout,SBI,21,5,1,0,0.538,1
txn_004250,1436.64,UPI,bank_server_down,Yes Bank,11,2,0,0,0.911,0
txn_004251,1704.0,Wallet,wrong_otp,ICICI,5,3,0,0,0.5,0
txn_004252,724.18,UPI,card_declined,IDFC,13,0,0,1,0.719,1
txn_004253,1684.42,Credit Card,wrong_otp,SBI,3,3,0,1,0.362,0
txn_004254,1242.97,UPI,network_timeout,IDFC,23,6,1,0,0.781,1
txn_004255,1639.6,Credit Card,insufficient_funds,SBI,19,2,0,0,0.572,1
txn_004256,147.45,Debit Card,card_declined,Axis,19,0,0,0,0.929,0
txn_004257,319.68,Debit Card,insufficient_funds,IDFC,4,5,1,1,0.651,0
txn_004258,596.88,UPI,card_declined,HDFC,21,3,0,0,0.596,1
txn_004259,5213.15,UPI,card_declined,ICICI,22,2,0,0,0.876,1
txn_004260,514.91,UPI,insufficient_funds,ICICI,1,6,1,2,0.94,0
txn_004261,795.83,Debit Card,wrong_otp,HDFC,16,1,0,1,0.676,1
txn_004262,666.68,Netbanking,bank_server_down,HDFC,5,6,1,1,0.658,1
txn_004263,2736.3,UPI,insufficient_funds,ICICI,6,0,0,0,0.715,1
txn_004264,2003.41,UPI,risk_flagged,SBI,23,5,1,0,0.628,0
txn_004265,484.16,Debit Card,bank_server_down,Yes Bank,10,1,0,0,0.337,1
txn_004266,700.04,Credit Card,bank_server_down,Axis,1,1,0,2,0.471,0
txn_004267,1281.89,Credit Card,insufficient_funds,Kotak,23,5,1,4,0.966,0
txn_004268,1033.78,Debit Card,network_timeout,IDFC,14,4,0,3,0.995,1
txn_004269,599.24,UPI,wrong_otp,Yes Bank,6,3,0,1,0.879,1
txn_004270,4691.66,Credit Card,risk_flagged,Yes Bank,4,4,0,0,0.611,0
txn_004271,1373.8,Credit Card,network_timeout,Axis,13,6,1,2,0.825,1
txn_004272,1201.39,Debit Card,risk_flagged,IDFC,1,3,0,3,0.865,0
txn_004273,315.78,Debit Card,bank_server_down,SBI,2,2,0,1,0.675,1
txn_004274,262.0,Netbanking,card_declined,SBI,21,1,0,0,0.571,1
txn_004275,234.34,UPI,expired_card,ICICI,4,1,0,1,0.577,0
txn_004276,209.1,Debit Card,wrong_otp,Axis,13,3,0,0,0.729,1
txn_004277,340.71,Debit Card,insufficient_funds,Kotak,8,1,0,1,0.989,1
txn_004278,389.02,Credit Card,network_timeout,Kotak,16,5,1,0,0.778,1
txn_004279,3235.39,UPI,wrong_otp,HDFC,5,0,0,1,0.615,1
txn_004280,829.11,Credit Card,bank_server_down,Axis,8,1,0,3,0.918,0
txn_004281,492.81,UPI,insufficient_funds,ICICI,17,4,0,1,0.859,1
txn_004282,331.62,UPI,bank_server_down,ICICI,4,1,0,1,0.448,1
txn_004283,292.43,Credit Card,network_timeout,ICICI,7,3,0,2,0.886,1
txn_004284,95.01,UPI,bank_server_down,SBI,1,5,1,0,0.443,0
txn_004285,1819.3,UPI,insufficient_funds,SBI,20,4,0,0,0.678,1
txn_004286,630.82,Credit Card,insufficient_funds,Yes Bank,9,5,1,1,0.861,0
txn_004287,572.36,Debit Card,card_declined,Yes Bank,7,4,0,0,0.629,1
txn_004288,239.54,Debit Card,bank_server_down,Kotak,15,0,0,1,0.897,1
txn_004289,450.18,Debit Card,wrong_otp,Kotak,2,6,1,1,0.733,1
txn_004290,913.65,UPI,insufficient_funds,IDFC,11,3,0,0,0.929,0
txn_004291,2078.03,Credit Card,card_declined,HDFC,6,0,0,0,0.846,0
txn_004292,477.78,Debit Card,bank_server_down,ICICI,8,0,0,0,0.305,1
txn_004293,143.1,Netbanking,risk_flagged,Axis,0,1,0,1,0.822,0
txn_004294,134.37,UPI,insufficient_funds,Kotak,4,0,0,1,0.726,1
txn_004295,342.55,Credit Card,expired_card,ICICI,1,2,0,0,0.47,0
txn_004296,4363.76,Credit Card,card_declined,Kotak,6,0,0,1,0.739,0
txn_004297,1858.1,Debit Card,bank_server_down,Kotak,8,5,1,1,0.705,1
txn_004298,38.68,Wallet,risk_flagged,SBI,15,4,0,1,0.796,1
txn_004299,422.2,UPI,network_timeout,Kotak,2,5,1,1,0.801,1
txn_004300,434.28,Debit Card,expired_card,Kotak,19,1,0,0,0.726,0
txn_004301,316.69,UPI,expired_card,Axis,19,3,0,1,0.839,1
txn_004302,223.92,Debit Card,card_declined,Axis,21,0,0,0,0.921,1
txn_004303,1466.74,Debit Card,bank_server_down,IDFC,10,5,1,0,0.795,1
txn_004304,190.59,Netbanking,insufficient_funds,Kotak,3,5,1,1,0.845,0
txn_004305,888.64,Credit Card,network_timeout,ICICI,9,3,0,0,0.703,0
txn_004306,2062.51,UPI,insufficient_funds,Kotak,5,2,0,1,0.645,0
txn_004307,1925.43,UPI,insufficient_funds,Yes Bank,7,1,0,1,0.894,0
txn_004308,757.94,UPI,expired_card,Yes Bank,15,5,1,0,0.839,0
txn_004309,1698.71,Debit Card,insufficient_funds,HDFC,19,3,0,0,0.748,0
txn_004310,205.59,Debit Card,expired_card,IDFC,18,1,0,0,0.657,0
txn_004311,716.35,Credit Card,insufficient_funds,IDFC,9,3,0,1,0.496,1
txn_004312,2987.56,UPI,wrong_otp,Kotak,17,4,0,2,0.919,0
txn_004313,1393.62,Debit Card,network_timeout,SBI,7,0,0,0,0.907,0
txn_004314,127.22,UPI,insufficient_funds,ICICI,21,6,1,2,0.752,0
txn_004315,875.95,UPI,risk_flagged,HDFC,18,3,0,1,0.572,0
txn_004316,134.52,UPI,wrong_otp,SBI,14,3,0,0,0.739,0
txn_004317,874.6,Credit Card,bank_server_down,IDFC,16,2,0,0,0.666,1
txn_004318,430.95,Debit Card,risk_flagged,ICICI,7,6,1,0,0.898,0
txn_004319,149.19,UPI,network_timeout,HDFC,19,5,1,1,0.507,1
txn_004320,459.38,Credit Card,bank_server_down,ICICI,6,2,0,1,0.841,1
txn_004321,178.87,Debit Card,insufficient_funds,IDFC,21,6,1,0,0.853,1
txn_004322,622.99,Debit Card,bank_server_down,Axis,22,4,0,1,0.55,1
txn_004323,259.38,UPI,wrong_otp,ICICI,2,1,0,0,0.51,0
txn_004324,487.64,Debit Card,card_declined,Kotak,19,1,0,2,0.897,1
txn_004325,437.8,UPI,network_timeout,Kotak,4,1,0,0,0.904,1
txn_004326,355.51,UPI,card_declined,Yes Bank,5,0,0,1,0.894,0
txn_004327,155.07,UPI,insufficient_funds,ICICI,1,0,0,1,0.673,0
txn_004328,1160.53,UPI,expired_card,Yes Bank,15,4,0,0,0.45,0
txn_004329,824.53,UPI,insufficient_funds,SBI,11,5,1,2,0.654,1
txn_004330,498.73,Credit Card,insufficient_funds,SBI,0,6,1,0,0.583,1
txn_004331,738.54,Wallet,risk_flagged,Yes Bank,5,5,1,0,0.965,1
txn_004332,299.66,Wallet,bank_server_down,Axis,18,6,1,1,0.815,1
txn_004333,9888.0,Credit Card,bank_server_down,Axis,6,0,0,1,0.847,1
txn_004334,1060.38,Debit Card,network_timeout,ICICI,0,4,0,0,0.513,0
txn_004335,187.8,Debit Card,card_declined,Axis,11,5,1,1,0.833,0
txn_004336,599.13,Wallet,insufficient_funds,Yes Bank,21,5,1,0,0.43,0
txn_004337,2163.51,Debit Card,card_declined,HDFC,15,3,0,1,0.486,1
txn_004338,24.82,Credit Card,network_timeout,Axis,2,1,0,1,0.661,0
txn_004339,667.31,Netbanking,insufficient_funds,IDFC,20,0,0,0,0.756,0
txn_004340,135.1,Credit Card,network_timeout,IDFC,5,3,0,0,0.626,1
txn_004341,678.18,Debit Card,wrong_otp,ICICI,22,5,1,0,0.83,1
txn_004342,1035.48,Netbanking,insufficient_funds,SBI,18,5,1,0,0.708,0
txn_004343,194.11,Debit Card,insufficient_funds,HDFC,3,3,0,1,0.822,0
txn_004344,791.05,Debit Card,expired_card,ICICI,21,5,1,2,0.804,0
txn_004345,3408.86,UPI,wrong_otp,Kotak,5,0,0,0,0.569,0
txn_004346,1309.41,Credit Card,bank_server_down,HDFC,23,2,0,0,0.507,0
txn_004347,1528.79,UPI,network_timeout,ICICI,18,3,0,1,0.915,1
txn_004348,3847.84,UPI,bank_server_down,ICICI,16,3,0,3,0.875,0
txn_004349,2473.62,UPI,insufficient_funds,SBI,5,0,0,0,0.852,0
txn_004350,882.65,Credit Card,risk_flagged,Axis,15,3,0,1,0.941,0
txn_004351,730.04,Credit Card,bank_server_down,Axis,13,6,1,0,0.924,1
txn_004352,4285.21,Credit Card,network_timeout,SBI,2,3,0,1,0.668,1
txn_004353,1400.56,Netbanking,wrong_otp,Yes Bank,10,6,1,1,0.858,0
txn_004354,248.65,Debit Card,card_declined,HDFC,16,6,1,2,0.937,0
txn_004355,465.12,UPI,insufficient_funds,HDFC,17,6,1,1,0.629,0
txn_004356,94.17,Debit Card,insufficient_funds,IDFC,4,5,1,0,0.679,0
txn_004357,2728.35,Netbanking,bank_server_down,Kotak,7,5,1,1,0.751,1
txn_004358,131.57,Wallet,insufficient_funds,ICICI,10,2,0,1,0.85,0
txn_004359,267.19,Netbanking,wrong_otp,ICICI,14,1,0,0,0.54,1
txn_004360,394.16,UPI,wrong_otp,HDFC,13,5,1,0,0.865,0
txn_004361,2516.23,UPI,bank_server_down,HDFC,4,3,0,1,0.996,1
txn_004362,341.7,Debit Card,bank_server_down,Axis,13,3,0,1,0.526,1
txn_004363,670.36,Credit Card,insufficient_funds,ICICI,18,5,1,0,0.862,1
txn_004364,703.18,Netbanking,bank_server_down,Yes Bank,17,4,0,3,0.776,1
txn_004365,427.42,Debit Card,insufficient_funds,Axis,8,3,0,1,0.856,1
txn_004366,1833.47,UPI,bank_server_down,Kotak,22,6,1,0,0.769,1
txn_004367,273.47,UPI,insufficient_funds,Kotak,10,5,1,0,0.904,1
txn_004368,503.38,UPI,wrong_otp,Kotak,4,1,0,1,0.782,1
txn_004369,317.09,UPI,risk_flagged,Kotak,0,5,1,2,0.394,0
txn_004370,2470.16,UPI,insufficient_funds,SBI,5,4,0,0,0.712,0
txn_004371,246.49,Credit Card,insufficient_funds,Kotak,7,5,1,3,0.837,0
txn_004372,302.75,UPI,wrong_otp,Kotak,14,4,0,0,0.428,1
txn_004373,338.52,UPI,network_timeout,Axis,21,1,0,2,0.447,1
txn_004374,968.89,UPI,insufficient_funds,IDFC,2,0,0,0,0.781,0
txn_004375,5063.28,UPI,insufficient_funds,ICICI,17,2,0,0,0.501,0
txn_004376,2032.39,Debit Card,card_declined,HDFC,13,2,0,1,0.726,0
txn_004377,47.48,Netbanking,wrong_otp,Axis,11,1,0,0,0.595,0
txn_004378,976.36,UPI,insufficient_funds,IDFC,8,1,0,0,0.608,0
txn_004379,605.06,Debit Card,insufficient_funds,Yes Bank,22,2,0,2,0.809,0
txn_004380,169.9,Netbanking,insufficient_funds,Yes Bank,14,1,0,1,0.489,0
txn_004381,132.35,UPI,network_timeout,ICICI,21,1,0,0,0.899,1
txn_004382,1471.99,Credit Card,insufficient_funds,SBI,21,5,1,3,0.807,0
txn_004383,1021.19,Debit Card,card_declined,Kotak,10,1,0,2,0.923,0
txn_004384,219.84,Netbanking,network_timeout,Yes Bank,22,1,0,0,0.668,1
txn_004385,724.79,UPI,bank_server_down,Axis,2,5,1,1,0.947,1
txn_004386,5489.68,UPI,insufficient_funds,SBI,21,2,0,1,0.738,1
txn_004387,604.68,Debit Card,wrong_otp,Kotak,4,5,1,0,0.785,0
txn_004388,884.66,Wallet,insufficient_funds,Kotak,2,6,1,0,0.713,0
txn_004389,1054.22,Netbanking,bank_server_down,Yes Bank,16,6,1,0,0.718,0
txn_004390,666.4,UPI,bank_server_down,Yes Bank,3,6,1,0,0.942,1
txn_004391,990.7,Credit Card,network_timeout,HDFC,9,4,0,1,0.943,1
txn_004392,354.26,UPI,network_timeout,IDFC,2,3,0,0,0.548,1
txn_004393,348.56,UPI,wrong_otp,HDFC,21,3,0,0,0.858,1
txn_004394,828.96,UPI,insufficient_funds,IDFC,7,1,0,1,0.605,1
txn_004395,1060.18,UPI,wrong_otp,Yes Bank,13,5,1,0,0.556,1
txn_004396,250.3,Netbanking,bank_server_down,ICICI,4,4,0,2,0.524,1
txn_004397,197.28,Netbanking,card_declined,Axis,15,6,1,1,0.697,0
txn_004398,561.33,Debit Card,network_timeout,Kotak,4,3,0,0,0.961,0
txn_004399,434.31,Credit Card,wrong_otp,SBI,2,2,0,1,0.453,0
txn_004400,185.01,Debit Card,network_timeout,ICICI,10,1,0,1,0.838,1
txn_004401,1962.91,UPI,insufficient_funds,Axis,17,1,0,0,0.904,0
txn_004402,1855.12,UPI,insufficient_funds,HDFC,10,6,1,1,0.828,0
txn_004403,871.13,UPI,insufficient_funds,Kotak,0,5,1,0,0.915,0
txn_004404,311.93,UPI,bank_server_down,ICICI,18,2,0,0,0.509,1
txn_004405,463.08,Netbanking,insufficient_funds,Kotak,3,0,0,1,0.919,1
txn_004406,805.92,UPI,bank_server_down,SBI,0,3,0,0,0.916,1
txn_004407,417.03,UPI,wrong_otp,Yes Bank,17,6,1,0,0.888,0
txn_004408,77.53,UPI,wrong_otp,Kotak,5,1,0,0,0.806,0
txn_004409,690.95,UPI,wrong_otp,SBI,14,2,0,0,0.701,1
txn_004410,269.56,Credit Card,bank_server_down,IDFC,19,0,0,1,0.829,1
txn_004411,190.23,UPI,wrong_otp,Kotak,15,6,1,2,0.636,0
txn_004412,502.13,Netbanking,network_timeout,Yes Bank,0,3,0,2,0.7,0
txn_004413,112.19,UPI,network_timeout,ICICI,7,4,0,1,0.849,1
txn_004414,240.09,UPI,wrong_otp,Yes Bank,12,5,1,0,0.775,1
txn_004415,252.03,Credit Card,insufficient_funds,Axis,7,4,0,0,0.567,1
txn_004416,587.5,Credit Card,insufficient_funds,Axis,11,4,0,1,0.32,0
txn_004417,1587.64,UPI,insufficient_funds,SBI,3,5,1,1,0.922,0
txn_004418,146.57,Debit Card,expired_card,ICICI,23,0,0,1,0.829,0
txn_004419,935.75,UPI,wrong_otp,Axis,11,2,0,0,0.928,1
txn_004420,138.5,UPI,bank_server_down,Yes Bank,15,4,0,0,0.791,1
txn_004421,10164.19,Wallet,network_timeout,Axis,21,3,0,1,0.754,1
txn_004422,148.3,UPI,insufficient_funds,ICICI,19,4,0,1,0.569,1
txn_004423,1728.89,Debit Card,network_timeout,Axis,21,1,0,1,0.823,1
txn_004424,419.1,UPI,bank_server_down,Kotak,16,5,1,0,0.942,0
txn_004425,407.05,UPI,card_declined,SBI,15,5,1,1,0.772,1
txn_004426,895.39,Credit Card,bank_server_down,Yes Bank,3,2,0,0,0.71,1
txn_004427,1882.22,UPI,insufficient_funds,Yes Bank,22,6,1,0,0.871,1
txn_004428,614.4,UPI,bank_server_down,ICICI,2,5,1,0,0.74,0
txn_004429,611.44,UPI,insufficient_funds,HDFC,17,5,1,1,0.852,0
txn_004430,1567.17,UPI,insufficient_funds,Axis,17,4,0,0,0.889,0
txn_004431,917.66,UPI,network_timeout,Yes Bank,1,0,0,1,0.95,1
txn_004432,10383.68,Credit Card,expired_card,Kotak,20,4,0,0,0.615,0
txn_004433,181.96,Credit Card,wrong_otp,Kotak,6,6,1,0,0.762,1
txn_004434,480.2,UPI,network_timeout,ICICI,22,6,1,1,0.866,1
txn_004435,683.88,UPI,card_declined,ICICI,11,3,0,2,0.931,1
txn_004436,505.01,Netbanking,card_declined,ICICI,15,0,0,0,0.573,1
txn_004437,1281.86,Debit Card,insufficient_funds,ICICI,9,5,1,2,0.705,1
txn_004438,484.27,Debit Card,network_timeout,IDFC,7,0,0,2,0.495,1
txn_004439,1412.31,Credit Card,network_timeout,Yes Bank,20,6,1,0,0.935,1
txn_004440,85.64,UPI,card_declined,ICICI,6,5,1,0,0.843,0
txn_004441,1622.23,UPI,insufficient_funds,IDFC,16,6,1,1,0.683,1
txn_004442,281.61,Debit Card,bank_server_down,Kotak,19,5,1,3,0.483,0
txn_004443,830.79,UPI,network_timeout,IDFC,22,1,0,0,0.787,1
txn_004444,839.72,Debit Card,risk_flagged,Yes Bank,13,1,0,1,0.44,0
txn_004445,233.93,UPI,risk_flagged,IDFC,20,3,0,0,0.921,0
txn_004446,1674.63,Credit Card,bank_server_down,IDFC,0,0,0,1,0.532,0
txn_004447,823.2,Debit Card,wrong_otp,Yes Bank,5,3,0,0,0.64,1
txn_004448,675.43,UPI,insufficient_funds,HDFC,3,3,0,2,0.813,0
txn_004449,1272.2,Netbanking,insufficient_funds,IDFC,16,5,1,1,0.705,0
txn_004450,544.06,UPI,insufficient_funds,HDFC,4,5,1,2,0.789,1
txn_004451,477.1,Debit Card,card_declined,SBI,0,4,0,1,0.757,0
txn_004452,7401.46,Debit Card,expired_card,IDFC,14,3,0,1,0.62,0
txn_004453,258.19,UPI,network_timeout,Kotak,12,0,0,0,0.778,0
txn_004454,371.12,UPI,network_timeout,IDFC,4,1,0,0,0.926,1
txn_004455,543.99,UPI,card_declined,IDFC,22,6,1,1,0.918,0
txn_004456,2607.78,Debit Card,card_declined,Axis,3,6,1,0,0.739,1
txn_004457,446.03,UPI,insufficient_funds,Kotak,9,6,1,1,0.89,1
txn_004458,265.04,UPI,bank_server_down,HDFC,2,2,0,2,0.758,0
txn_004459,1557.0,UPI,bank_server_down,Yes Bank,22,5,1,1,0.883,1
txn_004460,735.36,Credit Card,network_timeout,Axis,6,6,1,0,0.92,1
txn_004461,407.28,Debit Card,risk_flagged,Axis,9,2,0,0,0.608,0
txn_004462,560.26,Wallet,bank_server_down,Yes Bank,6,6,1,1,0.768,0
txn_004463,291.26,Netbanking,card_declined,SBI,23,5,1,0,0.708,1
txn_004464,1184.97,Credit Card,expired_card,ICICI,3,5,1,1,0.871,0
txn_004465,411.48,Credit Card,wrong_otp,IDFC,15,2,0,0,0.594,0
txn_004466,125.15,UPI,card_declined,SBI,21,2,0,0,0.984,0
txn_004467,1389.2,Debit Card,insufficient_funds,IDFC,19,6,1,0,0.79,1
txn_004468,405.03,UPI,insufficient_funds,Kotak,12,2,0,1,0.723,0
txn_004469,612.36,UPI,card_declined,Yes Bank,4,2,0,0,0.395,0
txn_004470,366.17,UPI,network_timeout,ICICI,13,4,0,1,0.555,1
txn_004471,176.51,Netbanking,wrong_otp,Yes Bank,3,1,0,0,0.953,1
txn_004472,272.22,UPI,bank_server_down,Kotak,11,0,0,0,0.632,0
txn_004473,986.22,Credit Card,insufficient_funds,Axis,9,6,1,0,0.876,1
txn_004474,1688.45,Debit Card,bank_server_down,HDFC,15,5,1,0,0.932,1
txn_004475,1561.38,UPI,wrong_otp,ICICI,22,1,0,1,0.503,1
txn_004476,248.6,Netbanking,insufficient_funds,Kotak,2,3,0,1,0.604,0
txn_004477,1026.97,UPI,insufficient_funds,Axis,10,1,0,2,0.979,1
txn_004478,71.2,Netbanking,wrong_otp,Kotak,0,4,0,0,0.85,1
txn_004479,2529.12,UPI,card_declined,Axis,8,1,0,0,0.571,1
txn_004480,3552.91,Debit Card,risk_flagged,Kotak,8,2,0,1,0.584,0
txn_004481,170.84,Wallet,insufficient_funds,Yes Bank,3,0,0,2,0.432,0
txn_004482,6254.66,Debit Card,card_declined,Axis,20,6,1,1,0.888,1
txn_004483,2502.16,UPI,wrong_otp,Yes Bank,12,5,1,2,0.702,0
txn_004484,319.76,Credit Card,network_timeout,Kotak,10,0,0,2,0.507,0
txn_004485,458.84,Wallet,bank_server_down,Axis,23,0,0,1,0.688,1
txn_004486,1521.77,UPI,card_declined,Kotak,4,2,0,0,0.786,1
txn_004487,515.28,UPI,bank_server_down,Yes Bank,16,4,0,0,0.629,1
txn_004488,464.4,UPI,bank_server_down,HDFC,15,1,0,0,0.877,0
txn_004489,348.31,UPI,network_timeout,SBI,9,1,0,1,0.485,0
txn_004490,3418.07,UPI,insufficient_funds,Axis,22,4,0,1,0.644,1
txn_004491,2129.25,Netbanking,insufficient_funds,HDFC,14,1,0,2,0.604,0
txn_004492,1030.36,Debit Card,insufficient_funds,SBI,22,6,1,2,0.605,0
txn_004493,818.21,UPI,wrong_otp,Axis,8,0,0,1,0.472,0
txn_004494,922.78,UPI,expired_card,HDFC,12,6,1,0,0.764,1
txn_004495,1027.54,Debit Card,bank_server_down,Yes Bank,17,0,0,1,0.433,1
txn_004496,33.12,Debit Card,wrong_otp,IDFC,3,4,0,1,0.814,0
txn_004497,299.73,Wallet,network_timeout,Axis,2,4,0,2,0.659,1
txn_004498,538.06,Debit Card,insufficient_funds,SBI,10,5,1,1,0.895,0
txn_004499,485.9,Wallet,bank_server_down,Kotak,11,3,0,0,0.744,0
txn_004500,220.51,Debit Card,card_declined,ICICI,5,3,0,0,0.823,0
txn_004501,4083.73,Credit Card,card_declined,Kotak,8,3,0,1,0.892,1
txn_004502,1185.88,UPI,network_timeout,ICICI,13,0,0,1,0.634,1
txn_004503,512.42,Debit Card,bank_server_down,Axis,23,1,0,0,0.654,1
txn_004504,1533.89,UPI,insufficient_funds,HDFC,5,0,0,1,0.901,0
txn_004505,497.22,Debit Card,insufficient_funds,ICICI,21,1,0,1,0.812,0
txn_004506,227.93,UPI,card_declined,Yes Bank,8,5,1,0,0.867,0
txn_004507,1686.44,UPI,bank_server_down,HDFC,23,0,0,0,0.88,0
txn_004508,1229.24,Credit Card,insufficient_funds,IDFC,0,0,0,2,0.513,0
txn_004509,240.47,Wallet,wrong_otp,HDFC,1,1,0,0,0.68,1
txn_004510,1818.15,Debit Card,bank_server_down,Yes Bank,22,2,0,1,0.975,1
txn_004511,364.8,Debit Card,insufficient_funds,IDFC,2,3,0,1,0.725,0
txn_004512,775.45,UPI,bank_server_down,Kotak,4,0,0,0,0.284,1
txn_004513,1659.88,Credit Card,insufficient_funds,ICICI,19,4,0,1,0.595,1
txn_004514,1071.89,UPI,card_declined,Yes Bank,17,5,1,0,0.671,0
txn_004515,398.66,Debit Card,bank_server_down,Kotak,22,2,0,0,0.955,1
txn_004516,565.82,Wallet,insufficient_funds,Axis,4,3,0,0,0.803,0
txn_004517,992.44,Credit Card,bank_server_down,ICICI,2,4,0,0,0.585,1
txn_004518,235.89,UPI,network_timeout,Axis,1,2,0,1,0.844,0
txn_004519,276.98,UPI,expired_card,Axis,10,6,1,0,0.733,0
txn_004520,96.8,UPI,bank_server_down,HDFC,9,4,0,2,0.618,0
txn_004521,580.58,Debit Card,expired_card,Kotak,3,5,1,0,0.55,0
txn_004522,495.21,UPI,expired_card,SBI,8,1,0,0,0.824,1
txn_004523,681.84,Credit Card,bank_server_down,Kotak,16,2,0,0,0.772,0
txn_004524,3407.15,Debit Card,network_timeout,HDFC,6,6,1,0,0.853,0
txn_004525,7454.9,Credit Card,bank_server_down,Kotak,19,6,1,2,0.909,1
txn_004526,136.67,Credit Card,bank_server_down,IDFC,20,4,0,3,0.778,1
txn_004527,525.89,UPI,insufficient_funds,Axis,11,4,0,0,0.932,0
txn_004528,473.47,Credit Card,network_timeout,Yes Bank,7,3,0,0,0.951,1
txn_004529,939.82,UPI,wrong_otp,IDFC,11,1,0,1,0.851,0
txn_004530,1293.88,Debit Card,insufficient_funds,SBI,13,6,1,0,0.671,0
txn_004531,1828.22,UPI,bank_server_down,ICICI,19,3,0,1,0.534,1
txn_004532,162.16,UPI,insufficient_funds,HDFC,5,0,0,1,0.535,0
txn_004533,1875.83,Wallet,bank_server_down,HDFC,5,5,1,0,0.368,0
txn_004534,162.52,UPI,risk_flagged,SBI,18,5,1,0,0.944,0
txn_004535,633.63,UPI,bank_server_down,IDFC,19,1,0,0,0.579,1
txn_004536,246.46,UPI,network_timeout,SBI,1,4,0,0,0.746,1
txn_004537,99.91,Credit Card,network_timeout,Axis,22,0,0,3,0.703,1
txn_004538,315.89,UPI,insufficient_funds,Kotak,21,2,0,1,0.899,1
txn_004539,412.97,Credit Card,wrong_otp,Yes Bank,8,2,0,0,0.735,1
txn_004540,331.44,UPI,expired_card,Yes Bank,16,5,1,1,0.614,0
txn_004541,361.41,UPI,bank_server_down,ICICI,1,0,0,1,0.687,1
txn_004542,1591.05,UPI,network_timeout,HDFC,10,0,0,1,0.516,1
txn_004543,847.84,Netbanking,wrong_otp,Axis,4,0,0,1,0.81,0
txn_004544,2010.74,UPI,insufficient_funds,SBI,18,4,0,1,0.834,0
txn_004545,345.89,UPI,wrong_otp,Axis,14,1,0,1,0.538,0
txn_004546,400.43,Netbanking,bank_server_down,ICICI,10,1,0,0,0.64,0
txn_004547,1563.02,UPI,network_timeout,Kotak,19,2,0,0,0.789,1
txn_004548,575.93,UPI,insufficient_funds,IDFC,7,6,1,2,0.64,1
txn_004549,5611.02,Debit Card,insufficient_funds,ICICI,0,6,1,1,0.672,0
txn_004550,794.72,Netbanking,network_timeout,Kotak,2,2,0,0,0.868,1
txn_004551,2191.64,Credit Card,network_timeout,IDFC,8,3,0,0,0.344,0
txn_004552,1847.0,Credit Card,wrong_otp,HDFC,7,1,0,1,0.848,1
txn_004553,427.5,UPI,bank_server_down,Axis,9,5,1,0,0.821,1
txn_004554,406.92,UPI,card_declined,HDFC,17,0,0,1,0.712,1
txn_004555,534.0,Debit Card,insufficient_funds,HDFC,18,5,1,2,0.542,0
txn_004556,488.48,Credit Card,risk_flagged,ICICI,1,2,0,3,0.481,0
txn_004557,1571.26,UPI,insufficient_funds,ICICI,16,5,1,0,0.554,1
txn_004558,589.96,UPI,insufficient_funds,IDFC,7,1,0,2,0.826,0
txn_004559,339.4,Netbanking,risk_flagged,IDFC,13,0,0,1,0.736,0
txn_004560,100.3,UPI,card_declined,IDFC,6,3,0,0,0.359,1
txn_004561,2853.48,UPI,insufficient_funds,Kotak,18,5,1,0,0.334,0
txn_004562,74.86,Wallet,insufficient_funds,Axis,14,3,0,1,0.688,1
txn_004563,281.75,UPI,network_timeout,ICICI,0,3,0,1,0.528,1
txn_004564,819.7,Netbanking,wrong_otp,ICICI,0,6,1,1,0.861,1
txn_004565,151.07,Debit Card,bank_server_down,SBI,11,2,0,1,0.557,1
txn_004566,301.42,UPI,network_timeout,Axis,11,0,0,0,0.939,1
txn_004567,2886.43,UPI,wrong_otp,Yes Bank,0,1,0,1,0.925,1
txn_004568,2659.33,Credit Card,risk_flagged,Yes Bank,5,6,1,1,0.741,1
txn_004569,707.36,UPI,insufficient_funds,SBI,13,2,0,0,0.839,0
txn_004570,1346.06,Credit Card,insufficient_funds,Axis,3,6,1,1,0.749,0
txn_004571,1223.18,Debit Card,expired_card,IDFC,22,5,1,0,0.532,1
txn_004572,3339.71,Debit Card,insufficient_funds,ICICI,0,2,0,2,0.61,1
txn_004573,491.83,UPI,network_timeout,HDFC,23,6,1,0,0.816,1
txn_004574,707.68,Credit Card,insufficient_funds,Yes Bank,9,1,0,1,0.826,0
txn_004575,144.79,Credit Card,card_declined,ICICI,4,3,0,1,0.758,0
txn_004576,599.67,UPI,insufficient_funds,HDFC,23,0,0,0,0.912,1
txn_004577,733.17,UPI,network_timeout,Kotak,5,2,0,0,0.528,1
txn_004578,371.05,Credit Card,bank_server_down,ICICI,13,3,0,1,0.781,1
txn_004579,305.09,UPI,bank_server_down,IDFC,5,1,0,0,0.859,0
txn_004580,926.39,Debit Card,network_timeout,Yes Bank,0,3,0,0,0.633,1
txn_004581,394.16,Debit Card,wrong_otp,Yes Bank,21,5,1,1,0.81,1
txn_004582,784.97,Netbanking,risk_flagged,IDFC,5,0,0,1,0.573,0
txn_004583,237.4,UPI,insufficient_funds,HDFC,16,3,0,2,0.844,0
txn_004584,2275.65,Wallet,wrong_otp,Yes Bank,18,2,0,0,0.712,0
txn_004585,1429.64,Credit Card,card_declined,IDFC,18,2,0,1,0.891,1
txn_004586,992.9,UPI,insufficient_funds,SBI,20,4,0,0,0.722,1
txn_004587,894.37,UPI,card_declined,SBI,21,5,1,0,0.486,0
txn_004588,1413.37,UPI,bank_server_down,ICICI,8,3,0,3,0.759,1
txn_004589,1023.31,UPI,insufficient_funds,HDFC,13,4,0,0,0.68,1
txn_004590,994.81,Credit Card,card_declined,Axis,6,0,0,0,0.498,1
txn_004591,1532.68,Wallet,wrong_otp,HDFC,3,6,1,2,0.552,0
txn_004592,1595.08,Debit Card,bank_server_down,HDFC,22,3,0,1,0.456,1
txn_004593,380.41,UPI,card_declined,Axis,5,4,0,0,0.694,1
txn_004594,400.87,Debit Card,insufficient_funds,IDFC,13,3,0,2,0.646,0
txn_004595,1124.31,UPI,bank_server_down,ICICI,5,0,0,1,0.868,1
txn_004596,955.1,UPI,bank_server_down,Yes Bank,1,2,0,1,0.707,0
txn_004597,1862.14,Credit Card,wrong_otp,ICICI,15,1,0,1,0.764,0
txn_004598,455.68,UPI,wrong_otp,HDFC,15,0,0,1,0.954,0
txn_004599,4828.39,Debit Card,card_declined,HDFC,20,3,0,0,0.689,0
txn_004600,404.72,Netbanking,insufficient_funds,ICICI,13,5,1,2,0.919,0
txn_004601,1193.09,Debit Card,network_timeout,Kotak,3,1,0,2,0.752,0
txn_004602,677.96,Debit Card,insufficient_funds,HDFC,6,1,0,0,0.917,0
txn_004603,2150.61,UPI,insufficient_funds,Kotak,4,3,0,1,0.936,0
txn_004604,137.16,Netbanking,card_declined,Kotak,10,1,0,1,0.698,1
txn_004605,1543.15,Debit Card,risk_flagged,Kotak,2,4,0,0,0.414,0
txn_004606,5717.11,UPI,risk_flagged,ICICI,19,5,1,4,0.423,0
txn_004607,204.85,Credit Card,bank_server_down,Yes Bank,14,3,0,0,0.937,0
txn_004608,671.24,Credit Card,insufficient_funds,Kotak,3,2,0,0,0.978,1
txn_004609,437.04,UPI,insufficient_funds,Kotak,13,1,0,1,0.582,0
txn_004610,197.36,UPI,insufficient_funds,HDFC,10,6,1,1,0.721,0
txn_004611,159.12,UPI,insufficient_funds,IDFC,8,2,0,0,0.921,0
txn_004612,1061.82,Netbanking,insufficient_funds,ICICI,21,4,0,1,0.691,0
txn_004613,559.39,UPI,card_declined,Yes Bank,16,3,0,1,0.764,0
txn_004614,1027.84,Credit Card,insufficient_funds,HDFC,4,4,0,1,0.761,0
txn_004615,948.46,Wallet,bank_server_down,SBI,19,6,1,1,0.528,1
txn_004616,5070.51,Debit Card,network_timeout,Axis,14,6,1,0,0.671,1
txn_004617,887.0,Credit Card,card_declined,ICICI,12,4,0,0,0.555,1
txn_004618,2491.75,UPI,bank_server_down,SBI,10,0,0,1,0.845,1
txn_004619,757.63,UPI,card_declined,SBI,19,3,0,0,0.737,0
txn_004620,443.88,Credit Card,bank_server_down,ICICI,7,5,1,1,0.609,1
txn_004621,541.89,Credit Card,insufficient_funds,Axis,11,3,0,0,0.73,0
txn_004622,5284.86,Debit Card,insufficient_funds,ICICI,7,5,1,2,0.603,0
txn_004623,577.36,UPI,wrong_otp,HDFC,3,2,0,3,0.831,0
txn_004624,4237.53,Credit Card,network_timeout,IDFC,16,5,1,2,0.973,0
txn_004625,578.67,UPI,network_timeout,Yes Bank,14,0,0,2,0.77,1
txn_004626,1502.36,Netbanking,wrong_otp,ICICI,1,4,0,3,0.62,0
txn_004627,690.56,Credit Card,wrong_otp,Axis,17,4,0,2,0.582,0
txn_004628,462.16,Wallet,card_declined,Axis,21,6,1,1,0.931,0
txn_004629,297.36,UPI,bank_server_down,Kotak,18,2,0,0,0.481,0
txn_004630,2165.56,Debit Card,risk_flagged,Yes Bank,23,2,0,1,0.627,0
txn_004631,759.39,UPI,bank_server_down,HDFC,15,1,0,0,0.85,0
txn_004632,317.15,UPI,wrong_otp,IDFC,3,3,0,0,0.851,0
txn_004633,922.61,Credit Card,network_timeout,Kotak,6,6,1,0,0.927,1
txn_004634,1023.43,UPI,insufficient_funds,Kotak,5,3,0,0,0.778,1
txn_004635,1358.73,Debit Card,wrong_otp,SBI,21,5,1,0,0.621,0
txn_004636,126.1,Netbanking,wrong_otp,Axis,23,5,1,0,0.931,1
txn_004637,330.21,UPI,insufficient_funds,HDFC,0,4,0,0,0.822,0
txn_004638,321.08,Debit Card,card_declined,HDFC,13,3,0,0,0.82,1
txn_004639,4030.27,UPI,network_timeout,IDFC,23,4,0,0,0.902,1
txn_004640,578.64,Netbanking,wrong_otp,ICICI,5,0,0,0,0.66,0
txn_004641,360.43,Debit Card,risk_flagged,IDFC,14,2,0,0,0.724,0
txn_004642,558.25,UPI,wrong_otp,Kotak,5,3,0,0,0.761,0
txn_004643,3349.67,Netbanking,network_timeout,Axis,0,5,1,0,0.477,1
txn_004644,1116.68,Netbanking,insufficient_funds,Kotak,6,4,0,0,0.477,1
txn_004645,818.92,Credit Card,bank_server_down,HDFC,15,4,0,2,0.861,0
txn_004646,217.9,Credit Card,network_timeout,Axis,8,1,0,2,0.299,0
txn_004647,1401.43,UPI,card_declined,Yes Bank,11,3,0,0,0.346,0
txn_004648,493.63,UPI,insufficient_funds,ICICI,21,0,0,0,0.591,0
txn_004649,249.14,Credit Card,card_declined,Kotak,10,5,1,0,0.929,0
txn_004650,201.96,UPI,network_timeout,SBI,17,5,1,0,0.735,0
txn_004651,389.35,Debit Card,wrong_otp,IDFC,8,1,0,1,0.722,1
txn_004652,732.78,UPI,network_timeout,Yes Bank,14,5,1,0,0.865,1
txn_004653,475.45,UPI,card_declined,IDFC,20,0,0,1,0.818,1
txn_004654,72.79,Debit Card,insufficient_funds,IDFC,19,4,0,0,0.754,0
txn_004655,1651.06,UPI,insufficient_funds,Kotak,2,3,0,0,0.611,1
txn_004656,132.91,UPI,card_declined,ICICI,17,3,0,2,0.681,0
txn_004657,409.89,Credit Card,network_timeout,Yes Bank,4,4,0,1,0.764,1
txn_004658,692.79,UPI,risk_flagged,ICICI,1,3,0,1,0.821,0
txn_004659,227.46,UPI,expired_card,HDFC,8,1,0,1,0.616,0
txn_004660,1315.72,UPI,insufficient_funds,Yes Bank,21,1,0,1,0.63,1
txn_004661,286.54,Netbanking,card_declined,IDFC,19,1,0,0,0.831,1
txn_004662,1483.04,UPI,insufficient_funds,ICICI,17,4,0,0,0.813,0
txn_004663,1796.08,Debit Card,insufficient_funds,HDFC,4,6,1,0,0.9,0
txn_004664,2160.56,UPI,bank_server_down,Axis,1,3,0,0,0.777,0
txn_004665,1827.91,Debit Card,network_timeout,IDFC,21,5,1,1,0.767,0
txn_004666,418.54,Wallet,card_declined,Axis,10,1,0,0,0.56,1
txn_004667,204.12,Debit Card,insufficient_funds,Axis,8,2,0,0,0.897,0
txn_004668,110.8,Credit Card,network_timeout,Kotak,13,2,0,0,0.733,0
txn_004669,540.75,Credit Card,risk_flagged,Yes Bank,18,0,0,0,0.418,0
txn_004670,462.2,Debit Card,insufficient_funds,HDFC,16,1,0,1,0.661,0
txn_004671,552.05,UPI,expired_card,Axis,5,2,0,1,0.776,0
txn_004672,1179.53,Netbanking,insufficient_funds,Yes Bank,23,0,0,0,0.896,0
txn_004673,2099.65,UPI,bank_server_down,Axis,16,1,0,1,0.803,1
txn_004674,822.29,Debit Card,card_declined,HDFC,20,1,0,1,0.928,1
txn_004675,2028.12,UPI,network_timeout,Yes Bank,12,3,0,1,0.363,1
txn_004676,376.46,Debit Card,wrong_otp,HDFC,16,2,0,2,0.776,0
txn_004677,781.39,Debit Card,card_declined,Kotak,0,1,0,1,0.789,0
txn_004678,369.67,Credit Card,wrong_otp,HDFC,20,4,0,1,0.818,1
txn_004679,617.63,Netbanking,wrong_otp,Axis,18,3,0,0,0.818,0
txn_004680,3074.34,Netbanking,card_declined,Yes Bank,1,3,0,2,0.649,0
txn_004681,303.89,Wallet,wrong_otp,Yes Bank,23,4,0,1,0.335,0
txn_004682,70.71,UPI,insufficient_funds,IDFC,17,0,0,2,0.979,1
txn_004683,419.98,Netbanking,network_timeout,IDFC,8,2,0,1,0.667,1
txn_004684,584.81,UPI,expired_card,ICICI,11,1,0,0,0.926,0
txn_004685,500.34,Netbanking,network_timeout,Axis,4,0,0,1,0.632,0
txn_004686,2017.86,Debit Card,bank_server_down,IDFC,21,0,0,1,0.69,1
txn_004687,827.0,UPI,expired_card,IDFC,21,4,0,0,0.809,0
txn_004688,755.95,Credit Card,risk_flagged,Kotak,19,4,0,0,0.909,0
txn_004689,254.19,UPI,insufficient_funds,SBI,3,4,0,0,0.807,1
txn_004690,193.72,UPI,bank_server_down,Kotak,7,5,1,2,0.649,1
txn_004691,216.82,UPI,insufficient_funds,SBI,12,4,0,0,0.764,0
txn_004692,403.37,UPI,risk_flagged,Axis,16,6,1,0,0.617,0
txn_004693,1139.34,Wallet,bank_server_down,IDFC,17,4,0,0,0.781,1
txn_004694,4275.73,UPI,insufficient_funds,SBI,5,6,1,0,0.226,0
txn_004695,374.1,Credit Card,network_timeout,ICICI,22,2,0,1,0.708,0
txn_004696,49.97,Netbanking,card_declined,Kotak,9,0,0,0,0.849,0
txn_004697,207.58,Debit Card,bank_server_down,HDFC,21,1,0,3,0.838,1
txn_004698,256.63,Debit Card,network_timeout,HDFC,15,3,0,0,0.717,0
txn_004699,499.51,UPI,wrong_otp,SBI,8,0,0,0,0.621,0
txn_004700,299.51,UPI,network_timeout,HDFC,20,0,0,0,0.617,0
txn_004701,375.62,UPI,insufficient_funds,IDFC,3,0,0,1,0.565,1
txn_004702,451.4,UPI,expired_card,Axis,15,6,1,0,0.645,0
txn_004703,310.69,UPI,insufficient_funds,Kotak,13,6,1,2,0.696,1
txn_004704,5107.28,Debit Card,bank_server_down,Axis,11,3,0,1,0.769,0
txn_004705,590.87,Credit Card,expired_card,SBI,19,6,1,1,0.838,0
txn_004706,94.13,Debit Card,insufficient_funds,Yes Bank,16,3,0,3,0.712,0
txn_004707,450.35,UPI,insufficient_funds,IDFC,1,6,1,1,0.808,1
txn_004708,921.71,Debit Card,insufficient_funds,IDFC,1,3,0,0,0.903,1
txn_004709,653.41,UPI,card_declined,HDFC,23,4,0,2,0.902,0
txn_004710,539.17,Netbanking,bank_server_down,HDFC,22,6,1,2,0.612,1
txn_004711,550.81,UPI,insufficient_funds,IDFC,13,6,1,1,0.879,0
txn_004712,916.41,UPI,bank_server_down,SBI,21,6,1,0,0.819,1
txn_004713,894.96,UPI,insufficient_funds,SBI,6,1,0,1,0.724,0
txn_004714,1910.59,Wallet,bank_server_down,SBI,23,1,0,0,0.746,0
txn_004715,247.78,UPI,bank_server_down,Yes Bank,3,0,0,0,0.552,0
txn_004716,188.06,Debit Card,bank_server_down,HDFC,15,3,0,2,0.701,1
txn_004717,385.59,Credit Card,risk_flagged,Kotak,10,6,1,0,0.881,0
txn_004718,1680.83,Credit Card,card_declined,HDFC,18,3,0,0,0.818,0
txn_004719,298.28,Credit Card,risk_flagged,Axis,5,0,0,3,0.662,0
txn_004720,755.8,UPI,network_timeout,HDFC,14,1,0,0,0.315,1
txn_004721,1679.94,UPI,card_declined,Axis,14,3,0,3,0.508,0
txn_004722,693.37,Credit Card,network_timeout,Axis,20,6,1,0,0.794,1
txn_004723,217.42,UPI,expired_card,SBI,5,3,0,0,0.853,0
txn_004724,197.14,Debit Card,card_declined,Kotak,16,6,1,0,0.81,1
txn_004725,1441.24,UPI,expired_card,ICICI,15,0,0,1,0.685,0
txn_004726,203.22,UPI,bank_server_down,ICICI,16,1,0,0,0.618,0
txn_004727,271.48,UPI,network_timeout,SBI,14,0,0,1,0.524,1
txn_004728,835.52,UPI,bank_server_down,IDFC,6,2,0,3,0.799,1
txn_004729,1301.59,UPI,risk_flagged,SBI,14,5,1,1,0.806,0
txn_004730,649.33,UPI,insufficient_funds,HDFC,20,5,1,0,0.857,0
txn_004731,839.48,Credit Card,card_declined,ICICI,10,1,0,2,0.753,0
txn_004732,5627.48,Credit Card,wrong_otp,ICICI,2,4,0,1,0.639,0
txn_004733,325.3,UPI,network_timeout,ICICI,0,1,0,0,0.93,0
txn_004734,413.55,UPI,card_declined,Axis,11,6,1,2,0.867,0
txn_004735,2478.65,UPI,wrong_otp,SBI,21,4,0,2,0.891,0
txn_004736,1690.62,Credit Card,insufficient_funds,ICICI,18,3,0,2,0.67,1
txn_004737,540.63,UPI,expired_card,IDFC,23,6,1,0,0.697,1
txn_004738,976.15,UPI,risk_flagged,Axis,16,0,0,0,0.873,0
txn_004739,225.76,UPI,bank_server_down,HDFC,9,6,1,1,0.66,0
txn_004740,1056.79,UPI,insufficient_funds,IDFC,16,6,1,1,0.37,0
txn_004741,1604.36,UPI,expired_card,SBI,13,3,0,0,0.603,0
txn_004742,881.0,Netbanking,card_declined,Kotak,10,5,1,2,0.486,0
txn_004743,313.19,Wallet,card_declined,ICICI,2,2,0,1,0.795,0
txn_004744,428.62,UPI,insufficient_funds,HDFC,18,4,0,0,0.764,0
txn_004745,166.52,UPI,wrong_otp,HDFC,8,1,0,1,0.747,1
txn_004746,17238.67,Wallet,risk_flagged,HDFC,15,3,0,1,0.885,0
txn_004747,276.75,Credit Card,insufficient_funds,Axis,8,1,0,0,0.326,0
txn_004748,68.01,Credit Card,insufficient_funds,Yes Bank,11,1,0,0,0.788,0
txn_004749,2984.3,UPI,card_declined,IDFC,20,0,0,2,0.868,0
txn_004750,1860.81,UPI,insufficient_funds,Axis,1,3,0,2,0.806,0
txn_004751,225.84,Netbanking,bank_server_down,Kotak,6,3,0,1,0.794,0
txn_004752,504.68,Netbanking,insufficient_funds,ICICI,0,5,1,0,0.837,0
txn_004753,197.32,UPI,network_timeout,Kotak,1,3,0,0,0.698,0
txn_004754,379.8,UPI,bank_server_down,Kotak,14,6,1,0,0.968,1
txn_004755,1616.56,Credit Card,bank_server_down,Yes Bank,4,1,0,0,0.802,0
txn_004756,3135.33,Debit Card,wrong_otp,Yes Bank,7,0,0,0,0.515,1
txn_004757,1125.84,Debit Card,insufficient_funds,IDFC,2,3,0,0,0.714,0
txn_004758,636.76,UPI,card_declined,Axis,11,1,0,0,0.57,0
txn_004759,1809.27,Debit Card,wrong_otp,Kotak,8,1,0,0,0.899,1
txn_004760,713.36,UPI,bank_server_down,HDFC,9,6,1,0,0.774,0
txn_004761,1902.57,UPI,card_declined,Yes Bank,11,0,0,0,0.739,1
txn_004762,1686.15,Netbanking,insufficient_funds,IDFC,12,5,1,1,0.843,0
txn_004763,242.29,UPI,bank_server_down,HDFC,11,3,0,2,0.766,1
txn_004764,857.56,UPI,expired_card,SBI,22,5,1,2,0.778,0
txn_004765,154.81,Credit Card,bank_server_down,SBI,18,6,1,0,0.538,1
txn_004766,1167.5,Credit Card,bank_server_down,Kotak,3,5,1,1,0.507,1
txn_004767,1710.6,Netbanking,bank_server_down,Kotak,6,6,1,0,0.888,1
txn_004768,573.5,UPI,bank_server_down,SBI,6,0,0,0,0.976,1
txn_004769,263.57,Netbanking,insufficient_funds,HDFC,23,4,0,0,0.756,0
txn_004770,440.72,UPI,insufficient_funds,IDFC,14,2,0,0,0.816,0
txn_004771,1541.04,Netbanking,network_timeout,SBI,1,4,0,1,0.824,1
txn_004772,3100.9,Debit Card,wrong_otp,SBI,23,5,1,0,0.825,1
txn_004773,1424.47,Credit Card,wrong_otp,SBI,8,2,0,0,0.682,0
txn_004774,2568.8,UPI,insufficient_funds,ICICI,7,2,0,0,0.79,1
txn_004775,321.3,UPI,wrong_otp,Axis,11,0,0,0,0.746,1
txn_004776,571.53,UPI,wrong_otp,ICICI,9,5,1,0,0.812,0
txn_004777,852.22,Netbanking,bank_server_down,Axis,2,0,0,0,0.663,0
txn_004778,124.45,Debit Card,bank_server_down,Kotak,8,4,0,1,0.761,1
txn_004779,877.92,Wallet,bank_server_down,HDFC,3,1,0,1,0.727,1
txn_004780,752.11,Credit Card,bank_server_down,SBI,15,0,0,2,0.695,1
txn_004781,89.77,UPI,bank_server_down,ICICI,22,6,1,0,0.885,1
txn_004782,1480.97,UPI,wrong_otp,IDFC,10,5,1,0,0.884,1
txn_004783,320.76,UPI,card_declined,Yes Bank,7,5,1,0,0.693,1
txn_004784,746.93,Debit Card,insufficient_funds,Axis,4,5,1,1,0.908,0
txn_004785,546.64,Debit Card,card_declined,Kotak,5,5,1,1,0.782,1
txn_004786,362.13,Debit Card,network_timeout,Kotak,7,2,0,0,0.944,1
txn_004787,176.1,UPI,insufficient_funds,IDFC,4,0,0,2,0.901,0
txn_004788,4674.16,UPI,insufficient_funds,Yes Bank,5,0,0,0,0.887,1
txn_004789,366.44,Debit Card,bank_server_down,Kotak,3,2,0,0,0.58,1
txn_004790,231.5,Credit Card,network_timeout,ICICI,23,4,0,0,0.838,1
txn_004791,441.24,Netbanking,network_timeout,Kotak,19,5,1,0,0.544,1
txn_004792,353.99,Credit Card,card_declined,HDFC,18,3,0,0,0.676,1
txn_004793,1303.59,Credit Card,expired_card,Kotak,6,5,1,1,0.626,1
txn_004794,521.44,UPI,bank_server_down,Yes Bank,0,4,0,2,0.517,1
txn_004795,284.85,UPI,insufficient_funds,Kotak,5,2,0,1,0.841,1
txn_004796,899.83,Netbanking,insufficient_funds,Kotak,12,3,0,1,0.746,0
txn_004797,137.29,UPI,card_declined,SBI,1,2,0,0,0.645,1
txn_004798,705.94,UPI,insufficient_funds,SBI,10,5,1,1,0.723,0
txn_004799,539.45,Credit Card,insufficient_funds,Kotak,15,1,0,0,0.923,0
txn_004800,1806.84,Credit Card,bank_server_down,Kotak,10,0,0,1,0.798,1
txn_004801,2308.45,Credit Card,insufficient_funds,Axis,12,5,1,0,0.908,0
txn_004802,1148.72,UPI,insufficient_funds,SBI,0,5,1,0,0.727,0
txn_004803,1963.05,Debit Card,card_declined,ICICI,0,2,0,1,0.563,0
txn_004804,391.06,Credit Card,insufficient_funds,IDFC,23,2,0,0,0.66,1
txn_004805,891.98,Credit Card,card_declined,Axis,8,2,0,1,0.65,0
txn_004806,491.03,UPI,card_declined,ICICI,19,5,1,0,0.652,0
txn_004807,723.37,UPI,wrong_otp,SBI,16,3,0,1,0.606,0
txn_004808,9045.67,UPI,insufficient_funds,ICICI,5,0,0,1,0.802,1
txn_004809,100.57,UPI,network_timeout,IDFC,18,1,0,0,0.824,1
txn_004810,2075.75,UPI,card_declined,HDFC,9,5,1,0,0.714,1
txn_004811,995.23,UPI,card_declined,ICICI,13,6,1,0,0.529,1
txn_004812,2798.29,Credit Card,network_timeout,SBI,6,1,0,0,0.794,1
txn_004813,1492.53,Credit Card,expired_card,SBI,11,5,1,2,0.675,0
txn_004814,477.14,Debit Card,bank_server_down,Yes Bank,1,0,0,1,0.69,1
txn_004815,314.88,Wallet,risk_flagged,IDFC,21,3,0,1,0.656,1
txn_004816,502.18,Debit Card,insufficient_funds,SBI,17,2,0,0,0.467,0
txn_004817,189.93,Credit Card,expired_card,Yes Bank,23,4,0,1,0.809,1
txn_004818,252.25,UPI,bank_server_down,Kotak,15,5,1,0,0.405,0
txn_004819,74.96,Debit Card,network_timeout,SBI,13,0,0,1,0.741,1
txn_004820,421.61,UPI,insufficient_funds,Kotak,8,2,0,0,0.806,0
txn_004821,840.08,Debit Card,card_declined,IDFC,8,5,1,1,0.902,0
txn_004822,808.84,UPI,network_timeout,HDFC,16,1,0,0,0.632,1
txn_004823,172.65,Debit Card,risk_flagged,Axis,22,4,0,1,0.707,0
txn_004824,128.03,UPI,bank_server_down,HDFC,12,4,0,1,0.954,1
txn_004825,582.68,Credit Card,network_timeout,Kotak,16,1,0,0,0.803,0
txn_004826,1090.88,Wallet,network_timeout,Kotak,4,5,1,0,0.86,1
txn_004827,401.65,Debit Card,insufficient_funds,HDFC,2,1,0,0,0.965,0
txn_004828,492.49,Debit Card,risk_flagged,HDFC,10,5,1,1,0.592,0
txn_004829,894.73,UPI,wrong_otp,IDFC,22,2,0,2,0.867,1
txn_004830,869.23,Wallet,bank_server_down,SBI,14,5,1,1,0.514,1
txn_004831,92.06,Debit Card,bank_server_down,Axis,5,6,1,0,0.562,0
txn_004832,376.83,Debit Card,insufficient_funds,IDFC,11,6,1,1,0.945,1
txn_004833,254.14,UPI,risk_flagged,ICICI,8,5,1,2,0.933,0
txn_004834,525.32,UPI,insufficient_funds,ICICI,17,4,0,0,0.566,0
txn_004835,377.93,Credit Card,risk_flagged,IDFC,18,0,0,1,0.825,0
txn_004836,1134.24,Netbanking,bank_server_down,ICICI,15,3,0,0,0.947,1
txn_004837,302.16,Credit Card,bank_server_down,IDFC,12,3,0,0,0.673,0
txn_004838,343.87,Debit Card,insufficient_funds,Yes Bank,0,0,0,2,0.875,0
txn_004839,586.39,UPI,card_declined,SBI,1,6,1,0,0.692,0
txn_004840,609.2,UPI,expired_card,Axis,19,5,1,1,0.901,1
txn_004841,266.56,UPI,insufficient_funds,Yes Bank,10,0,0,1,0.286,1
txn_004842,547.5,Debit Card,bank_server_down,Axis,0,5,1,0,0.883,0
txn_004843,260.89,UPI,card_declined,HDFC,14,3,0,4,0.684,1
txn_004844,174.41,UPI,card_declined,HDFC,8,6,1,0,0.843,1
txn_004845,4267.13,Credit Card,insufficient_funds,IDFC,17,2,0,0,0.907,1
txn_004846,857.76,Netbanking,card_declined,IDFC,23,1,0,1,0.651,0
txn_004847,93.74,Credit Card,bank_server_down,ICICI,22,0,0,1,0.604,1
txn_004848,1510.94,Netbanking,network_timeout,Kotak,16,6,1,0,0.912,0
txn_004849,1051.33,Netbanking,insufficient_funds,HDFC,18,2,0,1,0.921,0
txn_004850,1017.81,Debit Card,network_timeout,HDFC,9,6,1,1,0.942,1
txn_004851,357.33,UPI,network_timeout,HDFC,8,2,0,1,0.577,1
txn_004852,2654.24,Credit Card,bank_server_down,SBI,5,2,0,0,0.635,0
txn_004853,1790.52,UPI,bank_server_down,ICICI,22,1,0,0,0.813,1
txn_004854,147.12,UPI,network_timeout,IDFC,16,3,0,1,0.774,1
txn_004855,1830.95,Netbanking,insufficient_funds,IDFC,19,1,0,1,0.582,1
txn_004856,3216.08,Credit Card,bank_server_down,ICICI,7,3,0,0,0.818,0
txn_004857,188.6,Credit Card,network_timeout,SBI,1,1,0,1,0.53,0
txn_004858,693.53,UPI,risk_flagged,IDFC,15,4,0,2,0.773,0
txn_004859,3611.31,UPI,insufficient_funds,IDFC,12,3,0,2,0.392,0
txn_004860,1331.4,UPI,bank_server_down,Axis,14,0,0,0,0.404,0
txn_004861,3231.24,Debit Card,card_declined,SBI,11,0,0,2,0.639,1
txn_004862,461.73,UPI,card_declined,Yes Bank,2,1,0,1,0.898,0
txn_004863,1094.27,Credit Card,network_timeout,ICICI,8,4,0,1,0.457,0
txn_004864,563.41,UPI,expired_card,Yes Bank,15,2,0,0,0.795,0
txn_004865,847.07,UPI,network_timeout,IDFC,14,6,1,2,0.748,1
txn_004866,466.61,UPI,insufficient_funds,SBI,3,3,0,0,0.455,0
txn_004867,813.58,Credit Card,bank_server_down,Axis,1,1,0,0,0.731,0
txn_004868,3625.01,UPI,risk_flagged,IDFC,2,2,0,0,0.886,0
txn_004869,1124.1,UPI,wrong_otp,SBI,7,6,1,0,0.631,0
txn_004870,354.24,UPI,expired_card,Yes Bank,16,0,0,0,0.795,0
txn_004871,4077.32,Debit Card,insufficient_funds,Axis,7,6,1,1,0.325,0
txn_004872,122.29,UPI,network_timeout,Kotak,11,4,0,1,0.952,1
txn_004873,815.57,Netbanking,network_timeout,Kotak,8,1,0,0,0.821,1
txn_004874,1041.36,Credit Card,expired_card,Axis,9,4,0,0,0.842,0
txn_004875,1554.19,Debit Card,network_timeout,Kotak,17,3,0,0,0.729,1
txn_004876,326.77,UPI,insufficient_funds,SBI,2,5,1,0,0.675,0
txn_004877,846.6,UPI,wrong_otp,Kotak,4,1,0,1,0.864,0
txn_004878,131.39,Credit Card,bank_server_down,Yes Bank,20,4,0,1,0.851,0
txn_004879,480.56,Credit Card,card_declined,SBI,14,5,1,1,0.41,0
txn_004880,611.76,Credit Card,wrong_otp,HDFC,21,2,0,0,0.687,0
txn_004881,598.51,Netbanking,wrong_otp,ICICI,19,2,0,0,0.684,1
txn_004882,1012.49,UPI,card_declined,Yes Bank,12,6,1,0,0.671,1
txn_004883,565.47,Credit Card,bank_server_down,IDFC,18,1,0,0,0.835,1
txn_004884,377.68,Debit Card,card_declined,Axis,7,4,0,0,0.727,1
txn_004885,2323.97,Credit Card,bank_server_down,Yes Bank,12,3,0,2,0.845,1
txn_004886,1485.65,Netbanking,insufficient_funds,SBI,22,3,0,0,0.802,0
txn_004887,479.87,UPI,wrong_otp,HDFC,23,0,0,0,0.752,1
txn_004888,265.45,Netbanking,card_declined,IDFC,1,6,1,1,0.576,0
txn_004889,616.88,Debit Card,insufficient_funds,Axis,20,4,0,2,0.974,0
txn_004890,790.17,UPI,card_declined,Axis,9,4,0,0,0.749,0
txn_004891,1435.59,Debit Card,card_declined,Yes Bank,8,6,1,1,0.905,0
txn_004892,1015.31,Debit Card,network_timeout,Yes Bank,5,6,1,1,0.555,1
txn_004893,644.56,UPI,insufficient_funds,HDFC,18,1,0,2,0.772,1
txn_004894,299.17,UPI,insufficient_funds,HDFC,20,3,0,1,0.941,0
txn_004895,266.33,Netbanking,bank_server_down,HDFC,2,1,0,0,0.664,0
txn_004896,760.6,Credit Card,wrong_otp,Kotak,7,4,0,1,0.578,1
txn_004897,398.24,Credit Card,insufficient_funds,SBI,18,2,0,1,0.622,1
txn_004898,107.62,UPI,card_declined,ICICI,12,0,0,1,0.75,0
txn_004899,2839.79,UPI,risk_flagged,Yes Bank,14,5,1,0,0.552,1
txn_004900,324.48,UPI,card_declined,Kotak,8,0,0,0,0.678,0
txn_004901,4309.31,UPI,insufficient_funds,Axis,15,2,0,2,0.742,0
txn_004902,36.81,Credit Card,insufficient_funds,Kotak,18,1,0,0,0.941,0
txn_004903,429.75,Wallet,card_declined,Kotak,19,6,1,1,0.637,0
txn_004904,283.49,UPI,insufficient_funds,HDFC,16,4,0,0,0.288,1
txn_004905,172.7,Credit Card,wrong_otp,Kotak,4,1,0,0,0.413,1
txn_004906,1347.8,UPI,bank_server_down,IDFC,22,0,0,0,0.687,0
txn_004907,789.28,UPI,card_declined,IDFC,19,3,0,1,0.565,0
txn_004908,502.84,Debit Card,network_timeout,ICICI,14,5,1,0,0.718,0
txn_004909,5961.6,Debit Card,card_declined,ICICI,2,4,0,1,0.681,0
txn_004910,106.9,Debit Card,wrong_otp,IDFC,20,3,0,1,0.635,1
txn_004911,311.17,UPI,card_declined,IDFC,0,4,0,1,0.411,1
txn_004912,696.67,UPI,wrong_otp,HDFC,17,2,0,2,0.767,0
txn_004913,1185.43,UPI,wrong_otp,IDFC,15,2,0,1,0.688,0
txn_004914,217.02,Credit Card,wrong_otp,Kotak,16,3,0,0,0.572,0
txn_004915,308.91,Credit Card,insufficient_funds,IDFC,23,0,0,0,0.877,0
txn_004916,1554.36,UPI,network_timeout,HDFC,17,2,0,0,0.533,1
txn_004917,853.04,Debit Card,card_declined,HDFC,18,1,0,1,0.839,0
txn_004918,1375.5,UPI,network_timeout,Kotak,23,5,1,1,0.249,1
txn_004919,52.56,Netbanking,bank_server_down,Axis,12,2,0,2,0.589,0
txn_004920,826.57,Credit Card,wrong_otp,Kotak,2,5,1,0,0.948,1
txn_004921,454.67,UPI,insufficient_funds,SBI,8,2,0,0,0.754,1
txn_004922,520.3,UPI,insufficient_funds,Axis,5,2,0,1,0.528,0
txn_004923,260.0,Debit Card,wrong_otp,Axis,13,4,0,0,0.7,1
txn_004924,732.36,UPI,insufficient_funds,ICICI,13,2,0,0,0.727,1
txn_004925,194.72,Credit Card,wrong_otp,ICICI,19,0,0,0,0.758,1
txn_004926,6797.15,Debit Card,wrong_otp,Axis,17,2,0,0,0.605,0
txn_004927,606.78,Credit Card,card_declined,Yes Bank,2,0,0,0,0.757,0
txn_004928,830.13,Credit Card,card_declined,Yes Bank,22,2,0,0,0.864,1
txn_004929,477.11,UPI,expired_card,HDFC,18,3,0,2,0.741,0
txn_004930,257.44,Wallet,network_timeout,SBI,11,1,0,0,0.873,0
txn_004931,1367.36,Credit Card,risk_flagged,Yes Bank,23,4,0,0,0.355,0
txn_004932,1273.13,Credit Card,bank_server_down,ICICI,18,6,1,0,0.932,1
txn_004933,2552.64,UPI,insufficient_funds,Yes Bank,3,3,0,0,0.878,0
txn_004934,213.44,Wallet,insufficient_funds,ICICI,11,3,0,1,0.948,0
txn_004935,200.24,Credit Card,wrong_otp,HDFC,7,3,0,1,0.969,1
txn_004936,989.52,Netbanking,network_timeout,Yes Bank,16,4,0,2,0.801,1
txn_004937,511.75,Netbanking,insufficient_funds,Yes Bank,1,2,0,1,0.313,1
txn_004938,383.03,UPI,card_declined,ICICI,2,3,0,1,0.762,1
txn_004939,779.65,UPI,insufficient_funds,SBI,6,0,0,0,0.91,0
txn_004940,2643.47,UPI,insufficient_funds,ICICI,13,0,0,2,0.681,0
txn_004941,363.3,Credit Card,network_timeout,Kotak,1,4,0,1,0.864,1
txn_004942,258.74,Credit Card,risk_flagged,SBI,19,1,0,0,0.697,0
txn_004943,605.58,Credit Card,network_timeout,Yes Bank,3,2,0,1,0.596,0
txn_004944,113.27,Credit Card,expired_card,Axis,12,5,1,1,0.934,1
txn_004945,1851.96,Debit Card,insufficient_funds,HDFC,8,6,1,2,0.503,0
txn_004946,461.36,Credit Card,insufficient_funds,SBI,17,0,0,0,0.682,0
txn_004947,294.7,Credit Card,wrong_otp,Kotak,12,5,1,0,0.646,0
txn_004948,482.77,Netbanking,expired_card,Yes Bank,11,4,0,1,0.739,0
txn_004949,354.09,Credit Card,insufficient_funds,HDFC,3,0,0,0,0.351,1
txn_004950,465.5,UPI,insufficient_funds,HDFC,19,4,0,0,0.992,1
txn_004951,267.15,UPI,bank_server_down,Yes Bank,10,6,1,0,0.855,0
txn_004952,1040.7,UPI,network_timeout,Axis,17,3,0,1,0.632,1
txn_004953,340.93,Credit Card,card_declined,IDFC,5,1,0,2,0.908,0
txn_004954,339.4,UPI,wrong_otp,Yes Bank,17,2,0,1,0.735,1
txn_004955,902.69,UPI,insufficient_funds,HDFC,1,3,0,2,0.801,0
txn_004956,418.75,UPI,card_declined,ICICI,17,4,0,1,0.476,0
txn_004957,1069.01,Wallet,network_timeout,IDFC,17,6,1,0,0.665,0
txn_004958,1332.54,Credit Card,insufficient_funds,Yes Bank,17,6,1,1,0.549,0
txn_004959,937.41,Credit Card,bank_server_down,IDFC,21,6,1,0,0.628,1
txn_004960,446.66,Wallet,network_timeout,ICICI,1,0,0,0,0.74,0
txn_004961,208.09,Debit Card,bank_server_down,HDFC,2,0,0,1,0.843,0
txn_004962,2200.12,Debit Card,bank_server_down,Yes Bank,14,1,0,0,0.421,0
txn_004963,233.29,Debit Card,wrong_otp,Axis,20,1,0,1,0.63,1
txn_004964,2790.62,Netbanking,insufficient_funds,Kotak,20,1,0,0,0.727,0
txn_004965,3339.68,Debit Card,card_declined,Axis,1,6,1,0,0.946,1
txn_004966,332.42,UPI,insufficient_funds,Kotak,9,4,0,0,0.596,0
txn_004967,787.52,Debit Card,card_declined,HDFC,5,0,0,1,0.483,0
txn_004968,5744.47,Debit Card,insufficient_funds,IDFC,16,0,0,2,0.905,0
txn_004969,1370.47,UPI,bank_server_down,IDFC,21,5,1,1,0.947,0
txn_004970,2990.68,Credit Card,bank_server_down,Kotak,18,3,0,1,0.647,1
txn_004971,1137.38,Netbanking,bank_server_down,Kotak,2,5,1,1,0.824,0
txn_004972,703.97,Netbanking,insufficient_funds,IDFC,13,1,0,0,0.741,1
txn_004973,3487.05,UPI,insufficient_funds,IDFC,1,6,1,0,0.669,0
txn_004974,342.34,UPI,card_declined,SBI,1,6,1,0,0.783,1
txn_004975,13378.16,UPI,insufficient_funds,HDFC,7,2,0,0,0.445,0
txn_004976,2202.27,Wallet,insufficient_funds,ICICI,12,5,1,0,0.864,1
txn_004977,681.88,Credit Card,wrong_otp,Kotak,12,3,0,1,0.898,1
txn_004978,1602.36,UPI,wrong_otp,SBI,6,0,0,1,0.771,1
txn_004979,189.56,UPI,network_timeout,Yes Bank,9,5,1,0,0.568,1
txn_004980,3372.63,Credit Card,risk_flagged,ICICI,14,5,1,0,0.915,0
txn_004981,1113.65,UPI,network_timeout,IDFC,5,3,0,0,0.708,0
txn_004982,761.01,UPI,expired_card,Kotak,8,1,0,0,0.818,0
txn_004983,1259.89,Credit Card,card_declined,Kotak,2,3,0,0,0.702,0
txn_004984,265.85,Credit Card,bank_server_down,IDFC,6,1,0,1,0.91,1
txn_004985,67.56,Wallet,card_declined,Yes Bank,11,5,1,1,0.69,1
txn_004986,1755.0,Credit Card,insufficient_funds,HDFC,13,4,0,1,0.934,1
txn_004987,101.91,UPI,bank_server_down,Yes Bank,1,5,1,0,0.615,1
txn_004988,154.43,UPI,bank_server_down,SBI,6,0,0,2,0.853,0
txn_004989,141.83,Debit Card,risk_flagged,IDFC,3,2,0,0,0.748,0
txn_004990,288.83,Debit Card,card_declined,IDFC,18,3,0,0,0.767,0
txn_004991,392.49,UPI,network_timeout,Yes Bank,19,4,0,1,0.6,1
txn_004992,221.9,Credit Card,card_declined,HDFC,14,5,1,0,0.942,1
txn_004993,983.56,Debit Card,insufficient_funds,SBI,14,1,0,0,0.733,0
txn_004994,1253.95,Wallet,insufficient_funds,SBI,7,0,0,1,0.349,0
txn_004995,267.07,Wallet,wrong_otp,ICICI,13,1,0,0,0.87,1
txn_004996,969.72,Credit Card,card_declined,ICICI,18,2,0,2,0.827,0
txn_004997,478.45,UPI,card_declined,HDFC,13,1,0,1,0.848,1
txn_004998,967.41,Netbanking,insufficient_funds,SBI,8,4,0,1,0.843,0
txn_004999,45.91,UPI,insufficient_funds,HDFC,4,2,0,0,0.514,0
txn_005000,376.99,Netbanking,insufficient_funds,HDFC,13,5,1,2,0.854,0
txn_005001,983.4,UPI,bank_server_down,HDFC,12,4,0,0,0.707,1
txn_005002,370.42,UPI,wrong_otp,Kotak,3,0,0,1,0.743,0
txn_005003,188.78,Credit Card,bank_server_down,HDFC,6,4,0,1,0.728,1
txn_005004,440.95,UPI,card_declined,ICICI,10,5,1,0,0.844,1
txn_005005,574.82,UPI,insufficient_funds,HDFC,15,3,0,2,0.353,0
txn_005006,2088.03,Wallet,risk_flagged,IDFC,8,6,1,1,0.701,0
txn_005007,1838.61,UPI,wrong_otp,Kotak,4,2,0,1,0.781,0
txn_005008,175.71,UPI,card_declined,Kotak,17,6,1,1,0.488,0
txn_005009,440.88,Debit Card,bank_server_down,SBI,8,5,1,0,0.658,0
txn_005010,1046.26,Netbanking,wrong_otp,Axis,20,4,0,0,0.903,1
txn_005011,371.62,UPI,insufficient_funds,ICICI,23,1,0,0,0.969,0
txn_005012,1853.41,Credit Card,risk_flagged,HDFC,16,4,0,2,0.751,0
txn_005013,599.73,Netbanking,network_timeout,IDFC,15,1,0,0,0.461,1
txn_005014,207.45,Netbanking,network_timeout,ICICI,18,2,0,1,0.843,1
txn_005015,1028.99,Debit Card,bank_server_down,IDFC,21,4,0,2,0.506,0
txn_005016,122.29,UPI,card_declined,ICICI,2,2,0,0,0.813,1
txn_005017,61.58,Credit Card,wrong_otp,Kotak,0,6,1,1,0.881,0
txn_005018,322.95,Debit Card,bank_server_down,Yes Bank,5,4,0,0,0.797,1
txn_005019,2924.26,Debit Card,insufficient_funds,IDFC,13,6,1,1,0.923,0
txn_005020,1832.18,Debit Card,card_declined,ICICI,19,6,1,0,0.778,0
txn_005021,1477.93,UPI,risk_flagged,Axis,6,0,0,1,0.855,0
txn_005022,155.74,Credit Card,insufficient_funds,Axis,11,3,0,1,0.76,1
txn_005023,442.03,UPI,wrong_otp,Axis,1,3,0,1,0.718,0
txn_005024,331.29,Credit Card,network_timeout,Kotak,21,1,0,1,0.866,1
txn_005025,2103.78,UPI,wrong_otp,Yes Bank,10,2,0,1,0.76,1
txn_005026,632.02,Credit Card,card_declined,IDFC,2,1,0,1,0.466,1
txn_005027,674.12,Debit Card,risk_flagged,IDFC,21,6,1,0,0.766,0
txn_005028,815.12,Netbanking,risk_flagged,IDFC,11,1,0,0,0.606,0
txn_005029,214.6,Credit Card,insufficient_funds,Kotak,23,6,1,0,0.907,1
txn_005030,1748.54,UPI,network_timeout,Kotak,9,3,0,0,0.757,1
txn_005031,4977.59,UPI,wrong_otp,HDFC,1,6,1,2,0.482,0
txn_005032,383.78,Credit Card,bank_server_down,Kotak,7,0,0,0,0.687,1
txn_005033,723.3,Debit Card,wrong_otp,HDFC,20,5,1,1,0.755,1
txn_005034,741.42,Credit Card,bank_server_down,ICICI,4,4,0,1,0.744,1
txn_005035,1492.98,Credit Card,card_declined,Kotak,6,4,0,2,0.523,0
txn_005036,614.67,Debit Card,card_declined,ICICI,2,1,0,0,0.587,0
txn_005037,706.36,Credit Card,insufficient_funds,Yes Bank,21,0,0,1,0.788,0
txn_005038,1408.8,Debit Card,bank_server_down,IDFC,6,5,1,2,0.647,1
txn_005039,726.5,Debit Card,bank_server_down,Axis,0,1,0,1,0.706,1
txn_005040,1335.39,UPI,network_timeout,Yes Bank,19,4,0,0,0.802,1
txn_005041,1875.09,UPI,risk_flagged,Yes Bank,21,6,1,0,0.712,0
txn_005042,1283.45,Credit Card,insufficient_funds,HDFC,0,0,0,1,0.498,0
txn_005043,1157.09,UPI,card_declined,SBI,21,5,1,0,0.921,1
txn_005044,1037.75,Netbanking,wrong_otp,ICICI,4,6,1,0,0.623,1
txn_005045,1490.14,UPI,network_timeout,ICICI,19,3,0,0,0.686,0
txn_005046,2220.07,Netbanking,network_timeout,HDFC,22,5,1,1,0.933,0
txn_005047,1577.14,Netbanking,insufficient_funds,HDFC,6,5,1,0,0.817,0
txn_005048,2664.31,UPI,risk_flagged,IDFC,15,2,0,4,0.584,0
txn_005049,825.75,Credit Card,insufficient_funds,Yes Bank,5,4,0,0,0.774,0
txn_005050,1769.05,UPI,card_declined,ICICI,11,1,0,3,0.802,0
txn_005051,1492.13,Wallet,card_declined,Kotak,6,6,1,0,0.796,0
txn_005052,124.49,Wallet,network_timeout,IDFC,2,0,0,0,0.65,0
txn_005053,8175.33,UPI,insufficient_funds,ICICI,1,2,0,1,0.819,1
txn_005054,859.41,Credit Card,wrong_otp,Axis,4,1,0,0,0.878,0
txn_005055,4922.3,UPI,network_timeout,SBI,11,5,1,0,0.53,1
txn_005056,235.46,UPI,network_timeout,Kotak,19,3,0,0,0.697,1
txn_005057,181.34,Debit Card,insufficient_funds,ICICI,0,6,1,0,0.759,1
txn_005058,636.03,UPI,insufficient_funds,Kotak,4,5,1,0,0.805,0
txn_005059,697.14,UPI,card_declined,ICICI,11,2,0,1,0.869,0
txn_005060,190.72,Wallet,wrong_otp,Kotak,9,1,0,1,0.463,1
txn_005061,2745.7,UPI,insufficient_funds,IDFC,15,3,0,2,0.73,0
txn_005062,1304.05,UPI,network_timeout,Yes Bank,20,2,0,1,0.865,0
txn_005063,230.45,Wallet,expired_card,Kotak,15,1,0,0,0.895,0
txn_005064,1207.4,Wallet,insufficient_funds,IDFC,22,3,0,1,0.83,0
txn_005065,342.12,Netbanking,network_timeout,ICICI,8,2,0,0,0.818,1
txn_005066,5693.13,Netbanking,network_timeout,Axis,11,3,0,0,0.649,1
txn_005067,409.35,UPI,wrong_otp,ICICI,0,0,0,2,0.904,0
txn_005068,2951.04,Credit Card,insufficient_funds,ICICI,9,3,0,0,0.681,0
txn_005069,160.8,UPI,expired_card,ICICI,2,5,1,0,0.756,0
txn_005070,621.36,UPI,insufficient_funds,IDFC,5,0,0,0,0.552,0
txn_005071,893.01,Credit Card,insufficient_funds,Yes Bank,3,0,0,0,0.74,0
txn_005072,996.95,Netbanking,bank_server_down,HDFC,2,6,1,0,0.622,0
txn_005073,1569.88,Credit Card,insufficient_funds,Yes Bank,1,4,0,0,0.41,0
txn_005074,1055.04,UPI,network_timeout,SBI,8,6,1,1,0.633,1
txn_005075,667.97,UPI,risk_flagged,Axis,17,1,0,1,0.804,0
txn_005076,143.24,UPI,bank_server_down,Axis,9,1,0,1,0.876,0
txn_005077,1554.36,Credit Card,risk_flagged,Yes Bank,16,1,0,0,0.699,0
txn_005078,1081.75,UPI,risk_flagged,HDFC,7,3,0,1,0.677,0
txn_005079,1668.3,UPI,card_declined,Axis,13,5,1,2,0.831,0
txn_005080,284.23,Debit Card,risk_flagged,Yes Bank,6,3,0,0,0.902,0
txn_005081,13141.14,Credit Card,insufficient_funds,HDFC,15,4,0,2,0.908,0
txn_005082,2301.37,UPI,expired_card,SBI,2,6,1,2,0.48,0
txn_005083,589.14,Credit Card,bank_server_down,ICICI,12,4,0,0,0.861,1
txn_005084,352.07,UPI,insufficient_funds,IDFC,7,2,0,1,0.666,0
txn_005085,701.6,UPI,wrong_otp,Yes Bank,6,5,1,2,0.853,0
txn_005086,316.44,Debit Card,risk_flagged,SBI,19,1,0,0,0.724,0
txn_005087,3476.3,Debit Card,wrong_otp,Yes Bank,21,3,0,0,0.702,1
txn_005088,768.96,Debit Card,bank_server_down,Yes Bank,16,4,0,0,0.834,1
txn_005089,61.23,Debit Card,network_timeout,IDFC,23,0,0,1,0.604,1
txn_005090,558.71,Debit Card,wrong_otp,HDFC,1,3,0,1,0.927,0
txn_005091,13139.87,Credit Card,insufficient_funds,HDFC,18,2,0,1,0.814,0
txn_005092,690.3,Credit Card,network_timeout,HDFC,6,0,0,0,0.772,1
txn_005093,137.3,Credit Card,wrong_otp,Kotak,1,1,0,1,0.589,0
txn_005094,654.37,UPI,wrong_otp,IDFC,2,1,0,1,0.873,1
txn_005095,769.04,Credit Card,card_declined,HDFC,13,1,0,0,0.883,0
txn_005096,4112.46,Credit Card,insufficient_funds,Yes Bank,7,5,1,0,0.84,0
txn_005097,45.96,UPI,insufficient_funds,Yes Bank,5,0,0,0,0.573,0
txn_005098,185.14,Netbanking,card_declined,ICICI,10,4,0,0,0.881,0
txn_005099,2045.88,UPI,insufficient_funds,IDFC,12,5,1,1,0.776,1
txn_005100,905.64,UPI,insufficient_funds,Axis,10,3,0,0,0.769,0
txn_005101,3798.89,UPI,insufficient_funds,HDFC,19,2,0,0,0.653,1
txn_005102,451.31,Netbanking,network_timeout,Yes Bank,10,6,1,1,0.79,1
txn_005103,982.56,Credit Card,wrong_otp,ICICI,1,4,0,0,0.94,0
txn_005104,203.78,UPI,wrong_otp,ICICI,16,6,1,0,0.921,1
txn_005105,437.08,UPI,expired_card,SBI,20,3,0,0,0.947,0
txn_005106,622.85,Credit Card,card_declined,ICICI,0,1,0,0,0.764,1
txn_005107,395.88,Debit Card,risk_flagged,SBI,22,2,0,1,0.657,0
txn_005108,337.28,Debit Card,card_declined,SBI,8,5,1,1,0.843,0
txn_005109,2696.86,Debit Card,network_timeout,Kotak,2,0,0,0,0.878,1
txn_005110,2749.59,UPI,insufficient_funds,HDFC,20,1,0,0,0.691,0
txn_005111,422.93,Credit Card,insufficient_funds,SBI,23,2,0,1,0.818,0
txn_005112,205.27,Credit Card,wrong_otp,Axis,22,4,0,1,0.647,1
txn_005113,191.28,UPI,wrong_otp,Axis,21,0,0,2,0.762,1
txn_005114,686.39,UPI,wrong_otp,HDFC,22,4,0,2,0.614,0
txn_005115,582.92,UPI,bank_server_down,IDFC,8,3,0,0,0.68,1
txn_005116,1714.65,UPI,network_timeout,Yes Bank,12,4,0,2,0.781,0
txn_005117,364.07,Credit Card,insufficient_funds,ICICI,4,4,0,2,0.942,0
txn_005118,479.2,UPI,bank_server_down,HDFC,1,1,0,0,0.821,1
txn_005119,788.61,UPI,wrong_otp,ICICI,1,6,1,1,0.594,0
txn_005120,1331.25,UPI,insufficient_funds,HDFC,8,0,0,0,0.928,0
txn_005121,132.07,Wallet,card_declined,SBI,16,5,1,0,0.782,1
txn_005122,510.85,Debit Card,card_declined,SBI,21,5,1,1,0.886,1
txn_005123,92.31,Debit Card,card_declined,Yes Bank,2,3,0,1,0.906,1
txn_005124,1521.66,Credit Card,insufficient_funds,HDFC,20,3,0,2,0.743,0
txn_005125,1662.91,UPI,wrong_otp,IDFC,14,4,0,0,0.762,0
txn_005126,248.76,UPI,card_declined,IDFC,8,0,0,2,0.768,1
txn_005127,76.83,UPI,network_timeout,Yes Bank,11,5,1,1,0.749,1
txn_005128,342.97,Debit Card,risk_flagged,ICICI,8,6,1,0,0.571,0
txn_005129,3230.5,UPI,card_declined,Kotak,10,1,0,0,0.48,0
txn_005130,1331.57,UPI,network_timeout,Yes Bank,1,3,0,2,0.808,1
txn_005131,2733.0,UPI,bank_server_down,SBI,21,3,0,0,0.579,1
txn_005132,322.72,Wallet,insufficient_funds,IDFC,0,3,0,1,0.588,0
txn_005133,637.61,UPI,wrong_otp,HDFC,20,4,0,1,0.789,1
txn_005134,1208.97,Credit Card,bank_server_down,ICICI,22,3,0,0,0.82,0
txn_005135,1781.75,UPI,insufficient_funds,HDFC,16,6,1,2,0.388,0
txn_005136,1188.08,UPI,insufficient_funds,Yes Bank,22,1,0,2,0.859,0
txn_005137,643.54,Netbanking,insufficient_funds,Axis,6,6,1,0,0.94,0
txn_005138,132.27,UPI,insufficient_funds,Kotak,20,1,0,1,0.556,0
txn_005139,683.51,UPI,insufficient_funds,Axis,14,2,0,1,0.686,0
txn_005140,565.84,Debit Card,risk_flagged,ICICI,14,6,1,1,0.711,0
txn_005141,541.84,UPI,insufficient_funds,Yes Bank,13,1,0,0,0.827,0
txn_005142,191.67,UPI,network_timeout,SBI,7,4,0,0,0.839,0
txn_005143,827.55,UPI,bank_server_down,Yes Bank,9,2,0,2,0.847,0
txn_005144,2527.65,Debit Card,bank_server_down,Yes Bank,0,1,0,0,0.717,0
txn_005145,156.77,Netbanking,insufficient_funds,Yes Bank,23,0,0,0,0.829,1
txn_005146,249.42,UPI,card_declined,Axis,15,3,0,1,0.551,1
txn_005147,7798.54,UPI,risk_flagged,SBI,11,1,0,1,0.87,0
txn_005148,244.54,UPI,network_timeout,HDFC,19,2,0,0,0.508,1
txn_005149,293.24,Wallet,insufficient_funds,HDFC,0,0,0,1,0.595,0
txn_005150,926.59,UPI,insufficient_funds,Yes Bank,5,1,0,0,0.602,0
txn_005151,455.57,Debit Card,bank_server_down,Axis,20,3,0,2,0.694,1
txn_005152,742.72,UPI,risk_flagged,ICICI,2,0,0,0,0.321,0
txn_005153,784.52,UPI,wrong_otp,Axis,12,4,0,0,0.554,1
txn_005154,2513.77,Debit Card,insufficient_funds,SBI,7,6,1,0,0.796,0
txn_005155,1033.77,Credit Card,insufficient_funds,Yes Bank,21,3,0,1,0.905,1
txn_005156,1785.56,Credit Card,insufficient_funds,ICICI,11,0,0,0,0.816,0
txn_005157,1163.9,Netbanking,wrong_otp,HDFC,19,2,0,1,0.807,0
txn_005158,1705.92,Credit Card,card_declined,IDFC,23,6,1,1,0.657,0
txn_005159,795.99,Netbanking,bank_server_down,Yes Bank,8,5,1,3,0.565,1
txn_005160,493.7,Debit Card,insufficient_funds,IDFC,15,4,0,0,0.751,1
txn_005161,667.76,Credit Card,wrong_otp,ICICI,10,5,1,1,0.838,0
txn_005162,413.76,UPI,network_timeout,Axis,4,2,0,0,0.892,0
txn_005163,171.29,Credit Card,wrong_otp,ICICI,8,1,0,1,0.639,1
txn_005164,449.0,Netbanking,network_timeout,Axis,6,1,0,2,0.724,0
txn_005165,1051.97,UPI,card_declined,HDFC,11,2,0,0,0.902,1
txn_005166,1147.18,UPI,insufficient_funds,Kotak,12,2,0,0,0.823,0
txn_005167,514.89,UPI,insufficient_funds,Kotak,20,4,0,0,0.721,1
txn_005168,2321.96,UPI,card_declined,Yes Bank,5,1,0,0,0.81,1
txn_005169,520.56,Netbanking,insufficient_funds,HDFC,17,6,1,0,0.875,1
txn_005170,271.06,UPI,insufficient_funds,IDFC,14,0,0,4,0.385,0
txn_005171,266.21,UPI,insufficient_funds,HDFC,19,4,0,0,0.417,0
txn_005172,274.24,UPI,insufficient_funds,Kotak,6,1,0,0,0.781,0
txn_005173,520.57,Credit Card,bank_server_down,Axis,10,6,1,1,0.757,1
txn_005174,578.94,Netbanking,network_timeout,HDFC,6,1,0,1,0.947,0
txn_005175,879.11,Credit Card,network_timeout,ICICI,8,5,1,0,0.934,0
txn_005176,1388.84,Debit Card,bank_server_down,Kotak,18,1,0,0,0.683,0
txn_005177,458.48,Netbanking,network_timeout,Axis,12,3,0,1,0.672,1
txn_005178,188.43,UPI,insufficient_funds,Axis,17,5,1,2,0.619,0
txn_005179,594.7,Debit Card,card_declined,HDFC,3,3,0,1,0.463,1
txn_005180,6967.02,Debit Card,bank_server_down,HDFC,9,1,0,2,0.698,0
txn_005181,737.24,Debit Card,card_declined,Yes Bank,11,6,1,2,0.699,0
txn_005182,669.74,UPI,insufficient_funds,ICICI,11,4,0,1,0.7,0
txn_005183,323.54,UPI,insufficient_funds,HDFC,14,6,1,0,0.881,1
txn_005184,180.16,UPI,network_timeout,ICICI,11,6,1,1,0.68,1
txn_005185,231.18,UPI,risk_flagged,ICICI,7,5,1,0,0.895,1
txn_005186,1226.01,UPI,insufficient_funds,ICICI,13,0,0,0,0.694,0
txn_005187,538.33,UPI,risk_flagged,Yes Bank,17,6,1,0,0.733,0
txn_005188,424.72,Credit Card,bank_server_down,IDFC,7,3,0,0,0.699,0
txn_005189,41.59,UPI,network_timeout,SBI,0,4,0,1,0.772,1
txn_005190,35.65,UPI,bank_server_down,ICICI,0,6,1,0,0.899,1
txn_005191,716.85,Netbanking,bank_server_down,Axis,10,4,0,2,0.626,0
txn_005192,327.0,Credit Card,insufficient_funds,Axis,12,3,0,0,0.869,0
txn_005193,253.15,UPI,network_timeout,ICICI,22,3,0,0,0.666,1
txn_005194,205.87,Wallet,wrong_otp,Yes Bank,9,0,0,0,0.397,0
txn_005195,3006.13,UPI,insufficient_funds,Axis,2,3,0,0,0.426,0
txn_005196,482.58,UPI,bank_server_down,IDFC,17,6,1,0,0.56,1
txn_005197,75.51,Credit Card,insufficient_funds,IDFC,18,0,0,1,0.48,0
txn_005198,215.51,UPI,bank_server_down,ICICI,22,2,0,0,0.822,1
txn_005199,1494.08,UPI,insufficient_funds,IDFC,6,4,0,0,0.848,1
txn_005200,1158.47,Credit Card,network_timeout,Kotak,10,5,1,0,0.901,1
txn_005201,159.64,UPI,card_declined,SBI,4,1,0,1,0.876,1
txn_005202,162.89,Credit Card,bank_server_down,HDFC,12,1,0,0,0.842,1
txn_005203,6354.28,Netbanking,wrong_otp,IDFC,11,6,1,0,0.828,0
txn_005204,1279.03,UPI,wrong_otp,Yes Bank,17,2,0,0,0.231,1
txn_005205,707.56,Credit Card,insufficient_funds,ICICI,8,6,1,2,0.805,0
txn_005206,86.62,UPI,insufficient_funds,ICICI,17,0,0,0,0.329,0
txn_005207,1098.62,Credit Card,wrong_otp,HDFC,20,0,0,2,0.475,0
txn_005208,472.09,Credit Card,bank_server_down,IDFC,11,3,0,0,0.549,1
txn_005209,193.53,UPI,card_declined,ICICI,18,3,0,0,0.519,0
txn_005210,347.13,Wallet,wrong_otp,IDFC,20,0,0,2,0.939,0
txn_005211,881.36,UPI,insufficient_funds,IDFC,8,1,0,0,0.822,1
txn_005212,1567.06,UPI,insufficient_funds,Axis,11,5,1,3,0.702,0
txn_005213,708.59,UPI,card_declined,SBI,22,3,0,1,0.507,1
txn_005214,533.71,UPI,insufficient_funds,Yes Bank,7,6,1,0,0.639,0
txn_005215,4335.52,UPI,bank_server_down,SBI,4,6,1,0,0.921,1
txn_005216,406.15,Wallet,bank_server_down,HDFC,16,0,0,0,0.856,1
txn_005217,379.16,Netbanking,insufficient_funds,Axis,18,3,0,1,0.763,1
txn_005218,1367.62,UPI,wrong_otp,Yes Bank,1,3,0,1,0.682,1
txn_005219,313.01,UPI,bank_server_down,Axis,5,3,0,1,0.855,1
txn_005220,2029.4,Debit Card,bank_server_down,HDFC,17,5,1,0,0.519,1
txn_005221,1007.98,Debit Card,wrong_otp,ICICI,23,0,0,1,0.897,0
txn_005222,173.28,UPI,bank_server_down,Yes Bank,21,4,0,0,0.679,1
txn_005223,1011.98,UPI,insufficient_funds,ICICI,18,3,0,0,0.825,0
txn_005224,688.79,Wallet,bank_server_down,SBI,12,0,0,0,0.488,1
txn_005225,275.2,UPI,bank_server_down,Yes Bank,0,3,0,1,0.948,1
txn_005226,339.23,UPI,insufficient_funds,Kotak,12,3,0,0,0.666,1
txn_005227,1772.09,UPI,insufficient_funds,SBI,20,0,0,0,0.873,1
txn_005228,1606.53,UPI,card_declined,HDFC,3,0,0,1,0.504,0
txn_005229,800.04,Netbanking,insufficient_funds,HDFC,3,1,0,1,0.551,0
txn_005230,962.78,UPI,insufficient_funds,Kotak,10,0,0,0,0.818,1
txn_005231,307.29,Debit Card,network_timeout,SBI,1,0,0,0,0.903,1
txn_005232,878.56,UPI,insufficient_funds,SBI,3,2,0,1,0.874,0
txn_005233,501.32,Debit Card,card_declined,Kotak,10,0,0,0,0.795,0
txn_005234,1448.68,Debit Card,card_declined,SBI,23,5,1,1,0.556,0
txn_005235,364.05,UPI,bank_server_down,SBI,1,1,0,0,0.48,1
txn_005236,648.52,Debit Card,bank_server_down,Yes Bank,7,3,0,3,0.594,1
txn_005237,1038.97,UPI,wrong_otp,Yes Bank,6,4,0,2,0.661,1
txn_005238,2425.91,UPI,insufficient_funds,Axis,23,2,0,1,0.768,0
txn_005239,1395.24,UPI,risk_flagged,IDFC,3,4,0,2,0.876,0
txn_005240,249.53,Debit Card,wrong_otp,IDFC,10,3,0,1,0.468,0
txn_005241,370.16,UPI,wrong_otp,ICICI,23,4,0,0,0.934,0
txn_005242,5004.34,UPI,network_timeout,HDFC,18,5,1,0,0.71,0
txn_005243,1226.42,UPI,wrong_otp,IDFC,17,5,1,0,0.688,1
txn_005244,141.73,Credit Card,network_timeout,Yes Bank,5,5,1,1,0.833,1
txn_005245,1061.75,UPI,bank_server_down,SBI,4,2,0,0,0.613,1
txn_005246,1027.92,Wallet,insufficient_funds,Axis,12,4,0,1,0.829,0
txn_005247,2682.84,UPI,network_timeout,Kotak,22,4,0,0,0.654,0
txn_005248,327.41,Credit Card,insufficient_funds,ICICI,5,0,0,1,0.787,0
txn_005249,1606.26,UPI,bank_server_down,SBI,13,1,0,0,0.857,1
txn_005250,1011.99,Credit Card,insufficient_funds,SBI,14,6,1,0,0.802,0
txn_005251,368.87,UPI,risk_flagged,HDFC,1,6,1,0,0.636,0
txn_005252,1796.73,Debit Card,network_timeout,Yes Bank,20,4,0,2,0.802,1
txn_005253,1376.05,UPI,card_declined,Axis,2,2,0,0,0.727,0
txn_005254,553.52,UPI,card_declined,SBI,17,6,1,1,0.672,0
txn_005255,759.5,Wallet,network_timeout,Axis,21,6,1,1,0.33,1
txn_005256,1175.08,Debit Card,expired_card,SBI,16,0,0,2,0.561,0
txn_005257,263.09,UPI,network_timeout,Axis,18,5,1,0,0.511,1
txn_005258,225.81,Netbanking,bank_server_down,IDFC,17,0,0,0,0.886,0
txn_005259,2632.19,UPI,insufficient_funds,Axis,19,5,1,1,0.926,1
txn_005260,1172.27,UPI,network_timeout,HDFC,0,6,1,1,0.761,1
txn_005261,3012.58,Debit Card,card_declined,HDFC,21,1,0,0,0.878,1
txn_005262,447.08,UPI,risk_flagged,HDFC,16,3,0,0,0.315,0
txn_005263,259.25,UPI,insufficient_funds,Yes Bank,8,2,0,0,0.716,0
txn_005264,63.33,UPI,card_declined,ICICI,15,3,0,0,0.542,1
txn_005265,1117.2,UPI,expired_card,ICICI,12,0,0,0,0.786,0
txn_005266,779.81,Netbanking,card_declined,Yes Bank,14,4,0,2,0.874,0
txn_005267,934.02,Debit Card,insufficient_funds,Yes Bank,4,0,0,0,0.824,0
txn_005268,308.95,UPI,insufficient_funds,HDFC,11,0,0,1,0.828,0
txn_005269,1922.04,UPI,bank_server_down,IDFC,20,5,1,1,0.666,1
txn_005270,2926.66,Debit Card,bank_server_down,Axis,0,1,0,1,0.671,1
txn_005271,2000.9,UPI,insufficient_funds,Yes Bank,13,5,1,3,0.776,0
txn_005272,3143.28,Debit Card,insufficient_funds,IDFC,12,1,0,0,0.582,1
txn_005273,289.69,UPI,bank_server_down,IDFC,15,4,0,0,0.955,0
txn_005274,762.55,Credit Card,insufficient_funds,Yes Bank,2,3,0,1,0.847,1
txn_005275,916.46,Netbanking,insufficient_funds,HDFC,5,3,0,0,0.86,0
txn_005276,967.6,Debit Card,card_declined,ICICI,6,1,0,0,0.835,0
txn_005277,1315.59,UPI,insufficient_funds,Axis,1,0,0,2,0.609,0
txn_005278,966.58,Debit Card,network_timeout,ICICI,0,4,0,1,0.675,1
txn_005279,242.96,Debit Card,network_timeout,IDFC,20,6,1,1,0.691,1
txn_005280,274.52,Wallet,expired_card,ICICI,7,0,0,0,0.708,0
txn_005281,107.05,Netbanking,risk_flagged,Kotak,4,4,0,0,0.646,0
txn_005282,352.43,UPI,insufficient_funds,SBI,19,6,1,1,0.829,0
txn_005283,213.18,Credit Card,bank_server_down,HDFC,14,4,0,1,0.76,1
txn_005284,498.43,Credit Card,card_declined,Kotak,0,1,0,0,0.605,1
txn_005285,1104.04,Debit Card,insufficient_funds,SBI,18,4,0,0,0.708,0
txn_005286,1266.35,Netbanking,insufficient_funds,ICICI,22,0,0,0,0.628,1
txn_005287,217.83,Wallet,insufficient_funds,ICICI,23,6,1,4,0.627,0
txn_005288,418.8,Netbanking,insufficient_funds,Yes Bank,19,2,0,2,0.594,0
txn_005289,1471.94,Debit Card,network_timeout,SBI,10,2,0,1,0.98,1
txn_005290,718.02,UPI,insufficient_funds,IDFC,16,1,0,0,0.697,1
txn_005291,438.28,Debit Card,insufficient_funds,IDFC,23,6,1,0,0.84,0
txn_005292,1154.28,Netbanking,insufficient_funds,Kotak,22,0,0,0,0.723,1
txn_005293,758.19,UPI,insufficient_funds,Kotak,6,6,1,0,0.614,0
txn_005294,131.47,Netbanking,wrong_otp,IDFC,20,6,1,0,0.532,0
txn_005295,1087.27,Netbanking,wrong_otp,Axis,4,5,1,0,0.769,0
txn_005296,67.49,UPI,card_declined,SBI,19,6,1,0,0.563,0
txn_005297,1179.69,Wallet,insufficient_funds,Kotak,8,1,0,0,0.786,0
txn_005298,281.46,Netbanking,bank_server_down,SBI,11,2,0,2,0.759,0
txn_005299,685.83,Debit Card,expired_card,Yes Bank,7,5,1,0,0.608,0
txn_005300,181.17,Credit Card,wrong_otp,Axis,18,6,1,1,0.585,1
txn_005301,624.8,Debit Card,network_timeout,IDFC,11,6,1,0,0.787,0
txn_005302,8131.42,UPI,network_timeout,SBI,2,3,0,0,0.793,1
txn_005303,603.6,Credit Card,wrong_otp,Axis,5,0,0,0,0.844,0
txn_005304,688.51,UPI,network_timeout,Axis,20,4,0,0,0.694,1
txn_005305,1310.84,UPI,card_declined,Kotak,20,1,0,0,0.69,1
txn_005306,262.06,Debit Card,card_declined,ICICI,13,3,0,1,0.712,1
txn_005307,219.36,UPI,insufficient_funds,Axis,11,5,1,0,0.673,1
txn_005308,1638.38,UPI,network_timeout,Kotak,23,1,0,0,0.962,1
txn_005309,1713.41,Debit Card,insufficient_funds,ICICI,12,0,0,0,0.616,0
txn_005310,301.61,Debit Card,wrong_otp,Kotak,22,4,0,4,0.8,0
txn_005311,1169.32,UPI,network_timeout,IDFC,23,4,0,2,0.871,1
txn_005312,522.59,Debit Card,bank_server_down,IDFC,10,1,0,1,0.886,1
txn_005313,231.22,Netbanking,card_declined,Kotak,2,2,0,0,0.525,0
txn_005314,922.29,Credit Card,card_declined,Yes Bank,18,0,0,0,0.941,1
txn_005315,1310.29,UPI,insufficient_funds,IDFC,16,6,1,0,0.774,0
txn_005316,11439.39,UPI,insufficient_funds,HDFC,2,5,1,1,0.738,1
txn_005317,706.08,UPI,bank_server_down,Axis,14,1,0,0,0.952,1
txn_005318,1025.91,Netbanking,network_timeout,Yes Bank,17,2,0,1,0.76,1
txn_005319,1732.06,Credit Card,bank_server_down,Axis,13,0,0,1,0.798,1
txn_005320,1365.32,UPI,insufficient_funds,Yes Bank,5,2,0,2,0.867,0
txn_005321,2183.21,UPI,card_declined,Axis,5,2,0,0,0.104,1
txn_005322,799.25,Debit Card,insufficient_funds,Axis,23,4,0,1,0.703,0
txn_005323,7580.9,Credit Card,wrong_otp,Axis,20,6,1,0,0.443,1
txn_005324,2837.13,UPI,card_declined,Axis,10,4,0,0,0.689,1
txn_005325,453.66,Wallet,card_declined,HDFC,11,4,0,1,0.924,1
txn_005326,197.39,Credit Card,insufficient_funds,SBI,7,4,0,1,0.378,1
txn_005327,2244.85,Debit Card,network_timeout,ICICI,14,4,0,1,0.735,1
txn_005328,2297.93,Debit Card,card_declined,Kotak,9,4,0,0,0.799,1
txn_005329,634.43,Credit Card,card_declined,Yes Bank,12,5,1,0,0.734,1
txn_005330,7537.64,Netbanking,network_timeout,Yes Bank,13,5,1,0,0.846,1
txn_005331,171.25,UPI,insufficient_funds,ICICI,2,3,0,0,0.682,0
txn_005332,1054.85,Debit Card,card_declined,SBI,15,4,0,1,0.488,0
txn_005333,498.24,Wallet,insufficient_funds,SBI,21,0,0,0,0.626,1
txn_005334,1711.18,UPI,insufficient_funds,Axis,15,0,0,2,0.848,0
txn_005335,1126.89,UPI,bank_server_down,ICICI,3,1,0,2,0.612,1
txn_005336,2383.98,UPI,expired_card,ICICI,7,3,0,0,0.616,1
txn_005337,281.17,UPI,network_timeout,SBI,10,1,0,0,0.83,1
txn_005338,1445.62,UPI,bank_server_down,Kotak,0,5,1,0,0.824,0
txn_005339,589.25,Debit Card,expired_card,SBI,1,0,0,1,0.751,0
txn_005340,1096.08,Netbanking,wrong_otp,Axis,8,0,0,1,0.795,1
txn_005341,576.38,UPI,wrong_otp,SBI,15,3,0,1,0.669,1
txn_005342,1127.65,UPI,card_declined,SBI,23,1,0,1,0.671,0
txn_005343,809.89,UPI,bank_server_down,Kotak,22,0,0,2,0.643,1
txn_005344,50.38,Netbanking,risk_flagged,HDFC,11,3,0,4,0.549,0
txn_005345,572.79,Netbanking,network_timeout,Kotak,21,3,0,0,0.71,1
txn_005346,1247.09,Debit Card,network_timeout,Kotak,7,1,0,2,0.701,0
txn_005347,712.19,Debit Card,insufficient_funds,HDFC,19,4,0,0,0.465,0
txn_005348,770.93,Debit Card,wrong_otp,HDFC,13,2,0,1,0.872,1
txn_005349,499.04,UPI,bank_server_down,SBI,7,0,0,0,0.453,0
txn_005350,353.74,Debit Card,expired_card,HDFC,12,3,0,0,0.425,0
txn_005351,1591.14,Credit Card,insufficient_funds,Axis,10,4,0,2,0.709,0
txn_005352,123.1,Credit Card,card_declined,Yes Bank,2,3,0,0,0.902,1
txn_005353,3036.98,UPI,wrong_otp,SBI,11,3,0,0,0.629,0
txn_005354,383.51,Debit Card,network_timeout,ICICI,4,3,0,0,0.572,1
txn_005355,940.83,UPI,risk_flagged,Yes Bank,1,4,0,0,0.641,0
txn_005356,405.39,UPI,bank_server_down,Axis,1,1,0,1,0.57,1
txn_005357,937.72,Debit Card,network_timeout,Kotak,21,6,1,3,0.828,1
txn_005358,3610.88,UPI,risk_flagged,SBI,12,6,1,2,0.685,0
txn_005359,376.82,Wallet,insufficient_funds,Axis,19,1,0,2,0.729,0
txn_005360,1055.95,UPI,risk_flagged,ICICI,19,6,1,2,0.939,0
txn_005361,1408.91,Wallet,insufficient_funds,ICICI,7,6,1,1,0.891,0
txn_005362,717.56,Credit Card,insufficient_funds,SBI,4,5,1,0,0.505,0
txn_005363,986.06,UPI,network_timeout,SBI,14,4,0,0,0.591,1
txn_005364,832.51,UPI,bank_server_down,IDFC,11,6,1,2,0.886,1
txn_005365,724.53,Credit Card,card_declined,Yes Bank,17,1,0,2,0.539,0
txn_005366,352.63,UPI,wrong_otp,Axis,13,2,0,0,0.408,1
txn_005367,656.09,Debit Card,card_declined,HDFC,8,1,0,0,0.446,1
txn_005368,292.91,UPI,wrong_otp,SBI,1,6,1,0,0.461,0
txn_005369,1757.74,Debit Card,network_timeout,Yes Bank,1,5,1,2,0.504,0
txn_005370,4458.43,Debit Card,network_timeout,SBI,4,0,0,0,0.69,0
txn_005371,601.96,Credit Card,wrong_otp,Kotak,4,6,1,2,0.782,0
txn_005372,373.63,Debit Card,insufficient_funds,SBI,12,3,0,0,0.8,0
txn_005373,160.1,Wallet,card_declined,IDFC,5,4,0,0,0.203,1
txn_005374,760.14,UPI,network_timeout,Yes Bank,1,4,0,2,0.81,1
txn_005375,539.42,UPI,network_timeout,Yes Bank,22,3,0,1,0.758,1
txn_005376,6880.99,Debit Card,bank_server_down,HDFC,11,3,0,1,0.843,1
txn_005377,1165.38,Credit Card,expired_card,HDFC,1,0,0,3,0.855,0
txn_005378,124.91,Debit Card,network_timeout,ICICI,21,5,1,0,0.776,1
txn_005379,1841.75,Netbanking,network_timeout,ICICI,23,3,0,1,0.561,1
txn_005380,521.13,UPI,card_declined,Yes Bank,13,4,0,0,0.817,0
txn_005381,200.44,Credit Card,card_declined,Yes Bank,16,2,0,0,0.851,1
txn_005382,817.85,Credit Card,wrong_otp,Kotak,22,3,0,0,0.894,0
txn_005383,1736.69,Debit Card,insufficient_funds,HDFC,6,0,0,0,0.527,0
txn_005384,228.56,UPI,insufficient_funds,ICICI,6,2,0,2,0.797,1
txn_005385,435.75,UPI,wrong_otp,HDFC,8,5,1,1,0.851,1
txn_005386,1222.17,Wallet,insufficient_funds,Axis,13,5,1,0,0.862,0
txn_005387,1814.4,Debit Card,insufficient_funds,Yes Bank,5,4,0,0,0.63,0
txn_005388,399.03,UPI,risk_flagged,Kotak,21,0,0,1,0.879,0
txn_005389,460.83,Netbanking,card_declined,IDFC,7,0,0,1,0.917,0
txn_005390,471.81,Wallet,insufficient_funds,SBI,23,5,1,0,0.731,0
txn_005391,89.85,UPI,bank_server_down,HDFC,10,1,0,0,0.742,1
txn_005392,439.82,UPI,insufficient_funds,Axis,1,4,0,1,0.417,1
txn_005393,510.38,Debit Card,card_declined,Kotak,9,3,0,1,0.418,0
txn_005394,840.27,UPI,insufficient_funds,IDFC,15,5,1,0,0.664,0
txn_005395,554.23,UPI,risk_flagged,IDFC,5,0,0,0,0.829,1
txn_005396,81.53,UPI,wrong_otp,Yes Bank,8,3,0,3,0.991,0
txn_005397,184.04,UPI,bank_server_down,HDFC,15,4,0,1,0.551,1
txn_005398,774.83,Debit Card,wrong_otp,IDFC,22,4,0,0,0.9,1
txn_005399,89.55,Debit Card,insufficient_funds,HDFC,1,0,0,0,0.533,0
txn_005400,2171.43,UPI,wrong_otp,HDFC,3,2,0,0,0.727,1
txn_005401,576.97,UPI,card_declined,Axis,19,3,0,1,0.393,1
txn_005402,241.89,Credit Card,insufficient_funds,HDFC,18,0,0,1,0.503,0
txn_005403,655.57,UPI,bank_server_down,Yes Bank,13,4,0,0,0.507,0
txn_005404,1174.81,Debit Card,bank_server_down,SBI,6,3,0,1,0.793,0
txn_005405,5044.49,UPI,wrong_otp,IDFC,12,0,0,0,0.709,1
txn_005406,1515.31,Credit Card,network_timeout,Kotak,16,2,0,2,0.856,0
txn_005407,211.45,UPI,card_declined,HDFC,20,1,0,2,0.717,1
txn_005408,854.08,UPI,network_timeout,SBI,22,3,0,2,0.801,1
txn_005409,744.72,UPI,bank_server_down,HDFC,14,0,0,0,0.547,0
txn_005410,2149.81,UPI,bank_server_down,ICICI,3,1,0,3,0.794,0
txn_005411,591.97,UPI,card_declined,SBI,17,6,1,0,0.885,0
txn_005412,882.62,Debit Card,network_timeout,ICICI,22,4,0,0,0.32,0
txn_005413,1720.01,Debit Card,network_timeout,HDFC,0,6,1,0,0.639,1
txn_005414,472.44,Credit Card,network_timeout,HDFC,23,0,0,1,0.61,1
txn_005415,257.63,UPI,network_timeout,IDFC,4,1,0,0,0.828,0
txn_005416,369.34,UPI,wrong_otp,Axis,17,5,1,0,0.584,1
txn_005417,992.44,UPI,network_timeout,Yes Bank,6,4,0,2,0.916,0
txn_005418,639.57,UPI,bank_server_down,HDFC,10,0,0,2,0.642,1
txn_005419,741.77,UPI,bank_server_down,IDFC,12,5,1,0,0.564,1
txn_005420,1142.91,UPI,network_timeout,SBI,7,4,0,2,0.898,1
txn_005421,782.36,UPI,card_declined,Kotak,23,5,1,1,0.911,0
txn_005422,2085.14,UPI,network_timeout,Axis,12,4,0,0,0.634,0
txn_005423,711.27,UPI,card_declined,HDFC,20,6,1,2,0.884,0
txn_005424,1094.33,UPI,network_timeout,SBI,7,5,1,2,0.666,0
txn_005425,1255.57,UPI,expired_card,Kotak,6,4,0,0,0.936,0
txn_005426,873.38,UPI,network_timeout,Axis,9,6,1,2,0.409,1
txn_005427,458.89,Debit Card,wrong_otp,ICICI,7,1,0,0,0.827,0
txn_005428,1161.7,Debit Card,bank_server_down,IDFC,9,5,1,0,0.34,0
txn_005429,1497.67,Credit Card,network_timeout,Axis,23,6,1,2,0.802,0
txn_005430,543.82,Credit Card,network_timeout,Yes Bank,6,4,0,1,0.753,0
txn_005431,1484.3,Credit Card,wrong_otp,IDFC,23,6,1,1,0.781,0
txn_005432,1720.61,UPI,card_declined,SBI,6,4,0,1,0.616,0
txn_005433,911.31,UPI,network_timeout,Yes Bank,11,1,0,2,0.85,0
txn_005434,359.68,Netbanking,card_declined,Axis,23,2,0,2,0.518,0
txn_005435,3167.31,UPI,insufficient_funds,SBI,21,2,0,0,0.779,1
txn_005436,182.79,UPI,insufficient_funds,Yes Bank,13,4,0,0,0.88,1
txn_005437,1274.96,Debit Card,bank_server_down,HDFC,19,6,1,1,0.465,1
txn_005438,1264.13,Debit Card,insufficient_funds,Yes Bank,10,5,1,0,0.968,0
txn_005439,415.51,Credit Card,wrong_otp,HDFC,21,4,0,1,0.493,0
txn_005440,83.94,Debit Card,bank_server_down,Yes Bank,9,2,0,2,0.625,0
txn_005441,1020.35,UPI,expired_card,Axis,12,6,1,1,0.695,0
txn_005442,4057.42,Credit Card,card_declined,SBI,4,0,0,1,0.725,1
txn_005443,1097.54,Credit Card,network_timeout,ICICI,19,0,0,0,0.594,1
txn_005444,191.07,UPI,card_declined,HDFC,22,1,0,1,0.926,1
txn_005445,423.28,UPI,wrong_otp,SBI,10,5,1,1,0.817,0
txn_005446,561.49,Debit Card,card_declined,ICICI,23,5,1,1,0.732,0
txn_005447,422.12,Debit Card,network_timeout,IDFC,8,5,1,1,0.866,1
txn_005448,1071.36,UPI,risk_flagged,SBI,23,4,0,1,0.739,0
txn_005449,144.5,UPI,card_declined,Axis,2,1,0,0,0.67,1
txn_005450,414.74,UPI,bank_server_down,Kotak,15,6,1,0,0.773,1
txn_005451,506.58,UPI,card_declined,Yes Bank,5,6,1,0,0.935,1
txn_005452,1656.79,UPI,bank_server_down,Axis,2,0,0,0,0.457,0
txn_005453,307.35,UPI,card_declined,HDFC,21,5,1,0,0.768,0
txn_005454,702.17,UPI,bank_server_down,Kotak,1,3,0,1,0.701,1
txn_005455,1447.83,UPI,wrong_otp,IDFC,4,3,0,0,0.743,1
txn_005456,601.21,Netbanking,expired_card,Axis,15,5,1,0,0.727,0
txn_005457,875.86,UPI,wrong_otp,Axis,5,6,1,0,0.608,1
txn_005458,925.4,UPI,wrong_otp,HDFC,7,2,0,3,0.495,0
txn_005459,163.25,Debit Card,insufficient_funds,Axis,21,6,1,0,0.365,0
txn_005460,2303.49,Debit Card,insufficient_funds,Kotak,7,0,0,0,0.697,0
txn_005461,1416.44,Credit Card,wrong_otp,ICICI,20,1,0,1,0.75,0
txn_005462,3696.82,Credit Card,card_declined,HDFC,2,5,1,0,0.768,0
txn_005463,1292.94,UPI,insufficient_funds,ICICI,16,1,0,0,0.704,0
txn_005464,2286.24,UPI,wrong_otp,ICICI,11,0,0,0,0.829,1
txn_005465,329.16,Debit Card,wrong_otp,Yes Bank,5,0,0,2,0.617,0
txn_005466,119.26,Debit Card,insufficient_funds,ICICI,14,6,1,0,0.672,0
txn_005467,2196.73,UPI,risk_flagged,Kotak,9,3,0,0,0.93,1
txn_005468,563.2,UPI,bank_server_down,ICICI,23,1,0,0,0.424,0
txn_005469,3506.08,UPI,network_timeout,SBI,3,0,0,0,0.73,0
txn_005470,5117.81,UPI,network_timeout,Yes Bank,2,2,0,0,0.738,0
txn_005471,1441.03,Debit Card,network_timeout,IDFC,14,4,0,3,0.94,0
txn_005472,429.62,Credit Card,card_declined,Axis,9,5,1,0,0.694,0
txn_005473,1091.28,Credit Card,bank_server_down,Axis,1,6,1,0,0.822,1
txn_005474,1518.82,Credit Card,card_declined,Kotak,11,3,0,1,0.97,0
txn_005475,284.05,Debit Card,wrong_otp,Yes Bank,19,0,0,0,0.944,1
txn_005476,366.48,Credit Card,network_timeout,IDFC,14,4,0,1,0.849,1
txn_005477,100.55,Netbanking,risk_flagged,SBI,12,0,0,1,0.831,0
txn_005478,167.93,UPI,wrong_otp,Kotak,16,1,0,0,0.662,0
txn_005479,335.28,Netbanking,card_declined,Yes Bank,1,3,0,1,0.89,0
txn_005480,240.62,UPI,insufficient_funds,SBI,6,4,0,0,0.81,0
txn_005481,535.66,Credit Card,insufficient_funds,Axis,23,6,1,0,0.72,0
txn_005482,2209.89,Debit Card,card_declined,Axis,14,0,0,0,0.616,0
txn_005483,1430.71,Credit Card,network_timeout,SBI,14,0,0,0,0.626,1
txn_005484,1195.38,Debit Card,wrong_otp,Yes Bank,0,6,1,0,0.946,1
txn_005485,372.08,Credit Card,insufficient_funds,Kotak,6,5,1,1,0.624,0
txn_005486,926.32,Wallet,insufficient_funds,ICICI,18,1,0,0,0.868,0
txn_005487,383.76,Wallet,bank_server_down,Yes Bank,4,6,1,0,0.668,1
txn_005488,581.36,Wallet,card_declined,HDFC,9,0,0,1,0.8,1
txn_005489,259.66,Debit Card,insufficient_funds,Yes Bank,3,6,1,0,0.516,0
txn_005490,3309.22,Credit Card,insufficient_funds,HDFC,8,5,1,1,0.674,0
txn_005491,878.72,UPI,network_timeout,ICICI,0,2,0,0,0.837,1
txn_005492,299.23,UPI,risk_flagged,Axis,22,6,1,0,0.667,1
txn_005493,159.73,Netbanking,insufficient_funds,Axis,19,3,0,2,0.872,0
txn_005494,383.15,Credit Card,insufficient_funds,Axis,3,1,0,0,0.655,0
txn_005495,93.47,Netbanking,card_declined,ICICI,1,6,1,0,0.696,1
txn_005496,864.42,UPI,bank_server_down,HDFC,10,6,1,0,0.595,1
txn_005497,2161.81,Credit Card,wrong_otp,Yes Bank,9,1,0,1,0.7,0
txn_005498,5983.45,UPI,wrong_otp,Axis,7,1,0,0,0.784,1
txn_005499,281.25,Netbanking,bank_server_down,SBI,11,4,0,0,0.478,0
txn_005500,155.63,Debit Card,bank_server_down,SBI,13,2,0,0,0.92,1
txn_005501,650.97,UPI,network_timeout,SBI,6,6,1,0,0.794,1
txn_005502,462.56,Debit Card,insufficient_funds,Yes Bank,4,4,0,0,0.821,0
txn_005503,233.53,Credit Card,bank_server_down,Kotak,17,6,1,0,0.831,1
txn_005504,277.82,UPI,insufficient_funds,SBI,9,2,0,1,0.856,0
txn_005505,210.56,UPI,bank_server_down,IDFC,21,0,0,1,0.77,1
txn_005506,524.31,UPI,insufficient_funds,Axis,18,1,0,1,0.676,1
txn_005507,1309.62,Debit Card,card_declined,Axis,16,4,0,0,0.616,0
txn_005508,850.52,Debit Card,insufficient_funds,Yes Bank,6,6,1,1,0.511,0
txn_005509,1644.48,Credit Card,card_declined,ICICI,17,5,1,1,0.972,1
txn_005510,5998.12,Wallet,network_timeout,IDFC,3,0,0,1,0.571,0
txn_005511,550.8,UPI,card_declined,ICICI,18,1,0,1,0.522,0
txn_005512,1353.24,UPI,bank_server_down,Kotak,7,5,1,0,0.543,1
txn_005513,2678.89,UPI,insufficient_funds,ICICI,20,1,0,1,0.77,1
txn_005514,745.73,Credit Card,card_declined,HDFC,6,0,0,0,0.809,0
txn_005515,1469.83,Netbanking,insufficient_funds,Kotak,14,2,0,1,0.73,0
txn_005516,995.48,UPI,expired_card,IDFC,2,5,1,0,0.801,0
txn_005517,263.48,Debit Card,card_declined,Kotak,8,1,0,0,0.452,0
txn_005518,602.99,Netbanking,wrong_otp,Axis,13,1,0,2,0.821,0
txn_005519,352.13,Credit Card,card_declined,Kotak,19,3,0,0,0.689,0
txn_005520,204.35,UPI,network_timeout,HDFC,0,0,0,0,0.712,0
txn_005521,798.39,UPI,card_declined,Yes Bank,18,4,0,0,0.853,0
txn_005522,538.46,Debit Card,wrong_otp,Axis,4,3,0,0,0.636,1
txn_005523,116.98,Debit Card,insufficient_funds,Yes Bank,16,6,1,0,0.797,0
txn_005524,537.78,UPI,card_declined,Kotak,13,4,0,2,0.806,0
txn_005525,2848.47,UPI,bank_server_down,Axis,13,6,1,2,0.986,1
txn_005526,644.38,Credit Card,card_declined,SBI,16,3,0,0,0.582,1
txn_005527,1615.21,UPI,wrong_otp,Axis,4,3,0,0,0.858,0
txn_005528,929.89,Debit Card,risk_flagged,ICICI,9,2,0,1,0.835,0
txn_005529,1369.48,UPI,bank_server_down,IDFC,19,6,1,1,0.833,1
txn_005530,2882.51,UPI,card_declined,Kotak,0,4,0,1,0.856,1
txn_005531,2599.53,Credit Card,insufficient_funds,SBI,17,6,1,1,0.947,0
txn_005532,787.58,UPI,bank_server_down,HDFC,16,2,0,2,0.928,0
txn_005533,339.71,UPI,insufficient_funds,Kotak,2,4,0,0,0.625,0
txn_005534,928.87,Debit Card,insufficient_funds,ICICI,12,3,0,0,0.806,0
txn_005535,497.81,UPI,insufficient_funds,ICICI,18,0,0,0,0.724,0
txn_005536,199.14,Debit Card,wrong_otp,Yes Bank,7,2,0,0,0.91,1
txn_005537,2186.26,UPI,card_declined,ICICI,11,6,1,0,0.746,0
txn_005538,943.95,UPI,network_timeout,Kotak,14,0,0,0,0.453,0
txn_005539,335.4,Wallet,card_declined,Axis,15,6,1,0,0.583,1
txn_005540,380.39,Credit Card,insufficient_funds,Kotak,6,0,0,0,0.97,0
txn_005541,1108.92,UPI,bank_server_down,Kotak,21,0,0,0,0.709,1
txn_005542,168.36,Debit Card,card_declined,HDFC,3,2,0,1,0.614,0
txn_005543,3108.54,Wallet,network_timeout,IDFC,7,1,0,2,0.806,1
txn_005544,3507.67,UPI,card_declined,Yes Bank,6,2,0,0,0.666,1
txn_005545,118.18,Debit Card,risk_flagged,Yes Bank,1,6,1,2,0.811,0
txn_005546,1053.7,UPI,expired_card,ICICI,4,6,1,1,0.704,0
txn_005547,527.83,UPI,wrong_otp,Axis,7,1,0,1,0.489,0
txn_005548,2831.22,UPI,card_declined,Yes Bank,15,5,1,0,0.85,1
txn_005549,478.03,Credit Card,card_declined,HDFC,5,3,0,1,0.771,0
txn_005550,1270.85,UPI,insufficient_funds,Axis,18,1,0,0,0.705,0
txn_005551,351.32,Netbanking,bank_server_down,HDFC,20,3,0,2,0.756,1
txn_005552,149.75,Credit Card,insufficient_funds,IDFC,8,3,0,3,0.783,0
txn_005553,750.53,Debit Card,card_declined,Yes Bank,9,1,0,0,0.549,0
txn_005554,642.13,UPI,wrong_otp,Yes Bank,16,6,1,2,0.561,1
txn_005555,1254.13,UPI,card_declined,ICICI,8,4,0,0,0.879,0
txn_005556,1740.43,Debit Card,insufficient_funds,HDFC,13,4,0,1,0.997,0
txn_005557,3204.06,UPI,risk_flagged,ICICI,0,3,0,0,0.489,0
txn_005558,3960.69,Debit Card,network_timeout,IDFC,15,3,0,0,0.852,0
txn_005559,485.69,Credit Card,wrong_otp,IDFC,10,2,0,0,0.927,1
txn_005560,648.65,UPI,bank_server_down,Kotak,11,0,0,1,0.715,0
txn_005561,2748.68,Netbanking,insufficient_funds,ICICI,1,5,1,0,0.7,0
txn_005562,1028.62,Credit Card,card_declined,IDFC,21,2,0,0,0.948,1
txn_005563,2980.31,Credit Card,wrong_otp,Yes Bank,10,0,0,0,0.66,1
txn_005564,627.25,Debit Card,risk_flagged,HDFC,6,3,0,0,0.799,0
txn_005565,3020.24,UPI,insufficient_funds,Axis,16,6,1,1,0.676,1
txn_005566,484.27,Wallet,bank_server_down,Kotak,3,0,0,0,0.641,1
txn_005567,3025.18,Credit Card,network_timeout,ICICI,21,1,0,1,0.706,0
txn_005568,119.19,Credit Card,bank_server_down,HDFC,17,6,1,1,0.65,1
txn_005569,473.05,Netbanking,insufficient_funds,IDFC,21,0,0,0,0.822,1
txn_005570,927.27,Netbanking,card_declined,IDFC,7,2,0,2,0.89,0
txn_005571,1364.53,UPI,network_timeout,ICICI,3,3,0,0,0.555,1
txn_005572,1736.72,UPI,network_timeout,Axis,4,4,0,0,0.606,0
txn_005573,519.18,UPI,network_timeout,Yes Bank,16,5,1,0,0.956,1
txn_005574,377.2,Debit Card,insufficient_funds,HDFC,18,2,0,0,0.577,0
txn_005575,287.49,Credit Card,insufficient_funds,IDFC,7,4,0,1,0.871,0
txn_005576,296.2,UPI,card_declined,SBI,12,5,1,0,0.55,1
txn_005577,225.28,Debit Card,insufficient_funds,IDFC,14,2,0,1,0.738,0
txn_005578,970.66,UPI,insufficient_funds,Axis,12,0,0,3,0.809,0
txn_005579,521.32,UPI,risk_flagged,HDFC,14,1,0,1,0.734,0
txn_005580,3043.78,UPI,insufficient_funds,Axis,14,0,0,0,0.753,1
txn_005581,889.22,Debit Card,bank_server_down,HDFC,18,3,0,0,0.451,1
txn_005582,1167.82,Credit Card,risk_flagged,Kotak,15,0,0,1,0.672,0
txn_005583,2146.23,Debit Card,insufficient_funds,Kotak,14,6,1,0,0.595,1
txn_005584,1517.2,UPI,card_declined,Kotak,1,6,1,2,0.636,0
txn_005585,2139.79,Netbanking,risk_flagged,ICICI,21,2,0,0,0.762,0
txn_005586,1074.44,Credit Card,expired_card,Yes Bank,3,4,0,2,0.541,1
txn_005587,240.0,UPI,bank_server_down,HDFC,22,5,1,1,0.587,1
txn_005588,2875.5,UPI,risk_flagged,ICICI,1,2,0,0,0.832,0
txn_005589,330.01,Netbanking,insufficient_funds,IDFC,16,2,0,0,0.865,0
txn_005590,724.2,UPI,card_declined,Kotak,4,0,0,1,0.928,0
txn_005591,5341.18,Wallet,bank_server_down,Kotak,4,2,0,1,0.756,0
txn_005592,295.57,Debit Card,insufficient_funds,HDFC,4,6,1,0,0.763,0
txn_005593,632.62,Wallet,insufficient_funds,SBI,4,3,0,1,0.899,0
txn_005594,151.13,Debit Card,bank_server_down,SBI,18,1,0,0,0.796,1
txn_005595,600.21,UPI,insufficient_funds,IDFC,17,3,0,2,0.81,0
txn_005596,101.09,UPI,insufficient_funds,ICICI,7,1,0,1,0.817,1
txn_005597,206.5,Netbanking,network_timeout,Yes Bank,9,0,0,0,0.968,0
txn_005598,688.25,UPI,expired_card,Kotak,16,0,0,2,0.91,0
txn_005599,2909.95,Debit Card,insufficient_funds,Yes Bank,6,0,0,0,0.69,0
txn_005600,444.64,Credit Card,bank_server_down,IDFC,0,2,0,1,0.736,1
txn_005601,1662.07,UPI,network_timeout,ICICI,17,1,0,0,0.815,0
txn_005602,323.37,Netbanking,insufficient_funds,ICICI,5,0,0,0,0.724,0
txn_005603,212.72,UPI,card_declined,HDFC,19,1,0,1,0.395,1
txn_005604,675.88,UPI,insufficient_funds,ICICI,15,3,0,1,0.814,0
txn_005605,298.1,Netbanking,insufficient_funds,Kotak,14,5,1,0,0.488,0
txn_005606,74.37,UPI,insufficient_funds,Yes Bank,15,2,0,0,0.713,0
txn_005607,2666.07,Credit Card,insufficient_funds,IDFC,6,6,1,0,0.873,0
txn_005608,276.38,Debit Card,insufficient_funds,HDFC,0,5,1,0,0.443,1
txn_005609,3939.09,Credit Card,insufficient_funds,HDFC,2,5,1,0,0.888,0
txn_005610,4072.71,Credit Card,card_declined,Kotak,16,0,0,0,0.531,0
txn_005611,2648.53,UPI,card_declined,HDFC,4,0,0,2,0.839,0
txn_005612,231.23,UPI,bank_server_down,Yes Bank,14,2,0,0,0.435,1
txn_005613,741.85,Debit Card,insufficient_funds,ICICI,21,5,1,1,0.744,0
txn_005614,2309.63,UPI,card_declined,ICICI,8,4,0,0,0.542,0
txn_005615,524.04,Credit Card,card_declined,Axis,7,3,0,3,0.694,0
txn_005616,1517.9,Credit Card,network_timeout,Axis,11,5,1,1,0.657,1
txn_005617,1278.71,Credit Card,insufficient_funds,IDFC,19,6,1,1,0.679,0
txn_005618,4512.15,Credit Card,card_declined,Axis,12,3,0,1,0.714,0
txn_005619,1273.23,Debit Card,insufficient_funds,IDFC,2,6,1,3,0.829,0
txn_005620,1446.12,Credit Card,wrong_otp,Kotak,15,3,0,0,0.519,1
txn_005621,1424.83,UPI,network_timeout,Yes Bank,19,3,0,0,0.584,0
txn_005622,102.38,Credit Card,bank_server_down,Yes Bank,23,3,0,2,0.816,1
txn_005623,332.94,Debit Card,expired_card,ICICI,13,0,0,0,0.684,0
txn_005624,575.15,UPI,risk_flagged,HDFC,3,2,0,1,0.706,0
txn_005625,354.86,UPI,bank_server_down,SBI,10,3,0,0,0.8,1
txn_005626,608.59,UPI,bank_server_down,ICICI,16,3,0,1,0.536,1
txn_005627,334.8,UPI,wrong_otp,Yes Bank,13,5,1,1,0.749,0
txn_005628,250.03,UPI,insufficient_funds,IDFC,18,6,1,0,0.845,0
txn_005629,550.75,UPI,card_declined,IDFC,11,2,0,0,0.846,1
txn_005630,1616.0,Credit Card,wrong_otp,SBI,5,6,1,0,0.844,0
txn_005631,581.36,UPI,card_declined,SBI,5,6,1,1,0.534,0
txn_005632,896.31,Debit Card,card_declined,IDFC,16,2,0,0,0.824,0
txn_005633,371.78,Netbanking,network_timeout,IDFC,20,5,1,1,0.726,0
txn_005634,312.75,Netbanking,insufficient_funds,ICICI,22,0,0,1,0.549,1
txn_005635,177.76,Credit Card,insufficient_funds,IDFC,15,4,0,0,0.489,0
txn_005636,4691.32,UPI,risk_flagged,ICICI,7,2,0,0,0.753,1
txn_005637,212.22,Credit Card,insufficient_funds,HDFC,3,3,0,0,0.584,0
txn_005638,1282.76,UPI,card_declined,SBI,20,6,1,0,0.642,1
txn_005639,237.88,Credit Card,network_timeout,IDFC,15,3,0,1,0.815,0
txn_005640,476.02,Netbanking,network_timeout,HDFC,14,0,0,0,0.705,1
txn_005641,575.32,Debit Card,bank_server_down,Kotak,3,4,0,2,0.886,0
txn_005642,199.97,Debit Card,network_timeout,SBI,6,6,1,0,0.385,1
txn_005643,355.63,UPI,insufficient_funds,Yes Bank,6,1,0,1,0.524,0
txn_005644,227.17,UPI,wrong_otp,Axis,9,0,0,0,0.957,1
txn_005645,891.25,UPI,card_declined,ICICI,9,1,0,1,0.648,1
txn_005646,808.95,Netbanking,insufficient_funds,SBI,5,0,0,1,0.685,0
txn_005647,457.91,UPI,insufficient_funds,Yes Bank,7,6,1,2,0.342,0
txn_005648,373.84,UPI,bank_server_down,SBI,3,5,1,1,0.861,1
txn_005649,2184.77,Netbanking,risk_flagged,HDFC,10,6,1,1,0.435,1
txn_005650,1705.57,Credit Card,wrong_otp,ICICI,7,6,1,0,0.527,1
txn_005651,240.62,Debit Card,bank_server_down,IDFC,12,4,0,0,0.855,1
txn_005652,503.87,Credit Card,bank_server_down,HDFC,6,1,0,1,0.751,1
txn_005653,463.57,UPI,wrong_otp,Axis,16,1,0,0,0.636,0
txn_005654,1098.18,Credit Card,insufficient_funds,SBI,1,4,0,1,0.868,1
txn_005655,3001.45,UPI,bank_server_down,Kotak,1,1,0,0,0.839,0
txn_005656,4073.39,UPI,network_timeout,ICICI,17,1,0,1,0.852,1
txn_005657,1321.05,UPI,risk_flagged,Kotak,11,4,0,0,0.983,0
txn_005658,596.81,Debit Card,card_declined,Kotak,3,2,0,2,0.93,0
txn_005659,1201.72,UPI,risk_flagged,IDFC,20,3,0,2,0.707,0
txn_005660,60.9,Credit Card,wrong_otp,Axis,5,5,1,0,0.884,1
txn_005661,255.96,Debit Card,risk_flagged,SBI,8,4,0,1,0.957,0
txn_005662,292.86,UPI,risk_flagged,Yes Bank,12,1,0,1,0.543,1
txn_005663,538.18,Debit Card,network_timeout,Yes Bank,0,1,0,2,0.906,0
txn_005664,405.53,UPI,wrong_otp,Yes Bank,16,5,1,0,0.478,0
txn_005665,1270.17,Debit Card,bank_server_down,IDFC,17,3,0,2,0.746,0
txn_005666,1199.02,UPI,network_timeout,ICICI,5,4,0,1,0.757,1
txn_005667,137.37,UPI,insufficient_funds,Yes Bank,21,1,0,1,0.641,1
txn_005668,306.17,Debit Card,risk_flagged,HDFC,0,0,0,0,0.677,0
txn_005669,915.77,UPI,expired_card,HDFC,19,6,1,2,0.869,0
txn_005670,638.91,Debit Card,wrong_otp,Kotak,3,6,1,1,0.885,1
txn_005671,1537.68,Credit Card,expired_card,HDFC,12,2,0,0,0.914,0
txn_005672,581.98,UPI,card_declined,Axis,7,6,1,2,0.363,0
txn_005673,208.04,Credit Card,insufficient_funds,IDFC,4,1,0,1,0.656,1
txn_005674,1339.14,Credit Card,bank_server_down,ICICI,13,4,0,0,0.636,1
txn_005675,1495.64,Wallet,insufficient_funds,ICICI,17,4,0,3,0.927,0
txn_005676,294.57,Credit Card,expired_card,ICICI,10,2,0,2,0.543,0
txn_005677,920.59,Credit Card,expired_card,HDFC,16,5,1,0,0.671,0
txn_005678,3740.61,Credit Card,insufficient_funds,Yes Bank,20,2,0,0,0.305,0
txn_005679,859.82,Debit Card,bank_server_down,Kotak,7,2,0,1,0.397,1
txn_005680,268.97,Debit Card,card_declined,Kotak,3,3,0,0,0.459,0
txn_005681,439.35,Debit Card,bank_server_down,Axis,3,6,1,2,0.708,0
txn_005682,548.04,UPI,expired_card,ICICI,18,5,1,1,0.911,1
txn_005683,445.88,UPI,card_declined,Kotak,5,6,1,3,0.793,0
txn_005684,350.82,Wallet,bank_server_down,IDFC,22,4,0,0,0.898,1
txn_005685,1396.26,Wallet,bank_server_down,Yes Bank,20,5,1,0,0.464,1
txn_005686,269.98,UPI,wrong_otp,Kotak,18,6,1,0,0.63,1
txn_005687,969.15,Netbanking,bank_server_down,ICICI,14,2,0,0,0.767,1
txn_005688,934.74,UPI,card_declined,Kotak,8,0,0,0,0.553,0
txn_005689,680.31,Debit Card,bank_server_down,IDFC,3,1,0,0,0.542,1
txn_005690,1176.94,Debit Card,card_declined,Kotak,10,4,0,2,0.534,0
txn_005691,812.69,UPI,bank_server_down,HDFC,9,3,0,0,0.673,0
txn_005692,1443.25,Wallet,network_timeout,HDFC,0,2,0,1,0.91,1
txn_005693,1369.1,Debit Card,network_timeout,HDFC,4,5,1,1,0.795,1
txn_005694,221.09,UPI,wrong_otp,HDFC,3,3,0,1,0.888,0
txn_005695,1601.97,Netbanking,card_declined,Kotak,5,2,0,0,0.411,0
txn_005696,676.02,UPI,card_declined,Axis,11,3,0,2,0.831,1
txn_005697,1735.1,Wallet,wrong_otp,Kotak,18,5,1,0,0.824,0
txn_005698,2188.0,Credit Card,network_timeout,ICICI,3,0,0,3,0.476,0
txn_005699,1162.25,UPI,card_declined,IDFC,11,6,1,0,0.872,0
txn_005700,494.69,Netbanking,card_declined,IDFC,12,2,0,0,0.676,1
txn_005701,3783.43,UPI,bank_server_down,SBI,7,0,0,0,0.695,1
txn_005702,585.64,Credit Card,insufficient_funds,IDFC,23,3,0,0,0.688,1
txn_005703,76.2,UPI,insufficient_funds,Axis,15,2,0,2,0.919,0
txn_005704,2703.42,UPI,insufficient_funds,Kotak,17,0,0,0,0.472,0
txn_005705,429.91,UPI,bank_server_down,Yes Bank,5,0,0,1,0.648,1
txn_005706,221.29,UPI,wrong_otp,SBI,11,3,0,5,0.56,0
txn_005707,1257.87,UPI,bank_server_down,Kotak,5,0,0,1,0.779,1
txn_005708,109.56,Debit Card,wrong_otp,Axis,2,6,1,0,0.897,1
txn_005709,1090.11,UPI,network_timeout,HDFC,7,6,1,1,0.599,1
txn_005710,846.71,Credit Card,insufficient_funds,ICICI,23,3,0,2,0.699,0
txn_005711,364.62,Debit Card,risk_flagged,ICICI,15,5,1,0,0.896,1
txn_005712,423.99,UPI,bank_server_down,HDFC,3,6,1,2,0.539,0
txn_005713,67.58,UPI,card_declined,IDFC,7,4,0,2,0.521,0
txn_005714,937.2,Credit Card,bank_server_down,IDFC,4,1,0,0,0.806,0
txn_005715,1103.51,Credit Card,wrong_otp,Yes Bank,4,4,0,0,0.838,0
txn_005716,1247.84,Credit Card,network_timeout,SBI,22,2,0,2,0.691,1
txn_005717,1555.03,Credit Card,wrong_otp,Axis,1,4,0,4,0.851,0
txn_005718,433.81,UPI,insufficient_funds,SBI,8,4,0,0,0.845,0
txn_005719,305.91,UPI,network_timeout,HDFC,9,4,0,3,0.662,0
txn_005720,1518.04,Credit Card,insufficient_funds,Yes Bank,9,5,1,3,0.695,0
txn_005721,341.88,Wallet,card_declined,Kotak,2,4,0,2,0.615,0
txn_005722,1064.73,Debit Card,wrong_otp,ICICI,10,2,0,0,0.667,0
txn_005723,77.61,UPI,card_declined,IDFC,5,3,0,0,0.704,0
txn_005724,3243.64,UPI,insufficient_funds,ICICI,21,2,0,2,0.904,1
txn_005725,1193.91,UPI,card_declined,ICICI,8,4,0,0,0.415,0
txn_005726,211.15,Credit Card,insufficient_funds,HDFC,10,5,1,0,0.574,0
txn_005727,2053.68,UPI,wrong_otp,Kotak,8,4,0,0,0.713,0
txn_005728,592.54,Wallet,card_declined,Yes Bank,16,2,0,0,0.861,0
txn_005729,404.79,Debit Card,bank_server_down,Yes Bank,7,1,0,2,0.773,1
txn_005730,144.52,UPI,insufficient_funds,Kotak,19,0,0,1,0.711,1
txn_005731,746.69,UPI,insufficient_funds,ICICI,12,0,0,0,0.955,0
txn_005732,316.44,UPI,expired_card,ICICI,13,0,0,1,0.903,0
txn_005733,2987.64,Debit Card,risk_flagged,Kotak,19,6,1,2,0.818,0
txn_005734,620.03,Credit Card,card_declined,ICICI,12,4,0,1,0.757,1
txn_005735,953.11,UPI,risk_flagged,SBI,12,3,0,0,0.261,0
txn_005736,263.85,Debit Card,insufficient_funds,IDFC,3,3,0,1,0.698,0
txn_005737,1794.12,UPI,card_declined,Kotak,14,2,0,0,0.688,1
txn_005738,645.94,Credit Card,bank_server_down,Kotak,16,0,0,0,0.83,0
txn_005739,1847.49,Credit Card,bank_server_down,ICICI,17,6,1,1,0.767,1
txn_005740,464.26,UPI,wrong_otp,Kotak,4,5,1,0,0.688,0
txn_005741,2742.04,UPI,expired_card,Kotak,9,6,1,0,0.77,0
txn_005742,420.55,UPI,bank_server_down,SBI,8,2,0,0,0.606,1
txn_005743,229.02,Netbanking,card_declined,Yes Bank,17,5,1,1,0.682,1
txn_005744,3574.1,UPI,risk_flagged,Yes Bank,16,5,1,0,0.948,1
txn_005745,412.52,UPI,insufficient_funds,SBI,19,5,1,1,0.469,0
txn_005746,289.04,Netbanking,card_declined,IDFC,23,4,0,0,0.687,0
txn_005747,743.57,UPI,card_declined,Kotak,8,0,0,1,0.652,1
txn_005748,2898.86,Credit Card,bank_server_down,Yes Bank,14,4,0,1,0.8,1
txn_005749,951.42,Debit Card,card_declined,Yes Bank,21,4,0,1,0.528,1
txn_005750,369.81,Debit Card,risk_flagged,Kotak,2,4,0,2,0.413,0
txn_005751,172.7,UPI,network_timeout,Yes Bank,4,5,1,4,0.917,0
txn_005752,532.01,UPI,bank_server_down,SBI,3,2,0,2,0.739,0
txn_005753,996.25,Wallet,bank_server_down,Kotak,6,1,0,1,0.703,0
txn_005754,363.73,Wallet,card_declined,Axis,6,4,0,0,0.787,1
txn_005755,211.02,Credit Card,wrong_otp,Yes Bank,18,1,0,2,0.644,1
txn_005756,2146.99,Wallet,network_timeout,Yes Bank,4,0,0,1,0.618,1
txn_005757,5957.2,Netbanking,network_timeout,SBI,11,6,1,1,0.899,1
txn_005758,217.95,Credit Card,card_declined,Axis,8,1,0,1,0.363,1
txn_005759,346.48,UPI,wrong_otp,HDFC,22,1,0,4,0.877,0
txn_005760,117.85,UPI,card_declined,ICICI,23,2,0,3,0.588,0
txn_005761,265.49,UPI,expired_card,SBI,7,5,1,1,0.94,1
txn_005762,1003.94,Debit Card,card_declined,Kotak,1,4,0,2,0.717,0
txn_005763,957.53,Credit Card,card_declined,HDFC,22,5,1,1,0.742,0
txn_005764,3154.89,UPI,card_declined,SBI,9,3,0,1,0.967,1
txn_005765,287.31,UPI,risk_flagged,IDFC,10,4,0,1,0.738,0
txn_005766,916.34,Credit Card,insufficient_funds,Kotak,23,0,0,0,0.595,1
txn_005767,1439.1,UPI,insufficient_funds,Kotak,13,4,0,0,0.674,0
txn_005768,1956.64,Credit Card,network_timeout,SBI,15,4,0,1,0.332,0
txn_005769,633.97,Netbanking,wrong_otp,Axis,7,2,0,1,0.91,1
txn_005770,1057.38,UPI,insufficient_funds,HDFC,23,6,1,0,0.641,1
txn_005771,179.76,UPI,insufficient_funds,Yes Bank,4,0,0,1,0.981,1
txn_005772,166.82,UPI,expired_card,IDFC,5,3,0,1,0.58,0
txn_005773,1629.41,UPI,card_declined,Axis,1,0,0,0,0.79,1
txn_005774,1124.31,Netbanking,insufficient_funds,Axis,5,5,1,0,0.459,0
txn_005775,241.06,Credit Card,network_timeout,IDFC,1,6,1,0,0.877,0
txn_005776,140.7,Debit Card,card_declined,ICICI,3,5,1,2,0.851,1
txn_005777,397.88,Debit Card,network_timeout,HDFC,17,1,0,0,0.582,0
txn_005778,410.81,Debit Card,insufficient_funds,IDFC,13,5,1,0,0.837,0
txn_005779,1026.52,Debit Card,expired_card,HDFC,20,1,0,0,0.642,0
txn_005780,281.15,Netbanking,bank_server_down,Axis,20,6,1,2,0.895,1
txn_005781,112.12,Netbanking,expired_card,IDFC,12,6,1,1,0.839,0
txn_005782,1553.38,Credit Card,bank_server_down,HDFC,10,5,1,1,0.936,1
txn_005783,542.05,UPI,insufficient_funds,ICICI,23,4,0,0,0.58,0
txn_005784,336.41,Debit Card,insufficient_funds,IDFC,0,0,0,0,0.711,0
txn_005785,1994.81,Wallet,wrong_otp,Yes Bank,21,4,0,0,0.584,1
txn_005786,1398.45,Netbanking,bank_server_down,Yes Bank,23,5,1,0,0.972,1
txn_005787,621.45,Netbanking,bank_server_down,SBI,11,2,0,1,0.844,0
txn_005788,297.56,UPI,wrong_otp,Axis,21,4,0,1,0.74,1
txn_005789,426.17,Debit Card,network_timeout,HDFC,23,5,1,2,0.552,0
txn_005790,4987.44,Debit Card,bank_server_down,IDFC,16,3,0,0,0.954,0
txn_005791,2062.54,Debit Card,bank_server_down,SBI,10,5,1,0,0.593,0
txn_005792,1510.99,Credit Card,wrong_otp,Yes Bank,1,4,0,2,0.768,1
txn_005793,633.55,UPI,expired_card,Axis,19,4,0,1,0.594,0
txn_005794,368.28,Credit Card,network_timeout,Axis,2,5,1,1,0.863,0
txn_005795,4027.32,UPI,insufficient_funds,HDFC,18,2,0,1,0.806,0
txn_005796,310.83,UPI,risk_flagged,Yes Bank,1,5,1,0,0.664,0
txn_005797,785.57,UPI,wrong_otp,SBI,19,3,0,0,0.704,1
txn_005798,567.35,Credit Card,insufficient_funds,Yes Bank,13,2,0,0,0.764,1
txn_005799,447.14,UPI,insufficient_funds,SBI,12,5,1,1,0.854,0
txn_005800,1800.05,Debit Card,expired_card,Yes Bank,0,0,0,0,0.797,0
txn_005801,602.95,UPI,network_timeout,Yes Bank,16,1,0,1,0.748,1
txn_005802,313.92,Debit Card,network_timeout,Yes Bank,12,4,0,0,0.709,0
txn_005803,643.57,UPI,insufficient_funds,IDFC,17,1,0,1,0.952,1
txn_005804,1887.49,Debit Card,network_timeout,ICICI,16,4,0,2,0.606,1
txn_005805,2134.72,UPI,risk_flagged,HDFC,1,0,0,0,0.682,0
txn_005806,734.04,Credit Card,card_declined,HDFC,19,4,0,0,0.84,0
txn_005807,6601.2,Netbanking,network_timeout,Kotak,6,2,0,0,0.757,1
txn_005808,80.28,Debit Card,risk_flagged,Axis,22,1,0,0,0.814,0
txn_005809,166.74,UPI,insufficient_funds,SBI,19,2,0,0,0.983,1
txn_005810,2367.5,Netbanking,network_timeout,Yes Bank,6,2,0,0,0.987,0
txn_005811,1463.95,Debit Card,bank_server_down,HDFC,10,2,0,1,0.485,0
txn_005812,1265.5,Debit Card,network_timeout,Axis,23,6,1,1,0.632,1
txn_005813,256.94,UPI,card_declined,Kotak,15,0,0,2,0.895,0
txn_005814,646.53,UPI,wrong_otp,Axis,16,0,0,2,0.763,0
txn_005815,1138.07,Netbanking,card_declined,ICICI,21,4,0,2,0.778,1
txn_005816,1358.0,Credit Card,network_timeout,HDFC,13,5,1,0,0.877,1
txn_005817,151.45,UPI,bank_server_down,HDFC,17,6,1,2,0.787,0
txn_005818,690.5,Netbanking,insufficient_funds,IDFC,17,1,0,0,0.471,0
txn_005819,492.67,Wallet,insufficient_funds,SBI,2,6,1,2,0.865,0
txn_005820,1482.8,Credit Card,card_declined,HDFC,20,1,0,0,0.703,0
txn_005821,1686.71,UPI,card_declined,ICICI,16,0,0,1,0.663,0
txn_005822,183.09,Wallet,bank_server_down,Axis,8,5,1,2,0.5,0
txn_005823,6907.59,UPI,network_timeout,HDFC,15,4,0,1,0.824,1
txn_005824,341.5,Credit Card,network_timeout,IDFC,23,6,1,0,0.404,0
txn_005825,1245.37,UPI,wrong_otp,Yes Bank,15,6,1,0,0.654,0
txn_005826,451.58,Credit Card,insufficient_funds,IDFC,4,6,1,3,0.819,0
txn_005827,392.23,UPI,wrong_otp,Kotak,10,1,0,1,0.923,0
txn_005828,1856.16,Wallet,expired_card,Yes Bank,4,2,0,0,0.944,0
txn_005829,1133.49,Credit Card,wrong_otp,IDFC,22,1,0,1,0.702,0
txn_005830,200.91,Wallet,bank_server_down,HDFC,19,0,0,0,0.829,0
txn_005831,1328.96,Credit Card,bank_server_down,Kotak,15,0,0,0,0.713,0
txn_005832,927.42,Credit Card,wrong_otp,ICICI,19,4,0,1,0.674,0
txn_005833,6198.86,Wallet,network_timeout,SBI,21,3,0,0,0.743,1
txn_005834,148.05,UPI,network_timeout,IDFC,7,0,0,1,0.771,0
txn_005835,777.23,Debit Card,bank_server_down,ICICI,5,3,0,1,0.873,1
txn_005836,606.2,UPI,card_declined,HDFC,19,3,0,0,0.625,0
txn_005837,174.73,UPI,bank_server_down,Axis,4,3,0,1,0.933,1
txn_005838,288.45,UPI,bank_server_down,HDFC,4,1,0,1,0.813,1
txn_005839,281.6,Credit Card,card_declined,IDFC,18,3,0,1,0.732,0
txn_005840,3697.88,UPI,insufficient_funds,ICICI,11,2,0,0,0.657,1
txn_005841,2235.82,Credit Card,insufficient_funds,Axis,3,4,0,0,0.626,0
txn_005842,291.77,Debit Card,card_declined,SBI,3,0,0,1,0.732,0
txn_005843,883.77,Netbanking,network_timeout,SBI,15,2,0,0,0.643,1
txn_005844,230.89,Debit Card,wrong_otp,HDFC,11,1,0,1,0.732,0
txn_005845,391.81,Credit Card,network_timeout,ICICI,9,6,1,2,0.911,1
txn_005846,573.19,Credit Card,wrong_otp,ICICI,5,5,1,0,0.662,0
txn_005847,808.91,Credit Card,network_timeout,Yes Bank,9,6,1,0,0.795,1
txn_005848,214.17,Credit Card,card_declined,Kotak,21,2,0,1,0.944,1
txn_005849,2198.39,UPI,network_timeout,HDFC,10,3,0,0,0.763,1
txn_005850,1018.24,UPI,network_timeout,IDFC,12,1,0,0,0.71,1
txn_005851,3025.19,UPI,card_declined,SBI,15,0,0,0,0.463,0
txn_005852,378.36,UPI,insufficient_funds,Kotak,13,0,0,1,0.745,0
txn_005853,402.86,UPI,network_timeout,SBI,7,6,1,0,0.815,0
txn_005854,544.26,Debit Card,bank_server_down,Kotak,4,2,0,1,0.677,0
txn_005855,637.13,UPI,insufficient_funds,Axis,13,0,0,0,0.706,0
txn_005856,2166.26,UPI,insufficient_funds,Yes Bank,9,3,0,1,0.774,0
txn_005857,286.57,Debit Card,bank_server_down,IDFC,2,2,0,1,0.806,1
txn_005858,274.74,UPI,card_declined,Axis,10,5,1,0,0.609,0
txn_005859,3235.89,UPI,insufficient_funds,IDFC,8,5,1,0,0.94,0
txn_005860,854.65,Credit Card,insufficient_funds,Axis,9,5,1,2,0.888,0
txn_005861,1459.79,UPI,insufficient_funds,ICICI,17,4,0,0,0.939,0
txn_005862,475.92,UPI,insufficient_funds,ICICI,1,1,0,1,0.931,1
txn_005863,384.11,UPI,expired_card,IDFC,6,3,0,1,0.409,0
txn_005864,311.59,UPI,bank_server_down,IDFC,3,0,0,1,0.871,1
txn_005865,879.7,Debit Card,insufficient_funds,ICICI,20,6,1,1,0.828,0
txn_005866,328.92,UPI,bank_server_down,Yes Bank,23,2,0,1,0.588,1
txn_005867,561.77,Credit Card,wrong_otp,ICICI,2,6,1,2,0.642,0
txn_005868,434.63,Credit Card,network_timeout,IDFC,17,5,1,0,0.548,1
txn_005869,1888.61,Credit Card,bank_server_down,IDFC,23,0,0,0,0.789,0
txn_005870,363.83,Credit Card,risk_flagged,IDFC,9,3,0,0,0.509,0
txn_005871,356.53,UPI,card_declined,ICICI,22,2,0,1,0.351,0
txn_005872,1073.03,Debit Card,bank_server_down,ICICI,18,4,0,0,0.76,1
txn_005873,277.05,UPI,network_timeout,SBI,9,5,1,2,0.87,0
txn_005874,393.21,Netbanking,card_declined,Axis,15,1,0,2,0.882,0
txn_005875,425.3,UPI,bank_server_down,Axis,7,2,0,0,0.957,1
txn_005876,374.37,Netbanking,bank_server_down,Axis,8,3,0,1,0.731,1
txn_005877,60.11,UPI,card_declined,SBI,14,1,0,1,0.882,1
txn_005878,1381.94,UPI,wrong_otp,SBI,8,0,0,1,0.619,1
txn_005879,428.88,Wallet,bank_server_down,ICICI,3,2,0,3,0.53,0
txn_005880,401.43,Credit Card,insufficient_funds,HDFC,20,5,1,1,0.617,1
txn_005881,880.1,Credit Card,card_declined,IDFC,19,6,1,0,0.746,1
txn_005882,292.85,Debit Card,insufficient_funds,Yes Bank,23,4,0,0,0.797,1
txn_005883,657.82,Credit Card,bank_server_down,HDFC,17,6,1,1,0.68,1
txn_005884,1460.61,UPI,wrong_otp,IDFC,23,3,0,3,0.739,1
txn_005885,203.37,Credit Card,bank_server_down,Kotak,22,6,1,0,0.948,1
txn_005886,1157.08,Debit Card,wrong_otp,Axis,5,5,1,1,0.557,0
txn_005887,3171.51,Credit Card,insufficient_funds,Axis,19,2,0,0,0.424,0
txn_005888,887.89,UPI,insufficient_funds,Axis,12,2,0,0,0.788,0
txn_005889,623.51,Credit Card,card_declined,HDFC,11,4,0,1,0.697,0
txn_005890,933.98,UPI,network_timeout,ICICI,4,0,0,1,0.897,1
txn_005891,1525.62,UPI,wrong_otp,Axis,13,3,0,0,0.633,1
txn_005892,184.37,Credit Card,bank_server_down,Axis,8,1,0,2,0.528,0
txn_005893,283.57,Wallet,card_declined,ICICI,3,3,0,2,0.904,0
txn_005894,2075.16,Credit Card,bank_server_down,SBI,7,3,0,2,0.81,0
txn_005895,723.85,Debit Card,card_declined,HDFC,11,2,0,0,0.685,0
txn_005896,902.97,Credit Card,wrong_otp,Yes Bank,11,0,0,1,0.798,1
txn_005897,837.27,UPI,insufficient_funds,HDFC,9,6,1,0,0.942,0
txn_005898,152.25,Debit Card,card_declined,SBI,14,2,0,0,0.573,1
txn_005899,80.14,UPI,wrong_otp,ICICI,1,4,0,2,0.861,0
txn_005900,1916.0,UPI,card_declined,HDFC,3,5,1,3,0.941,1
txn_005901,783.15,UPI,bank_server_down,IDFC,11,0,0,1,0.57,1
txn_005902,1397.88,UPI,wrong_otp,Axis,10,5,1,0,0.705,1
txn_005903,237.01,Debit Card,insufficient_funds,HDFC,15,6,1,0,0.716,1
txn_005904,494.63,UPI,bank_server_down,SBI,3,6,1,1,0.667,0
txn_005905,2825.75,UPI,network_timeout,Axis,21,4,0,2,0.702,1
txn_005906,639.2,Debit Card,network_timeout,ICICI,13,0,0,2,0.722,0
txn_005907,297.5,UPI,insufficient_funds,IDFC,8,5,1,0,0.99,1
txn_005908,153.44,Debit Card,card_declined,HDFC,13,2,0,1,0.738,0
txn_005909,3972.82,UPI,insufficient_funds,Yes Bank,7,5,1,0,0.56,0
txn_005910,934.7,Credit Card,card_declined,Axis,7,1,0,1,0.826,1
txn_005911,1696.34,Debit Card,card_declined,Yes Bank,19,5,1,1,0.374,0
txn_005912,2433.43,Credit Card,network_timeout,ICICI,12,2,0,0,0.677,1
txn_005913,2903.32,UPI,bank_server_down,HDFC,9,5,1,2,0.571,1
txn_005914,555.88,UPI,insufficient_funds,ICICI,14,6,1,1,0.857,1
txn_005915,6354.36,UPI,network_timeout,SBI,9,1,0,0,0.871,1
txn_005916,1310.77,Credit Card,risk_flagged,IDFC,11,2,0,1,0.905,0
txn_005917,1189.83,UPI,bank_server_down,ICICI,6,5,1,0,0.418,1
txn_005918,991.92,UPI,network_timeout,IDFC,10,5,1,0,0.543,1
txn_005919,1576.32,UPI,bank_server_down,IDFC,22,6,1,1,0.494,1
txn_005920,1341.14,UPI,network_timeout,IDFC,5,4,0,0,0.897,1
txn_005921,599.44,UPI,bank_server_down,Kotak,11,1,0,0,0.636,0
txn_005922,2186.82,Credit Card,wrong_otp,Axis,23,4,0,0,0.906,0
txn_005923,166.72,Credit Card,risk_flagged,Yes Bank,8,1,0,0,0.787,0
txn_005924,1204.77,Netbanking,insufficient_funds,ICICI,19,2,0,1,0.759,1
txn_005925,808.05,Credit Card,insufficient_funds,Kotak,8,3,0,2,0.653,0
txn_005926,246.67,Credit Card,bank_server_down,Yes Bank,1,0,0,2,0.864,1
txn_005927,492.24,Credit Card,network_timeout,SBI,20,6,1,0,0.902,1
txn_005928,2764.7,UPI,insufficient_funds,Kotak,1,6,1,2,0.77,1
txn_005929,262.5,Credit Card,expired_card,Kotak,16,0,0,1,0.83,1
txn_005930,2223.4,UPI,card_declined,Axis,21,4,0,0,0.603,1
txn_005931,1299.18,UPI,insufficient_funds,HDFC,2,4,0,1,0.927,0
txn_005932,796.18,Credit Card,card_declined,IDFC,6,1,0,0,0.63,0
txn_005933,192.03,UPI,network_timeout,HDFC,15,6,1,0,0.75,0
txn_005934,748.59,UPI,card_declined,Kotak,12,3,0,0,0.912,1
txn_005935,391.18,Netbanking,risk_flagged,HDFC,11,2,0,0,0.716,0
txn_005936,961.35,UPI,bank_server_down,ICICI,7,0,0,1,0.553,1
txn_005937,556.18,Credit Card,network_timeout,ICICI,18,5,1,0,0.342,1
txn_005938,804.27,UPI,risk_flagged,HDFC,15,1,0,0,0.694,1
txn_005939,247.37,UPI,wrong_otp,Axis,5,4,0,0,0.584,0
txn_005940,261.71,Debit Card,insufficient_funds,IDFC,22,5,1,2,0.925,0
txn_005941,314.02,Debit Card,insufficient_funds,ICICI,8,3,0,2,0.93,0
txn_005942,1086.08,UPI,expired_card,Kotak,3,3,0,0,0.994,1
txn_005943,1382.62,UPI,wrong_otp,ICICI,22,2,0,0,0.382,1
txn_005944,263.78,Credit Card,card_declined,SBI,18,3,0,1,0.529,0
txn_005945,299.49,Debit Card,insufficient_funds,HDFC,16,5,1,0,0.861,1
txn_005946,488.65,UPI,card_declined,HDFC,15,6,1,0,0.554,1
txn_005947,1066.78,UPI,risk_flagged,IDFC,6,1,0,0,0.871,1
txn_005948,239.56,Debit Card,wrong_otp,ICICI,12,1,0,2,0.487,0
txn_005949,1341.78,Debit Card,network_timeout,ICICI,21,5,1,0,0.614,1
txn_005950,1169.84,Netbanking,wrong_otp,Yes Bank,2,4,0,0,0.81,0
txn_005951,1656.36,UPI,network_timeout,Yes Bank,20,4,0,1,0.825,0
txn_005952,1134.93,Credit Card,bank_server_down,ICICI,23,4,0,1,0.645,0
txn_005953,159.97,Netbanking,card_declined,HDFC,19,1,0,1,0.901,1
txn_005954,740.97,Debit Card,bank_server_down,SBI,15,0,0,2,0.354,1
txn_005955,989.64,Debit Card,expired_card,HDFC,17,3,0,0,0.959,0
txn_005956,626.87,Credit Card,bank_server_down,SBI,2,3,0,1,0.481,0
txn_005957,767.94,Wallet,wrong_otp,Yes Bank,1,5,1,1,0.927,0
txn_005958,160.67,UPI,insufficient_funds,ICICI,12,2,0,0,0.586,1
txn_005959,259.97,Wallet,insufficient_funds,Yes Bank,22,4,0,1,0.458,0
txn_005960,2234.41,UPI,risk_flagged,SBI,4,5,1,0,0.515,0
txn_005961,532.18,UPI,insufficient_funds,Kotak,8,6,1,2,0.8,0
txn_005962,354.65,Netbanking,card_declined,SBI,9,0,0,0,0.493,0
txn_005963,252.11,Debit Card,card_declined,IDFC,19,4,0,0,0.839,1
txn_005964,533.7,UPI,network_timeout,ICICI,5,3,0,0,0.919,1
txn_005965,865.56,Netbanking,bank_server_down,Yes Bank,18,2,0,0,0.274,1
txn_005966,2286.89,UPI,insufficient_funds,ICICI,2,5,1,1,0.689,0
txn_005967,740.69,Credit Card,wrong_otp,ICICI,23,5,1,1,0.429,0
txn_005968,798.01,Credit Card,network_timeout,IDFC,1,0,0,1,0.891,1
txn_005969,1553.99,UPI,wrong_otp,IDFC,5,1,0,0,0.82,1
txn_005970,1932.58,UPI,network_timeout,IDFC,11,3,0,0,0.899,0
txn_005971,1346.19,Wallet,bank_server_down,Yes Bank,11,3,0,2,0.822,1
txn_005972,1595.48,Credit Card,risk_flagged,Axis,5,3,0,0,0.839,0
txn_005973,321.7,UPI,network_timeout,HDFC,1,5,1,0,0.935,0
txn_005974,3869.73,Credit Card,card_declined,Axis,10,5,1,1,0.88,0
txn_005975,174.62,Debit Card,network_timeout,HDFC,16,3,0,0,0.749,1
txn_005976,1405.65,UPI,insufficient_funds,ICICI,2,0,0,0,0.713,0
txn_005977,516.14,Debit Card,network_timeout,Kotak,12,5,1,1,0.846,1
txn_005978,287.04,UPI,wrong_otp,Kotak,6,1,0,0,0.865,1
txn_005979,331.37,Netbanking,insufficient_funds,Axis,6,5,1,1,0.954,0
txn_005980,1733.4,Netbanking,bank_server_down,IDFC,23,1,0,2,0.738,0
txn_005981,382.14,Credit Card,card_declined,HDFC,19,0,0,0,0.676,0
txn_005982,147.37,Credit Card,insufficient_funds,Kotak,2,5,1,1,0.879,1
txn_005983,1225.83,Debit Card,card_declined,Yes Bank,7,1,0,0,0.783,1
txn_005984,171.71,UPI,bank_server_down,Axis,22,5,1,1,0.727,0
txn_005985,1410.84,Netbanking,insufficient_funds,Axis,4,1,0,1,0.631,0
txn_005986,320.21,Netbanking,card_declined,Yes Bank,1,4,0,2,0.875,0
txn_005987,801.22,UPI,bank_server_down,SBI,21,0,0,1,0.976,1
txn_005988,1394.68,UPI,card_declined,Kotak,4,6,1,2,0.866,0
txn_005989,595.57,UPI,insufficient_funds,SBI,0,0,0,1,0.688,1
txn_005990,501.79,Wallet,network_timeout,Axis,6,5,1,2,0.637,0
txn_005991,341.06,Wallet,network_timeout,Kotak,8,5,1,1,0.83,1
txn_005992,160.54,UPI,network_timeout,Axis,21,1,0,0,0.642,1
txn_005993,393.62,Debit Card,network_timeout,HDFC,14,4,0,1,0.71,0
txn_005994,1689.07,UPI,expired_card,IDFC,11,3,0,1,0.844,0
txn_005995,9318.84,Netbanking,bank_server_down,IDFC,8,0,0,2,0.791,1
txn_005996,1081.74,Debit Card,wrong_otp,SBI,17,4,0,0,0.614,1
txn_005997,2765.68,UPI,card_declined,Yes Bank,1,2,0,0,0.61,0
txn_005998,3655.46,UPI,insufficient_funds,IDFC,0,3,0,1,0.736,1
txn_005999,1633.85,UPI,insufficient_funds,Yes Bank,0,3,0,0,0.558,0
txn_006000,256.86,Credit Card,network_timeout,Yes Bank,0,5,1,0,0.519,0
txn_006001,625.79,Debit Card,bank_server_down,IDFC,21,0,0,0,0.676,1
txn_006002,869.46,Netbanking,insufficient_funds,ICICI,5,1,0,0,0.871,1
txn_006003,1202.16,UPI,bank_server_down,IDFC,11,6,1,3,0.487,0
txn_006004,581.62,UPI,wrong_otp,IDFC,1,6,1,0,0.922,0
txn_006005,6297.16,Netbanking,wrong_otp,Kotak,11,6,1,0,0.485,0
txn_006006,1726.37,Debit Card,bank_server_down,HDFC,23,3,0,1,0.833,0
txn_006007,4595.59,UPI,insufficient_funds,Kotak,15,0,0,2,0.402,0
txn_006008,596.54,UPI,risk_flagged,ICICI,10,5,1,0,0.853,1
txn_006009,3147.43,Credit Card,card_declined,Axis,10,3,0,0,0.73,0
txn_006010,1035.36,UPI,network_timeout,ICICI,11,6,1,0,0.79,1
txn_006011,747.22,UPI,wrong_otp,ICICI,10,0,0,0,0.804,0
txn_006012,362.54,UPI,bank_server_down,Yes Bank,14,2,0,0,0.376,1
txn_006013,365.94,Debit Card,network_timeout,Axis,4,6,1,1,0.789,1
txn_006014,1976.79,Debit Card,expired_card,Yes Bank,1,2,0,1,0.746,0
txn_006015,732.68,UPI,bank_server_down,SBI,22,3,0,1,0.685,1
txn_006016,1442.16,Credit Card,card_declined,Axis,11,2,0,0,0.952,1
txn_006017,740.41,Debit Card,risk_flagged,HDFC,10,0,0,0,0.876,0
txn_006018,370.99,UPI,network_timeout,Yes Bank,23,6,1,0,0.969,0
txn_006019,1970.41,UPI,wrong_otp,ICICI,18,6,1,0,0.444,0
txn_006020,7069.08,Credit Card,bank_server_down,ICICI,20,3,0,0,0.941,1
txn_006021,2093.7,UPI,network_timeout,Axis,0,3,0,0,0.74,1
txn_006022,201.26,Netbanking,wrong_otp,IDFC,4,5,1,1,0.407,0
txn_006023,872.49,UPI,insufficient_funds,Axis,4,0,0,2,0.459,0
txn_006024,1826.76,Netbanking,network_timeout,Kotak,14,5,1,0,0.633,0
txn_006025,1504.77,UPI,network_timeout,SBI,11,1,0,1,0.495,1
txn_006026,555.62,UPI,insufficient_funds,ICICI,4,0,0,0,0.764,0
txn_006027,2624.71,UPI,wrong_otp,ICICI,5,3,0,0,0.746,0
txn_006028,5379.35,Credit Card,card_declined,IDFC,19,4,0,1,0.956,0
txn_006029,1194.72,Debit Card,bank_server_down,SBI,4,4,0,2,0.576,0
txn_006030,1567.71,UPI,insufficient_funds,IDFC,10,0,0,0,0.632,1
txn_006031,469.76,Credit Card,bank_server_down,Axis,12,6,1,0,0.812,1
txn_006032,4050.76,Debit Card,wrong_otp,Axis,19,4,0,0,0.675,1
txn_006033,1026.53,Credit Card,insufficient_funds,Yes Bank,10,5,1,1,0.93,1
txn_006034,4096.85,Debit Card,network_timeout,Kotak,13,1,0,2,0.821,0
txn_006035,407.44,UPI,insufficient_funds,Yes Bank,14,5,1,0,0.717,1
txn_006036,755.28,Credit Card,wrong_otp,ICICI,4,4,0,1,0.656,1
txn_006037,16150.43,Debit Card,bank_server_down,HDFC,18,3,0,0,0.859,1
txn_006038,591.85,Netbanking,insufficient_funds,Kotak,16,5,1,1,0.863,0
txn_006039,602.02,UPI,card_declined,Kotak,10,6,1,2,0.729,0
txn_006040,342.27,Debit Card,bank_server_down,IDFC,20,6,1,0,0.715,1
txn_006041,621.91,UPI,wrong_otp,HDFC,23,0,0,2,0.801,1
txn_006042,3300.49,UPI,risk_flagged,ICICI,1,6,1,0,0.776,0
txn_006043,543.33,UPI,risk_flagged,Yes Bank,0,1,0,1,0.504,1
txn_006044,593.73,UPI,card_declined,SBI,9,4,0,2,0.854,0
txn_006045,2255.13,UPI,card_declined,Kotak,13,6,1,1,0.823,0
txn_006046,640.08,UPI,card_declined,HDFC,3,1,0,1,0.917,1
txn_006047,667.67,Credit Card,insufficient_funds,SBI,22,5,1,1,0.832,0
txn_006048,349.15,Debit Card,bank_server_down,HDFC,18,4,0,0,0.93,1
txn_006049,932.62,UPI,network_timeout,SBI,6,5,1,0,0.836,1
txn_006050,64.26,UPI,insufficient_funds,SBI,0,2,0,0,0.944,0
txn_006051,6171.7,UPI,card_declined,ICICI,14,4,0,0,0.683,1
txn_006052,1534.1,Credit Card,bank_server_down,Yes Bank,16,4,0,0,0.794,0
txn_006053,264.85,Debit Card,card_declined,IDFC,1,5,1,1,0.574,0
txn_006054,864.17,Debit Card,network_timeout,IDFC,14,5,1,0,0.68,1
txn_006055,1913.96,UPI,bank_server_down,HDFC,8,3,0,2,0.491,0
txn_006056,255.47,Debit Card,wrong_otp,Yes Bank,7,0,0,1,0.589,0
txn_006057,448.03,UPI,wrong_otp,ICICI,3,3,0,0,0.921,0
txn_006058,782.74,Credit Card,card_declined,HDFC,6,5,1,3,0.697,0
txn_006059,209.82,UPI,card_declined,HDFC,7,3,0,0,0.963,1
txn_006060,432.41,UPI,network_timeout,IDFC,10,5,1,0,0.698,1
txn_006061,1609.94,Debit Card,insufficient_funds,SBI,1,0,0,1,0.689,0
txn_006062,2082.87,UPI,risk_flagged,Axis,13,3,0,0,0.926,0
txn_006063,197.5,UPI,bank_server_down,IDFC,17,1,0,1,0.692,1
txn_006064,570.97,UPI,risk_flagged,Axis,9,0,0,0,0.874,0
txn_006065,510.17,Netbanking,bank_server_down,ICICI,19,5,1,0,0.882,1
txn_006066,1089.94,Credit Card,network_timeout,ICICI,14,3,0,1,0.398,1
txn_006067,691.87,UPI,insufficient_funds,Kotak,8,5,1,1,0.591,1
txn_006068,508.69,Credit Card,insufficient_funds,IDFC,21,2,0,0,0.706,0
txn_006069,1495.82,Debit Card,bank_server_down,Kotak,11,0,0,1,0.675,0
txn_006070,234.07,Debit Card,insufficient_funds,Kotak,5,4,0,1,0.679,0
txn_006071,1048.15,Wallet,insufficient_funds,ICICI,8,5,1,2,0.711,0
txn_006072,1651.19,Credit Card,insufficient_funds,HDFC,10,1,0,0,0.642,0
txn_006073,156.66,Netbanking,insufficient_funds,HDFC,1,5,1,1,0.786,1
txn_006074,359.6,Wallet,bank_server_down,Kotak,14,6,1,2,0.89,1
txn_006075,1143.2,UPI,insufficient_funds,Kotak,17,1,0,1,0.689,1
txn_006076,403.4,Credit Card,bank_server_down,SBI,18,1,0,1,0.788,0
txn_006077,250.63,Wallet,insufficient_funds,IDFC,4,6,1,3,0.788,0
txn_006078,423.36,UPI,bank_server_down,IDFC,4,6,1,4,0.428,1
txn_006079,257.03,Debit Card,insufficient_funds,SBI,15,5,1,1,0.76,0
txn_006080,343.29,Credit Card,network_timeout,ICICI,23,6,1,1,0.849,0
txn_006081,637.87,UPI,insufficient_funds,Kotak,11,1,0,1,0.825,0
txn_006082,1234.92,Netbanking,bank_server_down,ICICI,16,3,0,0,0.849,1
txn_006083,1703.57,Credit Card,card_declined,Kotak,20,6,1,0,0.927,1
txn_006084,304.84,UPI,card_declined,HDFC,15,2,0,0,0.697,1
txn_006085,646.81,Wallet,insufficient_funds,Yes Bank,7,4,0,1,0.906,1
txn_006086,677.42,UPI,network_timeout,HDFC,0,6,1,1,0.869,1
txn_006087,385.92,Debit Card,network_timeout,Axis,18,3,0,0,0.765,0
txn_006088,107.13,UPI,bank_server_down,HDFC,5,5,1,2,0.621,1
txn_006089,1357.67,Wallet,risk_flagged,IDFC,5,2,0,3,0.784,0
txn_006090,725.84,Netbanking,bank_server_down,ICICI,0,3,0,1,0.92,1
txn_006091,1469.92,Credit Card,insufficient_funds,Axis,9,1,0,0,0.471,0
txn_006092,1204.67,Credit Card,insufficient_funds,HDFC,14,1,0,0,0.814,0
txn_006093,911.78,Debit Card,bank_server_down,Axis,11,6,1,0,0.867,0
txn_006094,71.81,Netbanking,card_declined,ICICI,0,2,0,0,0.551,0
txn_006095,3283.08,UPI,card_declined,Yes Bank,14,3,0,1,0.519,1
txn_006096,174.06,UPI,expired_card,Yes Bank,0,3,0,2,0.746,0
txn_006097,351.39,UPI,wrong_otp,Kotak,5,0,0,2,0.905,0
txn_006098,382.99,UPI,wrong_otp,Kotak,21,1,0,0,0.751,0
txn_006099,2152.47,Wallet,insufficient_funds,ICICI,9,0,0,0,0.696,0
txn_006100,73.18,Wallet,bank_server_down,Axis,9,6,1,2,0.844,1
txn_006101,1577.6,Debit Card,card_declined,SBI,5,5,1,0,0.983,1
txn_006102,1464.96,Credit Card,bank_server_down,HDFC,13,6,1,1,0.884,1
txn_006103,1084.4,Netbanking,wrong_otp,SBI,18,5,1,0,0.655,1
txn_006104,600.32,UPI,network_timeout,Kotak,15,3,0,1,0.802,1
txn_006105,624.51,UPI,insufficient_funds,Kotak,16,5,1,0,0.766,1
txn_006106,790.36,Debit Card,bank_server_down,HDFC,21,5,1,1,0.731,0
txn_006107,144.1,Credit Card,wrong_otp,Kotak,1,3,0,2,0.649,0
txn_006108,107.66,Netbanking,insufficient_funds,SBI,11,0,0,1,0.879,0
txn_006109,1026.51,Credit Card,wrong_otp,HDFC,4,0,0,1,0.845,1
txn_006110,140.56,Debit Card,card_declined,Axis,7,2,0,1,0.789,1
txn_006111,336.68,UPI,network_timeout,SBI,23,2,0,0,0.582,0
txn_006112,1209.78,Debit Card,bank_server_down,Yes Bank,21,5,1,2,0.674,0
txn_006113,300.15,Debit Card,wrong_otp,IDFC,12,4,0,1,0.981,0
txn_006114,686.86,UPI,expired_card,Kotak,16,1,0,0,0.532,0
txn_006115,519.3,Debit Card,insufficient_funds,HDFC,2,6,1,1,0.76,0
txn_006116,853.95,Credit Card,wrong_otp,Kotak,11,3,0,1,0.707,0
txn_006117,304.07,UPI,network_timeout,Kotak,15,1,0,0,0.707,0
txn_006118,235.62,Wallet,bank_server_down,Axis,14,5,1,2,0.905,0
txn_006119,1637.19,Wallet,network_timeout,SBI,16,3,0,1,0.688,1
txn_006120,1020.16,UPI,risk_flagged,Yes Bank,11,1,0,0,0.694,1
txn_006121,643.82,UPI,wrong_otp,ICICI,16,6,1,1,0.849,1
txn_006122,1719.61,UPI,risk_flagged,HDFC,15,2,0,1,0.729,1
txn_006123,1255.87,Netbanking,card_declined,Yes Bank,6,4,0,0,0.85,1
txn_006124,899.0,Debit Card,risk_flagged,ICICI,4,2,0,0,0.862,0
txn_006125,347.01,UPI,insufficient_funds,Kotak,15,1,0,1,0.661,1
txn_006126,154.59,Debit Card,insufficient_funds,Axis,2,4,0,1,0.373,0
txn_006127,1315.9,Debit Card,risk_flagged,Kotak,4,1,0,0,0.437,0
txn_006128,3901.1,UPI,bank_server_down,Axis,21,5,1,0,0.937,0
txn_006129,1362.4,UPI,bank_server_down,Kotak,0,3,0,0,0.766,1
txn_006130,488.26,Credit Card,expired_card,Axis,8,4,0,0,0.624,0
txn_006131,1531.04,UPI,network_timeout,ICICI,22,4,0,2,0.864,0
txn_006132,544.09,Credit Card,insufficient_funds,IDFC,17,4,0,2,0.752,0
txn_006133,575.01,Wallet,card_declined,HDFC,14,5,1,1,0.894,1
txn_006134,644.33,UPI,bank_server_down,IDFC,15,4,0,1,0.721,1
txn_006135,1088.76,Netbanking,insufficient_funds,IDFC,0,4,0,0,0.67,0
txn_006136,1073.72,UPI,risk_flagged,HDFC,2,1,0,0,0.841,0
txn_006137,1892.04,UPI,risk_flagged,Kotak,10,5,1,0,0.796,0
txn_006138,239.52,UPI,insufficient_funds,ICICI,14,6,1,1,0.29,0
txn_006139,165.57,Debit Card,card_declined,ICICI,15,5,1,1,0.762,1
txn_006140,577.5,Debit Card,insufficient_funds,Yes Bank,11,6,1,1,0.586,1
txn_006141,984.84,Debit Card,card_declined,HDFC,14,4,0,2,0.673,1
txn_006142,476.33,Wallet,bank_server_down,Axis,14,5,1,2,0.779,1
txn_006143,290.21,Wallet,network_timeout,SBI,2,4,0,1,0.811,0
txn_006144,3143.01,Credit Card,expired_card,IDFC,21,2,0,1,0.839,0
txn_006145,1823.5,Credit Card,network_timeout,Kotak,3,2,0,0,0.77,0
txn_006146,1218.05,UPI,bank_server_down,SBI,1,0,0,1,0.609,1
txn_006147,1199.03,Wallet,wrong_otp,IDFC,8,1,0,1,0.824,0
txn_006148,194.59,Debit Card,bank_server_down,HDFC,17,4,0,2,0.679,0
txn_006149,706.13,UPI,insufficient_funds,Yes Bank,16,0,0,0,0.531,0
txn_006150,275.8,Debit Card,card_declined,HDFC,6,1,0,1,0.64,0
txn_006151,698.37,UPI,card_declined,SBI,22,0,0,1,0.623,0
txn_006152,1494.86,Debit Card,insufficient_funds,IDFC,9,6,1,1,0.852,0
txn_006153,1203.29,Netbanking,card_declined,Yes Bank,8,3,0,0,0.591,0
txn_006154,1435.71,Debit Card,card_declined,Axis,11,2,0,1,0.736,1
txn_006155,1559.65,UPI,network_timeout,Kotak,1,5,1,1,0.681,1
txn_006156,228.17,UPI,network_timeout,ICICI,8,1,0,0,0.895,1
txn_006157,1476.23,Wallet,card_declined,ICICI,21,0,0,1,0.454,1
txn_006158,2998.15,UPI,bank_server_down,Yes Bank,23,4,0,0,0.833,1
txn_006159,215.01,Debit Card,network_timeout,IDFC,12,5,1,0,0.898,0
txn_006160,571.16,UPI,card_declined,IDFC,22,2,0,0,0.555,0
txn_006161,418.82,UPI,network_timeout,IDFC,11,2,0,0,0.915,0
txn_006162,1363.62,UPI,expired_card,Yes Bank,6,4,0,0,0.545,0
txn_006163,387.0,UPI,insufficient_funds,HDFC,17,4,0,1,0.475,0
txn_006164,251.3,UPI,card_declined,IDFC,6,2,0,0,0.958,0
txn_006165,82.38,Credit Card,wrong_otp,HDFC,23,2,0,0,0.841,0
txn_006166,1330.73,UPI,network_timeout,IDFC,14,2,0,0,0.628,1
txn_006167,160.79,Debit Card,insufficient_funds,HDFC,5,4,0,3,0.802,0
txn_006168,1708.06,UPI,insufficient_funds,SBI,11,6,1,0,0.6,0
txn_006169,405.61,UPI,insufficient_funds,Yes Bank,5,4,0,1,0.958,1
txn_006170,1317.87,Netbanking,wrong_otp,IDFC,1,2,0,0,0.788,0
txn_006171,859.81,Netbanking,expired_card,HDFC,0,5,1,0,0.801,0
txn_006172,985.26,Credit Card,insufficient_funds,Kotak,3,0,0,0,0.952,0
txn_006173,3047.49,Wallet,network_timeout,ICICI,0,6,1,1,0.778,1
txn_006174,251.99,Credit Card,bank_server_down,Axis,13,6,1,0,0.62,1
txn_006175,416.91,UPI,insufficient_funds,Kotak,12,1,0,1,0.721,0
txn_006176,677.08,UPI,insufficient_funds,Kotak,14,5,1,1,0.96,0
txn_006177,1051.29,Debit Card,insufficient_funds,IDFC,9,3,0,1,0.914,0
txn_006178,1886.14,Debit Card,wrong_otp,SBI,9,6,1,0,0.538,1
txn_006179,396.07,UPI,bank_server_down,Kotak,11,2,0,0,0.849,1
txn_006180,1177.4,UPI,insufficient_funds,HDFC,5,4,0,0,0.562,0
txn_006181,3256.42,Netbanking,insufficient_funds,Kotak,23,5,1,2,0.417,0
txn_006182,600.29,UPI,wrong_otp,Yes Bank,9,0,0,1,0.742,0
txn_006183,183.03,Credit Card,risk_flagged,IDFC,0,5,1,0,0.642,0
txn_006184,692.07,Wallet,risk_flagged,HDFC,10,4,0,1,0.455,0
txn_006185,1358.59,UPI,card_declined,Yes Bank,15,4,0,0,0.77,1
txn_006186,566.63,Debit Card,network_timeout,HDFC,4,3,0,0,0.558,0
txn_006187,1468.78,Debit Card,insufficient_funds,Yes Bank,7,4,0,1,0.45,0
txn_006188,138.56,UPI,expired_card,Kotak,5,3,0,1,0.727,0
txn_006189,2471.55,UPI,bank_server_down,Kotak,1,1,0,0,0.466,1
txn_006190,550.29,Credit Card,network_timeout,Yes Bank,6,3,0,1,0.907,0
txn_006191,300.5,Credit Card,card_declined,ICICI,19,5,1,2,0.697,0
txn_006192,108.08,UPI,expired_card,HDFC,0,0,0,3,0.705,0
txn_006193,576.51,Credit Card,insufficient_funds,Kotak,4,1,0,1,0.79,0
txn_006194,1721.36,Credit Card,expired_card,SBI,19,6,1,0,0.777,0
txn_006195,527.76,UPI,insufficient_funds,Yes Bank,1,1,0,1,0.5,1
txn_006196,2451.31,UPI,network_timeout,Kotak,13,5,1,0,0.955,0
txn_006197,509.67,Debit Card,bank_server_down,Axis,10,4,0,0,0.884,0
txn_006198,326.08,UPI,network_timeout,SBI,8,1,0,0,0.525,1
txn_006199,346.82,UPI,bank_server_down,ICICI,12,1,0,0,0.813,1
txn_006200,161.49,UPI,bank_server_down,Yes Bank,3,0,0,0,0.821,0
txn_006201,458.7,UPI,network_timeout,SBI,15,2,0,2,0.794,0
txn_006202,228.51,UPI,bank_server_down,HDFC,20,4,0,0,0.745,0
txn_006203,666.65,UPI,wrong_otp,ICICI,15,6,1,1,0.943,0
txn_006204,4129.5,Debit Card,card_declined,ICICI,2,1,0,1,0.656,0
txn_006205,719.79,UPI,network_timeout,SBI,13,5,1,0,0.345,0
txn_006206,177.25,Debit Card,wrong_otp,Axis,13,3,0,0,0.818,1
txn_006207,147.93,UPI,insufficient_funds,Axis,17,1,0,0,0.633,0
txn_006208,113.76,Credit Card,wrong_otp,ICICI,8,3,0,1,0.687,1
txn_006209,719.41,Netbanking,bank_server_down,SBI,0,3,0,0,0.605,0
txn_006210,292.38,Credit Card,network_timeout,IDFC,14,6,1,0,0.944,1
txn_006211,854.98,UPI,bank_server_down,Kotak,13,1,0,0,0.624,1
txn_006212,311.1,Debit Card,bank_server_down,HDFC,18,0,0,1,0.591,1
txn_006213,385.74,Debit Card,risk_flagged,Axis,3,3,0,0,0.896,0
txn_006214,249.56,Credit Card,network_timeout,Axis,8,6,1,0,0.469,1
txn_006215,203.88,UPI,network_timeout,Yes Bank,18,6,1,0,0.672,1
txn_006216,135.63,Debit Card,insufficient_funds,Yes Bank,0,2,0,1,0.771,0
txn_006217,307.35,Credit Card,insufficient_funds,IDFC,13,4,0,2,0.688,0
txn_006218,160.23,Netbanking,insufficient_funds,HDFC,5,6,1,2,0.806,0
txn_006219,2521.71,Debit Card,network_timeout,Kotak,13,4,0,2,0.909,0
txn_006220,1744.19,UPI,bank_server_down,Yes Bank,4,5,1,1,0.767,1
txn_006221,454.25,UPI,insufficient_funds,IDFC,8,1,0,1,0.708,0
txn_006222,1765.26,Debit Card,insufficient_funds,Kotak,6,4,0,0,0.815,0
txn_006223,338.81,Debit Card,card_declined,IDFC,5,6,1,3,0.83,0
txn_006224,430.44,UPI,risk_flagged,SBI,14,0,0,0,0.5,0
txn_006225,172.04,UPI,card_declined,Kotak,20,0,0,1,0.654,0
txn_006226,256.46,UPI,insufficient_funds,ICICI,15,1,0,0,0.708,1
txn_006227,2846.58,Netbanking,card_declined,Axis,3,6,1,0,0.934,0
txn_006228,566.04,Credit Card,bank_server_down,ICICI,13,1,0,1,0.678,0
txn_006229,450.92,Credit Card,bank_server_down,SBI,22,4,0,1,0.668,0
txn_006230,3431.68,Credit Card,wrong_otp,Kotak,4,4,0,1,0.592,0
txn_006231,58.05,UPI,bank_server_down,Yes Bank,13,6,1,0,0.721,1
txn_006232,387.89,UPI,wrong_otp,SBI,12,5,1,0,0.554,1
txn_006233,1623.79,UPI,network_timeout,IDFC,19,4,0,1,0.845,1
txn_006234,1730.17,UPI,wrong_otp,SBI,9,0,0,0,0.848,0
txn_006235,2592.33,UPI,expired_card,Kotak,6,1,0,0,0.64,0
txn_006236,453.48,Netbanking,insufficient_funds,ICICI,12,2,0,0,0.853,1
txn_006237,1462.92,UPI,insufficient_funds,HDFC,10,2,0,0,0.417,0
txn_006238,179.89,UPI,insufficient_funds,Kotak,6,5,1,0,0.924,1
txn_006239,938.04,Debit Card,bank_server_down,Yes Bank,5,6,1,1,0.609,1
txn_006240,2834.22,Wallet,expired_card,HDFC,9,0,0,0,0.584,0
txn_006241,1207.5,Netbanking,insufficient_funds,ICICI,16,3,0,1,0.612,1
txn_006242,1252.96,UPI,insufficient_funds,Kotak,5,2,0,0,0.628,1
txn_006243,2794.22,Credit Card,insufficient_funds,ICICI,8,4,0,1,0.93,0
txn_006244,520.84,Debit Card,bank_server_down,Kotak,10,6,1,0,0.785,1
txn_006245,1818.83,UPI,bank_server_down,Axis,3,2,0,0,0.466,0
txn_006246,3423.4,Netbanking,insufficient_funds,IDFC,20,2,0,1,0.539,0
txn_006247,1412.4,Debit Card,risk_flagged,ICICI,19,0,0,1,0.661,0
txn_006248,1855.67,Credit Card,bank_server_down,HDFC,3,1,0,0,0.587,1
txn_006249,262.66,Credit Card,expired_card,Kotak,14,4,0,0,0.617,0
txn_006250,1612.81,UPI,network_timeout,Yes Bank,22,6,1,2,0.52,0
txn_006251,201.59,UPI,wrong_otp,SBI,4,0,0,0,0.943,1
txn_006252,924.59,Credit Card,wrong_otp,Yes Bank,15,1,0,0,0.626,1
txn_006253,366.49,Credit Card,card_declined,ICICI,6,3,0,0,0.782,1
txn_006254,2248.66,UPI,insufficient_funds,IDFC,21,0,0,1,0.684,0
txn_006255,345.15,UPI,network_timeout,SBI,8,3,0,1,0.215,1
txn_006256,1744.19,Credit Card,risk_flagged,HDFC,18,5,1,1,0.967,0
txn_006257,234.9,Debit Card,insufficient_funds,Yes Bank,10,1,0,0,0.801,0
txn_006258,1978.91,UPI,wrong_otp,HDFC,2,3,0,0,0.907,0
txn_006259,126.62,Credit Card,insufficient_funds,Yes Bank,11,0,0,1,0.488,1
txn_006260,2022.42,UPI,card_declined,IDFC,10,5,1,1,0.871,1
txn_006261,1033.33,Netbanking,bank_server_down,ICICI,10,2,0,0,0.938,1
txn_006262,209.02,Wallet,card_declined,SBI,14,2,0,0,0.589,0
txn_006263,997.4,UPI,insufficient_funds,HDFC,7,1,0,0,0.76,0
txn_006264,552.35,Debit Card,insufficient_funds,HDFC,14,4,0,0,0.473,0
txn_006265,626.83,UPI,insufficient_funds,ICICI,10,4,0,0,0.565,0
txn_006266,579.05,Debit Card,risk_flagged,IDFC,23,1,0,1,0.873,0
txn_006267,1135.1,UPI,card_declined,Axis,2,5,1,1,0.765,0
txn_006268,927.24,UPI,card_declined,IDFC,11,3,0,0,0.646,1
txn_006269,187.98,Wallet,network_timeout,SBI,16,6,1,0,0.787,0
txn_006270,700.81,Credit Card,insufficient_funds,Axis,14,6,1,0,0.88,0
txn_006271,699.81,Credit Card,insufficient_funds,SBI,14,5,1,0,0.584,1
txn_006272,664.87,UPI,risk_flagged,Yes Bank,8,1,0,1,0.973,0
txn_006273,778.95,Netbanking,insufficient_funds,Axis,13,1,0,0,0.65,0
txn_006274,1998.35,Credit Card,wrong_otp,SBI,20,3,0,1,0.895,0
txn_006275,304.03,UPI,wrong_otp,IDFC,20,0,0,1,0.951,0
txn_006276,233.5,Debit Card,insufficient_funds,SBI,10,1,0,2,0.654,0
txn_006277,453.37,UPI,insufficient_funds,IDFC,11,0,0,1,0.876,1
txn_006278,8214.39,UPI,card_declined,SBI,16,4,0,1,0.655,0
txn_006279,919.32,UPI,bank_server_down,Axis,21,2,0,0,0.961,1
txn_006280,275.92,Wallet,network_timeout,Axis,1,1,0,1,0.762,0
txn_006281,2856.9,UPI,bank_server_down,ICICI,21,6,1,0,0.795,1
txn_006282,1158.12,Credit Card,insufficient_funds,HDFC,19,0,0,1,0.841,0
txn_006283,1187.83,UPI,insufficient_funds,SBI,9,1,0,1,0.692,1
txn_006284,178.89,Debit Card,wrong_otp,IDFC,3,4,0,0,0.494,1
txn_006285,322.91,UPI,bank_server_down,Yes Bank,18,5,1,1,0.793,0
txn_006286,487.17,Netbanking,risk_flagged,Yes Bank,10,1,0,0,0.859,0
txn_006287,3857.71,UPI,insufficient_funds,Kotak,6,5,1,2,0.766,1
txn_006288,151.79,Credit Card,network_timeout,Yes Bank,1,3,0,0,0.492,1
txn_006289,1462.63,Credit Card,expired_card,IDFC,6,6,1,0,0.882,1
txn_006290,1311.69,Debit Card,card_declined,ICICI,15,3,0,0,0.491,0
txn_006291,1151.24,Debit Card,bank_server_down,SBI,20,0,0,0,0.747,1
txn_006292,1425.29,UPI,card_declined,IDFC,13,3,0,3,0.866,0
txn_006293,1238.34,UPI,bank_server_down,ICICI,1,4,0,2,0.741,0
txn_006294,853.53,UPI,bank_server_down,SBI,1,4,0,4,0.594,1
txn_006295,923.08,UPI,card_declined,Yes Bank,23,1,0,1,0.563,1
txn_006296,1268.11,UPI,bank_server_down,Kotak,11,6,1,1,0.738,1
txn_006297,579.45,Debit Card,risk_flagged,HDFC,2,4,0,0,0.903,1
txn_006298,5096.35,Credit Card,network_timeout,SBI,3,5,1,1,0.497,1
txn_006299,2701.75,Wallet,card_declined,HDFC,10,1,0,1,0.467,0
txn_006300,722.24,Debit Card,card_declined,ICICI,0,2,0,2,0.522,1
txn_006301,77.65,Credit Card,network_timeout,SBI,18,0,0,1,0.874,1
txn_006302,3088.97,Credit Card,network_timeout,Yes Bank,2,1,0,0,0.629,1
txn_006303,609.9,Credit Card,card_declined,ICICI,21,0,0,0,0.774,1
txn_006304,1039.82,Debit Card,network_timeout,Axis,12,2,0,0,0.691,0
txn_006305,772.73,Credit Card,bank_server_down,IDFC,9,0,0,1,0.708,0
txn_006306,513.29,Credit Card,bank_server_down,HDFC,17,4,0,0,0.765,1
txn_006307,377.56,UPI,network_timeout,IDFC,4,6,1,0,0.692,1
txn_006308,1089.59,Credit Card,insufficient_funds,Axis,4,2,0,0,0.366,0
txn_006309,290.35,Credit Card,card_declined,HDFC,21,2,0,2,0.779,0
txn_006310,1731.15,UPI,bank_server_down,HDFC,5,3,0,0,0.98,1
txn_006311,935.7,UPI,network_timeout,Yes Bank,2,1,0,2,0.743,0
txn_006312,492.1,Credit Card,bank_server_down,IDFC,13,1,0,0,0.794,1
txn_006313,496.52,UPI,network_timeout,ICICI,16,6,1,3,0.828,0
txn_006314,515.94,Debit Card,insufficient_funds,HDFC,12,3,0,0,0.551,0
txn_006315,2751.49,Credit Card,insufficient_funds,IDFC,2,6,1,0,0.911,0
txn_006316,904.7,UPI,risk_flagged,SBI,8,1,0,1,0.802,1
txn_006317,227.72,UPI,risk_flagged,IDFC,10,6,1,1,0.828,0
txn_006318,443.14,Debit Card,insufficient_funds,Yes Bank,8,2,0,0,0.524,0
txn_006319,833.0,Credit Card,card_declined,Kotak,14,4,0,0,0.776,1
txn_006320,628.54,Debit Card,insufficient_funds,IDFC,8,0,0,1,0.574,0
txn_006321,335.47,Netbanking,bank_server_down,HDFC,5,4,0,1,0.816,1
txn_006322,1300.27,UPI,card_declined,SBI,20,1,0,0,0.264,1
txn_006323,474.0,UPI,bank_server_down,Kotak,10,0,0,0,0.755,1
txn_006324,1248.95,UPI,wrong_otp,Axis,21,0,0,0,0.992,0
txn_006325,167.97,Debit Card,wrong_otp,HDFC,22,4,0,1,0.732,1
txn_006326,536.18,UPI,bank_server_down,ICICI,13,2,0,2,0.867,1
txn_006327,744.92,Debit Card,bank_server_down,SBI,6,4,0,0,0.842,1
txn_006328,1289.1,Credit Card,insufficient_funds,IDFC,3,0,0,2,0.866,0
txn_006329,1112.39,Debit Card,bank_server_down,SBI,23,6,1,1,0.583,1
txn_006330,860.68,UPI,insufficient_funds,Kotak,23,0,0,0,0.771,0
txn_006331,71.28,Netbanking,network_timeout,Kotak,15,3,0,0,0.85,1
txn_006332,453.97,Debit Card,insufficient_funds,HDFC,5,0,0,2,0.719,0
txn_006333,1406.89,Credit Card,risk_flagged,IDFC,2,0,0,2,0.412,0
txn_006334,217.52,UPI,network_timeout,Axis,2,4,0,0,0.797,0
txn_006335,1291.38,Debit Card,bank_server_down,ICICI,10,2,0,1,0.841,1
txn_006336,349.07,UPI,network_timeout,ICICI,22,4,0,0,0.879,1
txn_006337,1754.76,UPI,bank_server_down,IDFC,11,4,0,1,0.863,1
txn_006338,1577.95,UPI,network_timeout,SBI,17,1,0,0,0.817,1
txn_006339,255.2,UPI,insufficient_funds,Yes Bank,5,3,0,0,0.797,0
txn_006340,1208.5,UPI,expired_card,SBI,21,0,0,1,0.872,0
txn_006341,213.58,Wallet,insufficient_funds,ICICI,10,6,1,0,0.601,0
txn_006342,628.33,UPI,insufficient_funds,Axis,21,2,0,2,0.585,0
txn_006343,787.21,Netbanking,insufficient_funds,Yes Bank,6,6,1,0,0.564,0
txn_006344,1138.86,Debit Card,insufficient_funds,IDFC,15,4,0,0,0.405,0
txn_006345,390.03,Debit Card,expired_card,Kotak,21,1,0,2,0.789,0
txn_006346,360.43,Netbanking,network_timeout,Axis,17,3,0,1,0.852,1
txn_006347,297.76,Debit Card,bank_server_down,HDFC,5,0,0,1,0.594,0
txn_006348,493.07,UPI,bank_server_down,IDFC,19,4,0,0,0.84,1
txn_006349,341.5,UPI,expired_card,HDFC,20,4,0,0,0.711,0
txn_006350,343.67,Debit Card,network_timeout,Kotak,4,6,1,1,0.661,1
txn_006351,1278.4,UPI,bank_server_down,IDFC,17,2,0,0,0.87,1
txn_006352,1144.16,Debit Card,bank_server_down,SBI,6,4,0,0,0.981,1
txn_006353,531.81,UPI,wrong_otp,Kotak,5,1,0,0,0.465,0
txn_006354,299.87,UPI,insufficient_funds,ICICI,9,2,0,0,0.85,1
txn_006355,900.11,UPI,expired_card,HDFC,8,0,0,0,0.759,0
txn_006356,304.9,UPI,card_declined,SBI,15,1,0,1,0.663,0
txn_006357,1235.13,Credit Card,bank_server_down,Axis,2,0,0,2,0.838,0
txn_006358,7769.42,UPI,insufficient_funds,ICICI,18,3,0,1,0.869,0
txn_006359,1721.14,UPI,network_timeout,Yes Bank,1,5,1,1,0.743,0
txn_006360,637.65,Debit Card,bank_server_down,ICICI,19,2,0,1,0.587,1
txn_006361,2451.3,Credit Card,wrong_otp,Yes Bank,22,2,0,1,0.625,1
txn_006362,1846.05,Credit Card,bank_server_down,Axis,17,4,0,0,0.777,1
txn_006363,556.67,UPI,card_declined,HDFC,19,6,1,0,0.706,0
txn_006364,2628.41,Wallet,bank_server_down,Axis,20,4,0,2,0.957,0
txn_006365,412.92,Debit Card,wrong_otp,Yes Bank,10,6,1,0,0.37,0
txn_006366,1235.77,UPI,insufficient_funds,Axis,22,1,0,2,0.824,0
txn_006367,510.07,Debit Card,expired_card,IDFC,4,1,0,1,0.739,0
txn_006368,1463.19,Credit Card,insufficient_funds,SBI,6,0,0,1,0.895,1
txn_006369,51.64,Debit Card,expired_card,SBI,15,3,0,3,0.857,0
txn_006370,1297.89,UPI,insufficient_funds,HDFC,18,0,0,2,0.669,1
txn_006371,168.63,Netbanking,wrong_otp,HDFC,20,3,0,1,0.763,1
txn_006372,779.15,Wallet,network_timeout,Axis,2,6,1,1,0.436,0
txn_006373,887.22,UPI,risk_flagged,Yes Bank,20,3,0,0,0.873,0
txn_006374,265.06,UPI,bank_server_down,Axis,0,4,0,0,0.677,0
txn_006375,1756.22,Netbanking,bank_server_down,IDFC,7,0,0,0,0.546,1
txn_006376,627.95,Debit Card,card_declined,SBI,11,3,0,0,0.571,0
txn_006377,170.94,Credit Card,insufficient_funds,Yes Bank,20,1,0,1,0.912,0
txn_006378,803.43,Credit Card,network_timeout,SBI,5,2,0,1,0.931,1
txn_006379,968.52,UPI,card_declined,Yes Bank,16,5,1,0,0.854,0
txn_006380,1304.59,Netbanking,card_declined,HDFC,16,1,0,1,0.552,0
txn_006381,323.82,UPI,wrong_otp,HDFC,11,5,1,1,0.753,0
txn_006382,433.0,Credit Card,bank_server_down,ICICI,11,3,0,2,0.652,1
txn_006383,1169.42,Credit Card,network_timeout,IDFC,0,0,0,0,0.66,1
txn_006384,3454.48,Credit Card,insufficient_funds,IDFC,14,4,0,0,0.685,0
txn_006385,642.18,Credit Card,wrong_otp,IDFC,21,5,1,0,0.74,0
txn_006386,589.24,UPI,insufficient_funds,Axis,21,2,0,1,0.784,1
txn_006387,2249.59,UPI,risk_flagged,Yes Bank,5,5,1,1,0.753,0
txn_006388,177.53,UPI,network_timeout,Axis,16,0,0,0,0.616,1
txn_006389,148.85,UPI,insufficient_funds,HDFC,8,4,0,1,0.589,0
txn_006390,2083.81,UPI,network_timeout,HDFC,6,0,0,1,0.944,1
txn_006391,84.94,UPI,insufficient_funds,ICICI,14,1,0,0,0.692,0
txn_006392,1400.02,UPI,network_timeout,Kotak,3,4,0,0,0.825,1
txn_006393,322.0,Netbanking,bank_server_down,IDFC,12,2,0,1,0.72,1
txn_006394,556.04,UPI,insufficient_funds,Axis,11,1,0,0,0.934,0
txn_006395,245.22,Debit Card,bank_server_down,Yes Bank,0,1,0,0,0.87,1
txn_006396,80.66,UPI,insufficient_funds,HDFC,22,2,0,1,0.94,0
txn_006397,2046.2,UPI,bank_server_down,ICICI,1,0,0,0,0.709,0
txn_006398,813.68,Debit Card,card_declined,Kotak,22,4,0,0,0.465,1
txn_006399,740.22,Netbanking,risk_flagged,Axis,22,5,1,0,0.652,0
txn_006400,2892.12,UPI,bank_server_down,IDFC,10,2,0,0,0.607,1
txn_006401,381.51,UPI,risk_flagged,Kotak,15,6,1,3,0.73,0
txn_006402,319.25,Debit Card,network_timeout,Axis,6,2,0,0,0.543,1
txn_006403,327.86,UPI,bank_server_down,IDFC,15,6,1,0,0.639,1
txn_006404,2238.32,Credit Card,wrong_otp,Axis,2,2,0,1,0.733,1
txn_006405,4036.77,Credit Card,bank_server_down,SBI,16,6,1,0,0.587,1
txn_006406,1675.82,UPI,insufficient_funds,Yes Bank,13,1,0,0,0.796,0
txn_006407,440.68,Debit Card,wrong_otp,Axis,21,2,0,3,0.798,0
txn_006408,1466.5,UPI,bank_server_down,HDFC,17,0,0,1,0.851,1
txn_006409,114.86,UPI,wrong_otp,ICICI,3,2,0,0,0.932,1
txn_006410,989.67,UPI,insufficient_funds,HDFC,9,0,0,0,0.776,0
txn_006411,1997.75,Credit Card,wrong_otp,HDFC,14,0,0,0,0.833,0
txn_006412,1257.5,UPI,wrong_otp,Yes Bank,13,0,0,0,0.441,0
txn_006413,1861.72,UPI,insufficient_funds,ICICI,6,6,1,0,0.638,0
txn_006414,1117.04,UPI,bank_server_down,Kotak,1,3,0,2,0.837,0
txn_006415,818.71,UPI,wrong_otp,Axis,17,5,1,2,0.923,1
txn_006416,508.99,UPI,network_timeout,SBI,7,6,1,3,0.942,0
txn_006417,619.57,UPI,insufficient_funds,Yes Bank,22,5,1,0,0.833,1
txn_006418,1532.34,UPI,bank_server_down,SBI,1,5,1,2,0.799,1
txn_006419,170.58,Credit Card,risk_flagged,SBI,13,0,0,1,0.901,0
txn_006420,335.93,UPI,insufficient_funds,HDFC,22,1,0,2,0.861,1
txn_006421,822.02,UPI,card_declined,Axis,15,3,0,0,0.887,0
txn_006422,4118.86,UPI,insufficient_funds,IDFC,20,1,0,0,0.884,0
txn_006423,884.29,Debit Card,bank_server_down,Kotak,0,0,0,0,0.681,1
txn_006424,365.22,UPI,network_timeout,HDFC,8,3,0,1,0.784,0
txn_006425,2186.8,UPI,bank_server_down,HDFC,4,5,1,2,0.586,0
txn_006426,883.65,Credit Card,bank_server_down,ICICI,9,3,0,0,0.925,1
txn_006427,546.65,Debit Card,bank_server_down,Kotak,10,3,0,2,0.497,1
txn_006428,3575.74,Debit Card,network_timeout,SBI,14,6,1,0,0.593,0
txn_006429,453.13,Credit Card,bank_server_down,SBI,11,5,1,0,0.756,1
txn_006430,95.14,Debit Card,insufficient_funds,SBI,4,4,0,1,0.341,0
txn_006431,512.01,Debit Card,risk_flagged,HDFC,10,4,0,1,0.36,0
txn_006432,623.59,Debit Card,insufficient_funds,HDFC,21,4,0,0,0.417,0
txn_006433,398.3,UPI,wrong_otp,HDFC,8,6,1,0,0.361,1
txn_006434,1075.67,UPI,card_declined,HDFC,21,4,0,0,0.689,0
txn_006435,419.83,Netbanking,card_declined,ICICI,7,6,1,1,0.568,0
txn_006436,301.83,Debit Card,bank_server_down,SBI,2,5,1,1,0.867,0
txn_006437,969.16,Debit Card,bank_server_down,Axis,8,0,0,0,0.776,1
txn_006438,624.42,UPI,insufficient_funds,Yes Bank,4,3,0,1,0.858,0
txn_006439,223.11,Credit Card,insufficient_funds,Kotak,11,6,1,0,0.541,0
txn_006440,835.85,Debit Card,card_declined,HDFC,7,2,0,0,0.867,0
txn_006441,6244.11,UPI,expired_card,IDFC,9,3,0,0,0.767,1
txn_006442,1161.33,UPI,insufficient_funds,Kotak,23,3,0,0,0.842,1
txn_006443,383.86,Netbanking,card_declined,ICICI,23,1,0,0,0.957,0
txn_006444,602.9,UPI,expired_card,Axis,7,5,1,2,0.698,0
txn_006445,1779.16,Netbanking,card_declined,Kotak,7,2,0,0,0.656,1
txn_006446,374.66,Netbanking,insufficient_funds,ICICI,20,2,0,2,0.39,0
txn_006447,530.93,UPI,insufficient_funds,Kotak,3,0,0,1,0.369,1
txn_006448,301.84,Credit Card,card_declined,Axis,12,6,1,2,0.603,1
txn_006449,444.29,UPI,wrong_otp,ICICI,17,1,0,1,0.602,1
txn_006450,98.78,UPI,card_declined,HDFC,6,5,1,0,0.883,1
txn_006451,1142.48,Wallet,insufficient_funds,Kotak,11,0,0,0,0.863,1
txn_006452,674.08,Netbanking,wrong_otp,Kotak,19,5,1,1,0.584,0
txn_006453,912.87,Credit Card,insufficient_funds,Yes Bank,23,1,0,1,0.631,0
txn_006454,673.71,Netbanking,risk_flagged,Axis,7,0,0,1,0.829,0
txn_006455,405.59,Debit Card,insufficient_funds,Yes Bank,15,1,0,0,0.874,1
txn_006456,244.02,UPI,network_timeout,Axis,11,2,0,0,0.572,1
txn_006457,422.46,UPI,insufficient_funds,HDFC,9,4,0,0,0.826,0
txn_006458,136.3,UPI,card_declined,Axis,0,4,0,1,0.598,1
txn_006459,558.09,UPI,card_declined,IDFC,15,3,0,0,0.873,1
txn_006460,3945.09,UPI,insufficient_funds,IDFC,14,2,0,0,0.949,0
txn_006461,58.09,UPI,expired_card,Yes Bank,17,0,0,1,0.445,0
txn_006462,1102.85,Wallet,card_declined,Yes Bank,17,5,1,1,0.653,1
txn_006463,2023.44,Wallet,bank_server_down,IDFC,13,5,1,0,0.577,0
txn_006464,272.75,Netbanking,network_timeout,HDFC,9,1,0,1,0.638,1
txn_006465,1017.41,Debit Card,insufficient_funds,HDFC,18,6,1,1,0.792,0
txn_006466,330.55,UPI,wrong_otp,Yes Bank,9,2,0,0,0.414,1
txn_006467,266.32,UPI,bank_server_down,Yes Bank,15,4,0,1,0.874,1
txn_006468,3620.95,Debit Card,expired_card,HDFC,9,5,1,0,0.583,0
txn_006469,446.13,UPI,bank_server_down,Yes Bank,17,5,1,0,0.959,0
txn_006470,315.35,UPI,card_declined,Axis,21,2,0,2,0.708,0
txn_006471,760.31,Credit Card,card_declined,SBI,3,0,0,1,0.902,0
txn_006472,1408.03,Netbanking,insufficient_funds,IDFC,17,1,0,1,0.737,0
txn_006473,8356.28,UPI,insufficient_funds,Axis,11,5,1,0,0.723,0
txn_006474,716.82,Netbanking,wrong_otp,HDFC,23,4,0,0,0.783,1
txn_006475,2409.31,UPI,card_declined,HDFC,3,3,0,0,0.833,0
txn_006476,1191.92,UPI,wrong_otp,SBI,21,0,0,2,0.751,0
txn_006477,608.74,Netbanking,bank_server_down,Yes Bank,6,0,0,0,0.838,1
txn_006478,907.9,UPI,insufficient_funds,SBI,13,2,0,0,0.379,0
txn_006479,653.42,UPI,risk_flagged,ICICI,7,4,0,1,0.741,0
txn_006480,991.35,UPI,bank_server_down,IDFC,21,4,0,1,0.837,1
txn_006481,139.78,UPI,card_declined,Axis,19,3,0,2,0.879,0
txn_006482,1009.11,Netbanking,card_declined,ICICI,21,5,1,2,0.436,0
txn_006483,1916.87,Credit Card,bank_server_down,HDFC,22,0,0,1,0.759,1
txn_006484,7947.48,UPI,network_timeout,Axis,8,4,0,0,0.885,1
txn_006485,767.25,UPI,expired_card,HDFC,23,0,0,1,0.724,0
txn_006486,1316.14,UPI,insufficient_funds,Yes Bank,14,4,0,0,0.934,0
txn_006487,1529.06,Debit Card,bank_server_down,Yes Bank,15,0,0,0,0.461,1
txn_006488,1666.13,Netbanking,network_timeout,HDFC,15,4,0,0,0.552,1
txn_006489,1650.74,Credit Card,card_declined,SBI,18,0,0,0,0.802,1
txn_006490,104.27,Debit Card,network_timeout,SBI,10,5,1,0,0.599,1
txn_006491,3084.39,Credit Card,wrong_otp,Yes Bank,8,0,0,0,0.92,0
txn_006492,692.92,UPI,insufficient_funds,Axis,14,5,1,1,0.415,1
txn_006493,208.87,Credit Card,card_declined,ICICI,7,2,0,0,0.812,1
txn_006494,129.76,UPI,bank_server_down,IDFC,16,4,0,0,0.807,1
txn_006495,146.23,UPI,network_timeout,ICICI,8,6,1,0,0.537,1
txn_006496,568.19,UPI,insufficient_funds,Kotak,5,2,0,1,0.549,1
txn_006497,1482.31,UPI,wrong_otp,IDFC,2,4,0,0,0.66,1
txn_006498,497.18,Debit Card,bank_server_down,Kotak,20,1,0,0,0.813,1
txn_006499,597.27,UPI,card_declined,HDFC,20,1,0,0,0.788,1
txn_006500,570.94,Credit Card,insufficient_funds,ICICI,0,1,0,3,0.978,0
txn_006501,2899.61,UPI,insufficient_funds,IDFC,15,5,1,0,0.729,1
txn_006502,1093.8,Netbanking,expired_card,ICICI,10,1,0,0,0.83,0
txn_006503,950.53,UPI,wrong_otp,HDFC,23,0,0,0,0.432,0
txn_006504,1181.56,UPI,insufficient_funds,Kotak,16,3,0,1,0.575,1
txn_006505,568.1,Credit Card,card_declined,Axis,14,1,0,1,0.79,0
txn_006506,2154.11,UPI,wrong_otp,Kotak,8,2,0,0,0.671,0
txn_006507,48.91,Credit Card,bank_server_down,SBI,8,5,1,0,0.931,1
txn_006508,506.19,UPI,card_declined,Kotak,14,4,0,3,0.477,0
txn_006509,731.26,Credit Card,card_declined,IDFC,22,4,0,0,0.923,0
txn_006510,174.27,Debit Card,network_timeout,ICICI,17,3,0,1,0.795,1
txn_006511,310.44,UPI,bank_server_down,IDFC,1,1,0,0,0.869,0
txn_006512,729.25,Debit Card,network_timeout,Axis,17,0,0,1,0.605,1
txn_006513,4483.67,UPI,bank_server_down,ICICI,22,0,0,1,0.696,1
txn_006514,294.93,Credit Card,network_timeout,Axis,14,4,0,0,0.632,1
txn_006515,1083.17,Debit Card,bank_server_down,Yes Bank,18,2,0,2,0.891,1
txn_006516,761.64,UPI,bank_server_down,ICICI,11,5,1,0,0.403,0
txn_006517,82.42,UPI,insufficient_funds,Yes Bank,2,3,0,1,0.646,0
txn_006518,362.81,Credit Card,insufficient_funds,HDFC,6,6,1,0,0.721,0
txn_006519,2139.65,UPI,risk_flagged,ICICI,21,6,1,0,0.702,1
txn_006520,2631.57,UPI,bank_server_down,Yes Bank,18,4,0,0,0.505,1
txn_006521,282.26,Debit Card,insufficient_funds,HDFC,6,3,0,1,0.578,0
txn_006522,4530.0,Credit Card,insufficient_funds,Axis,0,3,0,1,0.929,1
txn_006523,2186.13,UPI,wrong_otp,SBI,13,6,1,0,0.593,0
txn_006524,2054.81,Netbanking,insufficient_funds,Yes Bank,11,6,1,1,0.899,0
txn_006525,866.32,UPI,network_timeout,IDFC,0,2,0,1,0.525,1
txn_006526,330.82,Debit Card,card_declined,IDFC,4,4,0,0,0.241,0
txn_006527,532.52,Debit Card,expired_card,Kotak,17,2,0,0,0.695,0
txn_006528,789.33,UPI,network_timeout,Axis,1,3,0,2,0.865,1
txn_006529,441.05,UPI,insufficient_funds,ICICI,3,0,0,0,0.743,0
txn_006530,650.22,UPI,bank_server_down,IDFC,8,0,0,0,0.413,1
txn_006531,765.07,Netbanking,expired_card,SBI,20,6,1,1,0.946,0
txn_006532,230.02,UPI,network_timeout,Kotak,19,0,0,0,0.868,1
txn_006533,449.91,Netbanking,insufficient_funds,SBI,20,5,1,0,0.699,0
txn_006534,745.72,UPI,bank_server_down,IDFC,3,4,0,0,0.639,1
txn_006535,1447.65,UPI,wrong_otp,IDFC,7,4,0,0,0.944,0
txn_006536,512.32,Credit Card,expired_card,Kotak,22,0,0,1,0.481,0
txn_006537,1481.77,UPI,insufficient_funds,Kotak,19,3,0,2,0.534,0
txn_006538,727.39,Netbanking,card_declined,IDFC,9,2,0,1,0.732,1
txn_006539,387.0,UPI,bank_server_down,Axis,2,5,1,0,0.88,1
txn_006540,2883.43,UPI,network_timeout,Yes Bank,0,2,0,0,0.555,1
txn_006541,1860.02,Netbanking,bank_server_down,Yes Bank,12,2,0,0,0.815,1
txn_006542,1553.87,Credit Card,card_declined,ICICI,21,0,0,0,0.906,0
txn_006543,594.75,Debit Card,network_timeout,Yes Bank,0,2,0,0,0.664,1
txn_006544,466.23,UPI,network_timeout,ICICI,10,2,0,0,0.773,1
txn_006545,1816.18,Netbanking,bank_server_down,Axis,20,0,0,0,0.805,0
txn_006546,1239.99,UPI,bank_server_down,ICICI,20,6,1,0,0.808,1
txn_006547,238.68,UPI,card_declined,SBI,8,3,0,1,0.901,0
txn_006548,3245.19,Credit Card,network_timeout,Axis,9,1,0,2,0.79,1
txn_006549,339.65,UPI,insufficient_funds,Kotak,12,3,0,1,0.588,0
txn_006550,554.01,Credit Card,card_declined,SBI,16,5,1,0,0.913,1
txn_006551,134.83,UPI,insufficient_funds,Axis,6,3,0,1,0.305,1
txn_006552,33.6,UPI,bank_server_down,HDFC,9,1,0,0,0.91,1
txn_006553,1190.17,UPI,network_timeout,Axis,22,4,0,1,0.808,1
txn_006554,767.24,Debit Card,risk_flagged,Kotak,3,1,0,0,0.535,0
txn_006555,443.22,UPI,bank_server_down,Kotak,19,6,1,0,0.321,1
txn_006556,1083.16,Wallet,network_timeout,Yes Bank,1,1,0,1,0.673,0
txn_006557,2721.07,Netbanking,wrong_otp,ICICI,4,5,1,2,0.713,0
txn_006558,546.51,Credit Card,network_timeout,Kotak,22,2,0,0,0.938,0
txn_006559,337.79,UPI,card_declined,IDFC,0,5,1,0,0.855,0
txn_006560,1184.59,UPI,insufficient_funds,IDFC,12,2,0,0,0.553,1
txn_006561,124.28,Debit Card,insufficient_funds,SBI,15,5,1,2,0.725,0
txn_006562,57.56,Credit Card,expired_card,SBI,23,4,0,0,0.879,1
txn_006563,224.14,Credit Card,card_declined,IDFC,21,0,0,0,0.488,0
txn_006564,1540.59,Credit Card,network_timeout,ICICI,15,2,0,3,0.745,1
txn_006565,411.2,UPI,insufficient_funds,SBI,16,1,0,1,0.786,0
txn_006566,346.34,Netbanking,bank_server_down,ICICI,9,6,1,0,0.816,0
txn_006567,213.59,UPI,card_declined,Axis,5,3,0,2,0.938,0
txn_006568,1163.62,UPI,risk_flagged,SBI,18,6,1,1,0.905,0
txn_006569,45.56,Credit Card,network_timeout,Kotak,11,4,0,0,0.257,1
txn_006570,476.2,Netbanking,insufficient_funds,Yes Bank,2,1,0,1,0.963,0
txn_006571,117.09,Netbanking,insufficient_funds,IDFC,23,5,1,2,0.786,0
txn_006572,248.64,Netbanking,card_declined,Yes Bank,4,5,1,1,0.422,1
txn_006573,1784.28,UPI,bank_server_down,Yes Bank,10,0,0,1,0.875,1
txn_006574,731.66,Netbanking,insufficient_funds,IDFC,18,6,1,0,0.893,1
txn_006575,696.63,Netbanking,risk_flagged,Kotak,20,6,1,0,0.72,0
txn_006576,1617.29,Credit Card,network_timeout,HDFC,11,3,0,0,0.554,1
txn_006577,3109.45,Netbanking,risk_flagged,Axis,2,1,0,1,0.587,0
txn_006578,1636.54,Netbanking,card_declined,SBI,22,0,0,1,0.923,0
txn_006579,457.38,UPI,insufficient_funds,Yes Bank,22,6,1,1,0.697,1
txn_006580,274.14,Wallet,network_timeout,Axis,3,2,0,1,0.645,1
txn_006581,1279.94,UPI,wrong_otp,Axis,7,6,1,2,0.864,0
txn_006582,792.65,UPI,insufficient_funds,ICICI,19,5,1,1,0.718,1
txn_006583,591.19,UPI,network_timeout,SBI,4,3,0,0,0.831,1
txn_006584,1044.85,UPI,network_timeout,Yes Bank,2,5,1,1,0.811,0
txn_006585,369.05,Debit Card,wrong_otp,Yes Bank,13,5,1,0,0.727,0
txn_006586,827.94,UPI,bank_server_down,ICICI,5,4,0,1,0.978,1
txn_006587,475.84,UPI,card_declined,Axis,13,3,0,0,0.895,0
txn_006588,1656.93,UPI,bank_server_down,ICICI,4,0,0,1,0.535,1
txn_006589,1686.6,UPI,wrong_otp,Axis,5,0,0,1,0.726,0
txn_006590,2296.09,Debit Card,card_declined,HDFC,19,2,0,0,0.766,0
txn_006591,271.69,Credit Card,insufficient_funds,Axis,15,6,1,1,0.794,0
txn_006592,703.19,UPI,wrong_otp,Kotak,1,4,0,0,0.713,1
txn_006593,314.72,Netbanking,insufficient_funds,HDFC,8,1,0,3,0.767,0
txn_006594,966.24,UPI,bank_server_down,Axis,21,2,0,0,0.876,1
txn_006595,1491.37,Netbanking,card_declined,HDFC,18,4,0,1,0.79,0
txn_006596,261.67,UPI,bank_server_down,IDFC,16,4,0,0,0.614,1
txn_006597,496.02,Debit Card,insufficient_funds,Axis,19,1,0,1,0.601,1
txn_006598,512.97,Debit Card,card_declined,Kotak,8,1,0,0,0.539,1
txn_006599,1032.89,Credit Card,card_declined,ICICI,23,5,1,3,0.841,0
txn_006600,1937.75,Credit Card,bank_server_down,HDFC,12,5,1,0,0.764,1
txn_006601,456.28,UPI,insufficient_funds,Kotak,3,4,0,0,0.901,0
txn_006602,381.03,Netbanking,bank_server_down,Axis,2,6,1,0,0.583,1
txn_006603,643.26,UPI,expired_card,Axis,11,2,0,0,0.736,1
txn_006604,250.21,UPI,wrong_otp,Axis,4,2,0,0,0.816,1
txn_006605,210.92,UPI,bank_server_down,Axis,18,6,1,0,0.839,0
txn_006606,172.91,UPI,insufficient_funds,Kotak,8,5,1,1,0.548,1
txn_006607,805.01,Debit Card,risk_flagged,ICICI,18,3,0,1,0.662,0
txn_006608,1108.66,Debit Card,bank_server_down,SBI,21,0,0,1,0.852,1
txn_006609,201.84,UPI,bank_server_down,Kotak,14,2,0,0,0.869,1
txn_006610,571.41,Debit Card,bank_server_down,IDFC,9,4,0,0,0.613,1
txn_006611,2565.17,Credit Card,insufficient_funds,ICICI,9,4,0,1,0.37,1
txn_006612,1399.95,UPI,bank_server_down,Axis,4,5,1,0,0.903,0
txn_006613,137.11,Debit Card,insufficient_funds,Yes Bank,15,3,0,2,0.527,0
txn_006614,869.79,Debit Card,network_timeout,ICICI,11,4,0,0,0.708,1
txn_006615,330.9,Debit Card,insufficient_funds,Axis,0,5,1,1,0.537,0
txn_006616,1417.39,UPI,insufficient_funds,Kotak,4,5,1,2,0.468,0
txn_006617,123.04,Credit Card,insufficient_funds,ICICI,23,1,0,1,0.965,0
txn_006618,1431.25,UPI,network_timeout,ICICI,5,1,0,0,0.916,0
txn_006619,1133.71,UPI,insufficient_funds,IDFC,5,0,0,0,0.799,0
txn_006620,3461.28,Credit Card,network_timeout,SBI,11,2,0,0,0.876,1
txn_006621,1310.98,UPI,insufficient_funds,SBI,15,3,0,0,0.564,0
txn_006622,2557.01,Debit Card,network_timeout,HDFC,19,0,0,1,0.64,0
txn_006623,3067.49,Debit Card,wrong_otp,SBI,4,2,0,0,0.763,0
txn_006624,830.23,Debit Card,insufficient_funds,Axis,10,6,1,1,0.639,0
txn_006625,1404.27,UPI,bank_server_down,Yes Bank,3,2,0,1,0.81,0
txn_006626,95.87,Wallet,risk_flagged,HDFC,3,1,0,1,0.479,0
txn_006627,2623.54,Debit Card,network_timeout,HDFC,17,3,0,3,0.546,1
txn_006628,348.57,Debit Card,bank_server_down,IDFC,14,1,0,0,0.735,0
txn_006629,1721.77,Credit Card,bank_server_down,Axis,19,6,1,0,0.626,0
txn_006630,687.51,Credit Card,card_declined,IDFC,12,1,0,2,0.762,1
txn_006631,242.18,UPI,bank_server_down,IDFC,5,0,0,1,0.745,0
txn_006632,342.01,Debit Card,insufficient_funds,ICICI,7,3,0,1,0.753,1
txn_006633,692.0,UPI,expired_card,HDFC,0,2,0,0,0.611,0
txn_006634,418.59,Credit Card,card_declined,ICICI,5,6,1,1,0.631,0
txn_006635,462.42,Credit Card,network_timeout,SBI,19,2,0,0,0.554,1
txn_006636,2804.77,Debit Card,network_timeout,IDFC,22,0,0,0,0.784,1
txn_006637,163.55,Debit Card,bank_server_down,SBI,17,6,1,0,0.822,0
txn_006638,756.93,Debit Card,insufficient_funds,Yes Bank,17,1,0,0,0.387,1
txn_006639,440.6,Netbanking,wrong_otp,ICICI,13,6,1,1,0.661,1
txn_006640,1183.62,Debit Card,insufficient_funds,ICICI,18,5,1,2,0.434,0
txn_006641,66.94,Debit Card,wrong_otp,IDFC,12,4,0,0,0.774,0
txn_006642,2082.3,Debit Card,network_timeout,Axis,11,6,1,2,0.562,1
txn_006643,669.11,Debit Card,card_declined,SBI,23,6,1,0,0.891,1
txn_006644,463.09,Credit Card,card_declined,IDFC,14,4,0,0,0.661,0
txn_006645,303.2,UPI,bank_server_down,Axis,10,6,1,1,0.822,1
txn_006646,998.68,Debit Card,bank_server_down,ICICI,10,6,1,0,0.457,1
txn_006647,4940.33,Credit Card,risk_flagged,ICICI,11,5,1,0,0.477,0
txn_006648,4067.44,Debit Card,insufficient_funds,Kotak,19,6,1,0,0.842,1
txn_006649,386.98,Debit Card,bank_server_down,IDFC,15,3,0,0,0.65,1
txn_006650,414.49,Credit Card,bank_server_down,Kotak,0,2,0,1,0.709,1
txn_006651,570.44,Credit Card,insufficient_funds,Kotak,22,5,1,2,0.755,1
txn_006652,683.33,UPI,bank_server_down,ICICI,17,2,0,2,0.537,1
txn_006653,193.09,Credit Card,bank_server_down,SBI,20,2,0,0,0.8,1
txn_006654,1397.5,UPI,insufficient_funds,HDFC,10,6,1,0,0.703,0
txn_006655,210.73,Wallet,expired_card,HDFC,10,3,0,2,0.8,0
txn_006656,1914.08,UPI,insufficient_funds,ICICI,10,6,1,0,0.862,0
txn_006657,126.19,UPI,insufficient_funds,ICICI,23,6,1,1,0.724,0
txn_006658,822.4,Netbanking,bank_server_down,HDFC,13,3,0,1,0.606,1
txn_006659,801.21,Credit Card,expired_card,Yes Bank,7,0,0,0,0.283,0
txn_006660,1355.27,UPI,insufficient_funds,ICICI,0,0,0,1,0.31,0
txn_006661,209.31,UPI,card_declined,ICICI,6,1,0,0,0.342,1
txn_006662,528.36,UPI,network_timeout,ICICI,3,1,0,3,0.439,1
txn_006663,242.31,UPI,insufficient_funds,HDFC,9,0,0,1,0.498,0
txn_006664,2713.9,UPI,insufficient_funds,ICICI,23,3,0,0,0.608,0
txn_006665,788.39,UPI,insufficient_funds,SBI,19,4,0,1,0.89,0
txn_006666,733.82,Netbanking,insufficient_funds,Yes Bank,0,0,0,1,0.569,0
txn_006667,1262.59,UPI,wrong_otp,SBI,12,1,0,1,0.916,0
txn_006668,558.75,Debit Card,bank_server_down,Axis,22,0,0,0,0.819,1
txn_006669,841.08,UPI,card_declined,Axis,19,3,0,0,0.845,0
txn_006670,538.04,Debit Card,expired_card,Yes Bank,3,2,0,1,0.841,0
txn_006671,244.85,Credit Card,insufficient_funds,ICICI,18,3,0,0,0.855,0
txn_006672,356.04,Credit Card,risk_flagged,IDFC,22,0,0,0,0.453,0
txn_006673,1550.07,Netbanking,card_declined,Axis,0,4,0,1,0.884,0
txn_006674,264.68,UPI,bank_server_down,SBI,13,1,0,2,0.648,1
txn_006675,786.25,UPI,card_declined,ICICI,18,3,0,0,0.839,1
txn_006676,447.26,UPI,insufficient_funds,Yes Bank,21,5,1,0,0.335,0
txn_006677,257.68,Credit Card,insufficient_funds,Yes Bank,3,5,1,0,0.901,0
txn_006678,72.99,Credit Card,wrong_otp,Axis,4,3,0,0,0.435,0
txn_006679,1380.47,Netbanking,insufficient_funds,Yes Bank,11,5,1,1,0.822,0
txn_006680,34.49,Netbanking,risk_flagged,Yes Bank,20,0,0,0,0.756,0
txn_006681,315.74,UPI,bank_server_down,Yes Bank,19,1,0,1,0.803,1
txn_006682,217.31,Credit Card,bank_server_down,IDFC,17,6,1,0,0.738,0
txn_006683,2842.01,Debit Card,network_timeout,Kotak,18,5,1,1,0.659,1
txn_006684,238.89,UPI,wrong_otp,ICICI,11,5,1,1,0.946,1
txn_006685,2609.16,Debit Card,card_declined,HDFC,21,3,0,1,0.776,0
txn_006686,10263.03,Netbanking,network_timeout,SBI,1,5,1,1,0.704,0
txn_006687,411.72,UPI,bank_server_down,IDFC,21,1,0,1,0.509,1
txn_006688,208.67,Netbanking,network_timeout,IDFC,23,3,0,0,0.831,0
txn_006689,458.69,Debit Card,insufficient_funds,HDFC,3,0,0,0,0.767,0
txn_006690,1019.98,Debit Card,risk_flagged,IDFC,6,2,0,1,0.72,0
txn_006691,8606.11,Credit Card,network_timeout,ICICI,8,4,0,0,0.664,1
txn_006692,899.17,UPI,bank_server_down,IDFC,21,3,0,0,0.931,1
txn_006693,1222.38,UPI,card_declined,Yes Bank,3,2,0,0,0.312,0
txn_006694,80.92,UPI,insufficient_funds,HDFC,20,4,0,1,0.44,0
txn_006695,704.24,UPI,risk_flagged,Kotak,7,3,0,2,0.835,0
txn_006696,590.74,Netbanking,network_timeout,ICICI,5,5,1,0,0.874,1
txn_006697,599.98,UPI,insufficient_funds,SBI,10,5,1,0,0.545,0
txn_006698,588.81,Netbanking,network_timeout,Kotak,2,3,0,1,0.518,0
txn_006699,380.77,Debit Card,network_timeout,Kotak,18,0,0,0,0.923,0
txn_006700,662.21,UPI,card_declined,Kotak,1,5,1,2,0.834,0
txn_006701,2093.33,Netbanking,card_declined,Axis,1,1,0,0,0.528,0
txn_006702,387.48,UPI,insufficient_funds,ICICI,12,0,0,1,0.823,0
txn_006703,1727.27,Credit Card,network_timeout,Yes Bank,19,2,0,0,0.652,0
txn_006704,977.35,Debit Card,risk_flagged,HDFC,2,3,0,2,0.69,0
txn_006705,859.33,Credit Card,bank_server_down,ICICI,9,6,1,1,0.683,0
txn_006706,605.05,UPI,card_declined,SBI,21,5,1,1,0.754,1
txn_006707,848.62,Wallet,insufficient_funds,ICICI,22,2,0,0,0.516,0
txn_006708,927.32,Debit Card,network_timeout,Kotak,20,6,1,0,0.898,1
txn_006709,945.03,Credit Card,wrong_otp,Axis,20,3,0,1,0.861,0
txn_006710,810.77,UPI,wrong_otp,IDFC,7,3,0,0,0.926,0
txn_006711,1199.54,UPI,network_timeout,SBI,22,5,1,1,0.907,0
txn_006712,340.64,UPI,network_timeout,HDFC,10,3,0,1,0.778,0
txn_006713,941.31,Credit Card,insufficient_funds,Kotak,15,1,0,1,0.871,0
txn_006714,859.51,UPI,insufficient_funds,SBI,17,1,0,0,0.563,1
txn_006715,1791.75,UPI,expired_card,IDFC,5,5,1,0,0.608,0
txn_006716,876.16,UPI,insufficient_funds,Axis,17,0,0,0,0.447,1
txn_006717,407.44,UPI,insufficient_funds,IDFC,0,1,0,0,0.618,0
txn_006718,723.51,Credit Card,insufficient_funds,HDFC,13,0,0,1,0.947,1
txn_006719,1327.04,Debit Card,network_timeout,SBI,9,5,1,2,0.883,0
txn_006720,1096.63,Credit Card,wrong_otp,Yes Bank,0,2,0,1,0.375,1
txn_006721,807.87,Debit Card,bank_server_down,SBI,10,1,0,1,0.545,1
txn_006722,247.7,Debit Card,card_declined,IDFC,0,2,0,1,0.813,1
txn_006723,1037.76,Netbanking,card_declined,HDFC,15,0,0,1,0.87,1
txn_006724,387.95,Netbanking,insufficient_funds,Axis,10,0,0,0,0.461,0
txn_006725,461.4,UPI,expired_card,SBI,8,6,1,0,0.854,0
txn_006726,898.11,Wallet,insufficient_funds,IDFC,7,6,1,1,0.566,1
txn_006727,195.43,Debit Card,insufficient_funds,Kotak,1,6,1,0,0.685,1
txn_006728,129.01,Credit Card,card_declined,HDFC,5,3,0,3,0.781,0
txn_006729,170.95,UPI,bank_server_down,Axis,5,5,1,1,0.941,1
txn_006730,65.94,Wallet,insufficient_funds,Axis,9,1,0,1,0.805,0
txn_006731,1015.63,Credit Card,card_declined,Kotak,23,0,0,0,0.604,1
txn_006732,483.52,Netbanking,network_timeout,Kotak,21,5,1,1,0.765,1
txn_006733,489.61,Credit Card,card_declined,Axis,4,4,0,1,0.911,1
txn_006734,299.88,UPI,insufficient_funds,SBI,14,6,1,0,0.626,0
txn_006735,1349.98,Wallet,risk_flagged,Kotak,9,3,0,0,0.73,0
txn_006736,802.2,Credit Card,card_declined,Axis,2,1,0,0,0.431,0
txn_006737,508.51,Netbanking,insufficient_funds,Kotak,0,4,0,0,0.926,0
txn_006738,632.11,UPI,insufficient_funds,Yes Bank,0,4,0,0,0.841,1
txn_006739,209.73,Credit Card,bank_server_down,HDFC,2,2,0,0,0.44,0
txn_006740,3391.2,Debit Card,network_timeout,HDFC,12,5,1,0,0.807,0
txn_006741,1010.46,Credit Card,card_declined,Kotak,9,1,0,1,0.882,1
txn_006742,155.95,Credit Card,bank_server_down,Axis,23,3,0,0,0.509,1
txn_006743,520.25,UPI,network_timeout,Kotak,20,4,0,2,0.788,1
txn_006744,285.49,Credit Card,network_timeout,ICICI,8,0,0,0,0.725,1
txn_006745,292.16,Credit Card,insufficient_funds,Yes Bank,16,1,0,1,0.751,0
txn_006746,5092.08,UPI,insufficient_funds,Kotak,21,1,0,1,0.541,0
txn_006747,465.35,Debit Card,risk_flagged,HDFC,15,0,0,0,0.731,0
txn_006748,245.46,UPI,network_timeout,Kotak,10,1,0,1,0.647,1
txn_006749,213.39,Debit Card,bank_server_down,Kotak,10,3,0,0,0.58,0
txn_006750,367.55,UPI,risk_flagged,IDFC,3,0,0,0,0.81,0
txn_006751,1157.01,Netbanking,bank_server_down,IDFC,3,6,1,1,0.925,1
txn_006752,510.87,Netbanking,bank_server_down,ICICI,11,4,0,0,0.962,1
txn_006753,1688.43,Credit Card,network_timeout,HDFC,0,6,1,3,0.566,1
txn_006754,191.31,UPI,card_declined,Kotak,23,0,0,1,0.603,0
txn_006755,1276.01,Credit Card,bank_server_down,SBI,1,3,0,0,0.689,1
txn_006756,1074.63,Credit Card,network_timeout,Axis,15,0,0,0,0.865,1
txn_006757,173.5,Credit Card,insufficient_funds,SBI,22,3,0,0,0.502,0
txn_006758,167.42,UPI,wrong_otp,IDFC,6,0,0,3,0.631,0
txn_006759,811.21,Credit Card,insufficient_funds,IDFC,8,1,0,1,0.9,0
txn_006760,417.07,UPI,insufficient_funds,Kotak,14,6,1,1,0.885,0
txn_006761,3349.57,UPI,insufficient_funds,SBI,14,3,0,0,0.834,1
txn_006762,767.36,Debit Card,network_timeout,HDFC,15,2,0,0,0.968,0
txn_006763,887.52,UPI,network_timeout,Kotak,1,3,0,0,0.896,1
txn_006764,1699.27,UPI,network_timeout,Yes Bank,5,2,0,0,0.766,1
txn_006765,3513.27,UPI,insufficient_funds,ICICI,1,6,1,2,0.762,0
txn_006766,613.75,Debit Card,insufficient_funds,SBI,9,5,1,0,0.933,0
txn_006767,3653.09,Debit Card,network_timeout,Axis,19,0,0,1,0.945,1
txn_006768,424.16,Credit Card,insufficient_funds,SBI,22,4,0,1,0.894,1
txn_006769,405.66,Wallet,card_declined,HDFC,22,1,0,0,0.886,1
txn_006770,443.84,Debit Card,insufficient_funds,Axis,3,1,0,0,0.928,1
txn_006771,2503.25,Debit Card,insufficient_funds,HDFC,0,3,0,1,0.501,0
txn_006772,360.9,Debit Card,network_timeout,SBI,14,5,1,0,0.798,1
txn_006773,419.7,UPI,insufficient_funds,ICICI,4,5,1,1,0.692,0
txn_006774,1099.27,UPI,bank_server_down,ICICI,19,1,0,1,0.486,1
txn_006775,3006.07,Credit Card,network_timeout,SBI,19,1,0,1,0.479,0
txn_006776,5817.17,Netbanking,wrong_otp,Yes Bank,19,4,0,0,0.894,0
txn_006777,382.1,Credit Card,card_declined,Yes Bank,11,4,0,1,0.743,0
txn_006778,925.75,UPI,insufficient_funds,ICICI,20,1,0,1,0.313,0
txn_006779,3575.76,Debit Card,card_declined,ICICI,21,5,1,0,0.483,1
txn_006780,2276.08,Debit Card,bank_server_down,Axis,10,2,0,0,0.608,1
txn_006781,4911.24,UPI,wrong_otp,ICICI,13,3,0,0,0.454,0
txn_006782,1508.33,Wallet,expired_card,SBI,19,3,0,1,0.76,1
txn_006783,237.49,UPI,insufficient_funds,Yes Bank,14,4,0,1,0.79,1
txn_006784,885.52,Credit Card,network_timeout,SBI,22,0,0,0,0.353,0
txn_006785,502.1,UPI,insufficient_funds,Kotak,7,3,0,0,0.948,0
txn_006786,2522.34,Debit Card,wrong_otp,Kotak,15,5,1,1,0.479,0
txn_006787,325.71,Netbanking,expired_card,SBI,0,1,0,1,0.689,0
txn_006788,684.57,Netbanking,insufficient_funds,Kotak,2,6,1,0,0.887,0
txn_006789,158.6,UPI,network_timeout,IDFC,5,4,0,0,0.621,1
txn_006790,2195.93,Debit Card,bank_server_down,Axis,20,3,0,1,0.616,1
txn_006791,206.47,Credit Card,insufficient_funds,SBI,15,3,0,0,0.472,0
txn_006792,1811.61,Debit Card,card_declined,IDFC,7,2,0,0,0.868,0
txn_006793,7218.29,UPI,insufficient_funds,HDFC,12,0,0,1,0.675,1
txn_006794,570.01,UPI,card_declined,IDFC,14,4,0,1,0.504,1
txn_006795,809.63,Netbanking,bank_server_down,Kotak,17,4,0,2,0.465,1
txn_006796,505.35,UPI,card_declined,Yes Bank,19,5,1,0,0.909,0
txn_006797,822.74,UPI,network_timeout,HDFC,8,2,0,3,0.763,0
txn_006798,518.39,UPI,bank_server_down,HDFC,17,3,0,0,0.572,1
txn_006799,280.07,UPI,wrong_otp,ICICI,1,0,0,1,0.806,1
txn_006800,1781.26,UPI,network_timeout,Axis,23,2,0,1,0.798,0
txn_006801,488.31,Debit Card,insufficient_funds,IDFC,12,4,0,2,0.646,0
txn_006802,520.01,Netbanking,bank_server_down,Kotak,6,6,1,2,0.745,1
txn_006803,835.39,UPI,card_declined,Yes Bank,23,0,0,1,0.657,1
txn_006804,1030.23,Netbanking,insufficient_funds,Kotak,0,1,0,1,0.733,1
txn_006805,372.2,Debit Card,wrong_otp,Yes Bank,23,1,0,2,0.738,1
txn_006806,280.93,Debit Card,network_timeout,Kotak,7,5,1,0,0.697,0
txn_006807,152.03,Netbanking,network_timeout,IDFC,10,6,1,0,0.708,1
txn_006808,1777.5,UPI,wrong_otp,Axis,10,1,0,0,0.71,1
txn_006809,365.22,Credit Card,insufficient_funds,Kotak,19,3,0,0,0.734,0
txn_006810,215.51,Wallet,insufficient_funds,Axis,1,2,0,2,0.898,0
txn_006811,83.39,UPI,bank_server_down,Kotak,17,2,0,2,0.92,1
txn_006812,965.39,Credit Card,network_timeout,Kotak,0,2,0,0,0.268,1
txn_006813,370.64,Credit Card,network_timeout,Axis,15,5,1,1,0.695,0
txn_006814,177.87,UPI,insufficient_funds,HDFC,10,3,0,1,0.522,0
txn_006815,128.02,Debit Card,insufficient_funds,ICICI,17,5,1,0,0.75,0
txn_006816,297.11,UPI,insufficient_funds,Axis,17,1,0,2,0.9,0
txn_006817,391.41,Credit Card,risk_flagged,IDFC,3,5,1,1,0.484,1
txn_006818,1443.41,Netbanking,insufficient_funds,SBI,10,2,0,1,0.953,0
txn_006819,360.66,Netbanking,insufficient_funds,Kotak,2,3,0,1,0.683,0
txn_006820,694.48,Debit Card,wrong_otp,Yes Bank,12,0,0,0,0.403,1
txn_006821,169.49,UPI,insufficient_funds,Axis,20,4,0,2,0.715,0
txn_006822,1309.22,UPI,insufficient_funds,ICICI,22,0,0,1,0.308,0
txn_006823,5117.26,UPI,insufficient_funds,IDFC,5,0,0,0,0.885,1
txn_006824,309.64,UPI,network_timeout,SBI,22,1,0,0,0.656,1
txn_006825,762.38,Debit Card,risk_flagged,ICICI,20,4,0,1,0.843,0
txn_006826,865.25,UPI,network_timeout,IDFC,7,6,1,0,0.756,1
txn_006827,718.94,UPI,card_declined,Axis,15,2,0,1,0.947,0
txn_006828,1425.72,UPI,card_declined,Kotak,7,4,0,0,0.858,1
txn_006829,643.51,Credit Card,bank_server_down,Yes Bank,18,2,0,0,0.595,1
txn_006830,2873.33,Debit Card,insufficient_funds,Yes Bank,14,3,0,1,0.658,1
txn_006831,660.58,UPI,network_timeout,SBI,2,5,1,0,0.775,1
txn_006832,699.05,UPI,expired_card,IDFC,13,4,0,1,0.546,0
txn_006833,334.23,Debit Card,network_timeout,HDFC,15,1,0,2,0.639,0
txn_006834,3458.55,Netbanking,bank_server_down,IDFC,11,4,0,0,0.957,0
txn_006835,516.45,Debit Card,network_timeout,IDFC,22,0,0,0,0.692,1
txn_006836,2268.4,UPI,bank_server_down,Axis,6,5,1,1,0.764,1
txn_006837,1807.02,UPI,network_timeout,Yes Bank,0,1,0,0,0.681,1
txn_006838,390.74,Credit Card,bank_server_down,HDFC,10,2,0,0,0.702,1
txn_006839,3703.64,Credit Card,risk_flagged,Axis,12,1,0,1,0.737,0
txn_006840,270.55,Credit Card,insufficient_funds,IDFC,3,6,1,1,0.364,1
txn_006841,79.37,Credit Card,expired_card,ICICI,7,6,1,1,0.848,0
txn_006842,442.1,Wallet,insufficient_funds,HDFC,23,5,1,0,0.655,0
txn_006843,136.98,UPI,network_timeout,IDFC,16,4,0,0,0.834,1
txn_006844,165.03,UPI,risk_flagged,IDFC,23,0,0,1,0.569,0
txn_006845,518.95,Credit Card,expired_card,HDFC,22,0,0,2,0.765,0
txn_006846,410.6,Debit Card,insufficient_funds,Yes Bank,23,0,0,2,0.348,0
txn_006847,386.78,UPI,wrong_otp,Axis,11,3,0,0,0.81,0
txn_006848,2185.02,Netbanking,wrong_otp,SBI,11,0,0,0,0.692,0
txn_006849,700.1,UPI,card_declined,HDFC,16,1,0,2,0.868,0
txn_006850,1869.14,Credit Card,bank_server_down,IDFC,9,3,0,1,0.516,1
txn_006851,366.09,UPI,expired_card,ICICI,6,3,0,0,0.818,0
txn_006852,550.34,Credit Card,bank_server_down,Yes Bank,13,4,0,0,0.809,0
txn_006853,1374.4,UPI,insufficient_funds,ICICI,20,3,0,1,0.573,0
txn_006854,1382.45,Debit Card,card_declined,Kotak,23,3,0,2,0.662,1
txn_006855,224.01,UPI,wrong_otp,Axis,7,2,0,0,0.686,0
txn_006856,1437.62,Netbanking,bank_server_down,ICICI,22,3,0,0,0.733,1
txn_006857,390.75,Credit Card,network_timeout,Kotak,8,1,0,0,0.743,0
txn_006858,576.91,UPI,bank_server_down,Axis,4,6,1,0,0.889,0
txn_006859,2602.39,Credit Card,insufficient_funds,HDFC,11,2,0,0,0.423,0
txn_006860,315.03,UPI,insufficient_funds,HDFC,9,2,0,1,0.516,0
txn_006861,927.54,UPI,insufficient_funds,HDFC,20,6,1,0,0.731,0
txn_006862,522.29,UPI,insufficient_funds,HDFC,22,4,0,1,0.916,0
txn_006863,858.93,Credit Card,bank_server_down,Yes Bank,7,0,0,0,0.802,1
txn_006864,1096.66,UPI,network_timeout,Yes Bank,0,5,1,1,0.559,1
txn_006865,72.42,Debit Card,insufficient_funds,Yes Bank,2,5,1,0,0.918,0
txn_006866,5660.65,UPI,insufficient_funds,ICICI,0,2,0,0,0.875,0
txn_006867,1729.85,UPI,bank_server_down,Yes Bank,20,2,0,0,0.603,0
txn_006868,1564.39,UPI,network_timeout,Yes Bank,12,2,0,0,0.934,0
txn_006869,451.27,UPI,risk_flagged,Axis,20,6,1,1,0.75,0
txn_006870,7730.08,Debit Card,insufficient_funds,IDFC,13,4,0,0,0.893,1
txn_006871,473.77,UPI,card_declined,IDFC,4,1,0,0,0.842,0
txn_006872,415.85,UPI,network_timeout,Kotak,11,6,1,3,0.803,0
txn_006873,386.54,Credit Card,risk_flagged,HDFC,3,5,1,1,0.546,0
txn_006874,4033.09,Credit Card,card_declined,Kotak,20,6,1,0,0.431,1
txn_006875,356.99,Credit Card,risk_flagged,IDFC,7,3,0,2,0.403,0
txn_006876,1997.8,UPI,insufficient_funds,Kotak,15,6,1,2,0.424,0
txn_006877,820.92,Credit Card,wrong_otp,HDFC,18,4,0,0,0.833,1
txn_006878,802.76,Debit Card,bank_server_down,Yes Bank,21,2,0,0,0.972,0
txn_006879,4595.86,Credit Card,expired_card,Yes Bank,2,3,0,0,0.687,0
txn_006880,225.5,Debit Card,risk_flagged,IDFC,4,4,0,2,0.668,0
txn_006881,2120.46,Credit Card,card_declined,IDFC,15,3,0,1,0.71,0
txn_006882,363.23,Credit Card,wrong_otp,Kotak,6,6,1,0,0.549,1
txn_006883,2419.48,UPI,wrong_otp,Yes Bank,6,6,1,1,0.284,0
txn_006884,182.1,UPI,wrong_otp,IDFC,11,6,1,1,0.664,1
txn_006885,704.49,UPI,card_declined,Yes Bank,10,0,0,0,0.654,1
txn_006886,1659.04,Credit Card,bank_server_down,ICICI,15,6,1,0,0.932,1
txn_006887,1335.95,Debit Card,insufficient_funds,ICICI,3,6,1,0,0.825,0
txn_006888,872.8,Credit Card,insufficient_funds,IDFC,11,1,0,1,0.784,0
txn_006889,46.78,UPI,bank_server_down,Yes Bank,1,3,0,0,0.794,0
txn_006890,1024.24,UPI,bank_server_down,HDFC,6,1,0,1,0.804,1
txn_006891,390.33,UPI,network_timeout,ICICI,3,0,0,0,0.763,1
txn_006892,2217.64,Netbanking,card_declined,ICICI,0,5,1,1,0.873,0
txn_006893,5164.73,UPI,network_timeout,Yes Bank,20,1,0,2,0.766,1
txn_006894,1326.72,UPI,insufficient_funds,Yes Bank,20,4,0,1,0.858,0
txn_006895,5062.29,UPI,risk_flagged,SBI,5,3,0,1,0.634,0
txn_006896,992.92,UPI,insufficient_funds,Yes Bank,17,1,0,0,0.736,0
txn_006897,1094.91,UPI,network_timeout,Axis,3,3,0,1,0.781,0
txn_006898,816.22,UPI,insufficient_funds,Axis,3,3,0,2,0.83,1
txn_006899,447.89,UPI,network_timeout,Yes Bank,22,0,0,0,0.483,1
txn_006900,126.37,Debit Card,card_declined,Kotak,8,3,0,1,0.954,0
txn_006901,1378.47,UPI,card_declined,Yes Bank,16,0,0,1,0.626,1
txn_006902,2610.85,Credit Card,insufficient_funds,IDFC,14,1,0,0,0.568,0
txn_006903,859.51,Debit Card,card_declined,HDFC,14,5,1,0,0.682,0
txn_006904,237.43,UPI,wrong_otp,ICICI,8,5,1,0,0.801,1
txn_006905,256.4,Wallet,bank_server_down,HDFC,3,5,1,1,0.578,1
txn_006906,239.94,UPI,network_timeout,HDFC,23,5,1,0,0.581,1
txn_006907,1489.82,UPI,expired_card,SBI,19,1,0,1,0.625,0
txn_006908,2660.72,UPI,card_declined,Axis,5,4,0,0,0.763,1
txn_006909,394.78,UPI,card_declined,HDFC,9,3,0,0,0.934,1
txn_006910,366.18,UPI,card_declined,ICICI,23,2,0,2,0.505,0
txn_006911,392.27,Debit Card,insufficient_funds,SBI,23,4,0,0,0.765,0
txn_006912,395.74,Debit Card,insufficient_funds,IDFC,10,3,0,0,0.836,0
txn_006913,1689.92,Wallet,insufficient_funds,Axis,15,1,0,0,0.853,0
txn_006914,138.01,Wallet,bank_server_down,Axis,0,5,1,2,0.735,1
txn_006915,485.71,UPI,wrong_otp,HDFC,17,1,0,2,0.078,0
txn_006916,2723.38,Wallet,network_timeout,SBI,19,4,0,1,0.435,1
txn_006917,879.9,Credit Card,card_declined,Kotak,3,4,0,1,0.787,1
txn_006918,292.77,Wallet,bank_server_down,Kotak,21,0,0,2,0.65,1
txn_006919,1618.57,Credit Card,risk_flagged,HDFC,9,3,0,1,0.698,0
txn_006920,1268.19,Debit Card,network_timeout,SBI,15,2,0,0,0.812,0
txn_006921,40.51,Netbanking,insufficient_funds,IDFC,7,6,1,0,0.688,0
txn_006922,1697.97,UPI,insufficient_funds,ICICI,9,0,0,0,0.388,0
txn_006923,341.84,UPI,risk_flagged,ICICI,22,1,0,0,0.415,1
txn_006924,332.27,UPI,network_timeout,IDFC,13,4,0,0,0.884,1
txn_006925,1279.37,Credit Card,card_declined,ICICI,7,5,1,4,0.76,1
txn_006926,4103.28,Debit Card,insufficient_funds,Kotak,11,2,0,0,0.992,1
txn_006927,2210.44,Debit Card,network_timeout,Kotak,0,5,1,0,0.865,1
txn_006928,11584.28,Netbanking,insufficient_funds,SBI,21,4,0,1,0.816,0
txn_006929,388.85,Credit Card,insufficient_funds,HDFC,14,3,0,1,0.773,0
txn_006930,297.72,Debit Card,insufficient_funds,HDFC,6,5,1,0,0.981,0
txn_006931,2651.62,Wallet,bank_server_down,ICICI,5,2,0,0,0.887,1
txn_006932,2435.03,Debit Card,network_timeout,HDFC,14,5,1,0,0.761,1
txn_006933,457.18,UPI,card_declined,Kotak,6,5,1,2,0.65,1
txn_006934,211.12,UPI,network_timeout,HDFC,5,2,0,1,0.965,1
txn_006935,80.85,UPI,card_declined,IDFC,22,4,0,0,0.75,1
txn_006936,258.68,Credit Card,network_timeout,Axis,13,3,0,1,0.851,1
txn_006937,297.02,Credit Card,risk_flagged,ICICI,1,1,0,3,0.956,0
txn_006938,139.51,Debit Card,network_timeout,Axis,2,4,0,2,0.425,0
txn_006939,1928.1,Credit Card,card_declined,Axis,4,4,0,0,0.774,0
txn_006940,4077.67,UPI,insufficient_funds,ICICI,0,6,1,1,0.702,0
txn_006941,1017.46,UPI,insufficient_funds,Kotak,21,0,0,1,0.819,1
txn_006942,170.25,UPI,network_timeout,Kotak,13,1,0,0,0.376,1
txn_006943,366.22,Wallet,network_timeout,Yes Bank,5,2,0,1,0.852,1
txn_006944,491.2,UPI,bank_server_down,Axis,4,0,0,0,0.714,0
txn_006945,399.92,UPI,insufficient_funds,HDFC,23,1,0,0,0.558,0
txn_006946,512.17,UPI,wrong_otp,SBI,3,0,0,0,0.726,0
txn_006947,1221.78,Credit Card,insufficient_funds,SBI,6,2,0,0,0.516,0
txn_006948,466.12,UPI,card_declined,ICICI,21,1,0,1,0.53,1
txn_006949,448.79,Credit Card,risk_flagged,SBI,14,4,0,0,0.713,0
txn_006950,263.27,Debit Card,card_declined,HDFC,23,4,0,1,0.73,0
txn_006951,6287.38,UPI,network_timeout,Yes Bank,2,6,1,0,0.959,0
txn_006952,316.5,Credit Card,network_timeout,ICICI,10,5,1,0,0.46,0
txn_006953,203.05,UPI,bank_server_down,Axis,1,5,1,1,0.597,1
txn_006954,1574.9,Credit Card,risk_flagged,ICICI,22,3,0,1,0.513,0
txn_006955,343.3,Netbanking,insufficient_funds,Yes Bank,11,6,1,1,0.397,1
txn_006956,1201.16,Netbanking,network_timeout,IDFC,2,5,1,2,0.648,1
txn_006957,2410.92,UPI,network_timeout,ICICI,13,0,0,1,0.616,1
txn_006958,760.97,Debit Card,card_declined,HDFC,20,6,1,2,0.779,1
txn_006959,1468.36,Debit Card,wrong_otp,ICICI,2,2,0,0,0.924,0
txn_006960,648.88,Credit Card,wrong_otp,ICICI,14,0,0,1,0.626,0
txn_006961,367.48,Debit Card,network_timeout,ICICI,6,5,1,0,0.972,0
txn_006962,537.36,Debit Card,insufficient_funds,Kotak,11,5,1,0,0.773,0
txn_006963,482.91,UPI,network_timeout,SBI,10,5,1,0,0.51,0
txn_006964,846.52,UPI,card_declined,Yes Bank,10,2,0,2,0.591,0
txn_006965,5162.27,UPI,network_timeout,HDFC,4,3,0,2,0.781,0
txn_006966,950.12,Netbanking,expired_card,IDFC,9,3,0,0,0.763,0
txn_006967,390.59,Debit Card,insufficient_funds,HDFC,0,2,0,0,0.836,1
txn_006968,184.26,UPI,expired_card,Kotak,2,1,0,1,0.736,0
txn_006969,401.16,UPI,insufficient_funds,Kotak,19,6,1,1,0.254,1
txn_006970,1225.16,UPI,expired_card,Axis,4,4,0,0,0.794,0
txn_006971,2041.49,UPI,insufficient_funds,Kotak,21,2,0,1,0.899,1
txn_006972,257.08,Debit Card,network_timeout,SBI,23,4,0,0,0.916,1
txn_006973,877.4,Debit Card,network_timeout,HDFC,10,5,1,0,0.644,1
txn_006974,851.38,UPI,card_declined,SBI,17,2,0,2,0.56,1
txn_006975,585.53,Netbanking,network_timeout,HDFC,4,1,0,0,0.886,0
txn_006976,200.07,Debit Card,insufficient_funds,HDFC,14,3,0,0,0.848,0
txn_006977,343.8,UPI,bank_server_down,IDFC,19,1,0,2,0.544,1
txn_006978,917.52,UPI,bank_server_down,Axis,18,1,0,0,0.887,0
txn_006979,345.67,Credit Card,bank_server_down,IDFC,23,6,1,0,0.654,1
txn_006980,1922.47,Debit Card,wrong_otp,Yes Bank,3,1,0,0,0.736,0
txn_006981,84.99,UPI,card_declined,Axis,7,3,0,2,0.488,0
txn_006982,957.15,UPI,bank_server_down,SBI,20,2,0,0,0.685,1
txn_006983,432.95,Credit Card,bank_server_down,IDFC,11,3,0,0,0.812,1
txn_006984,1088.32,Credit Card,insufficient_funds,SBI,5,2,0,0,0.831,1
txn_006985,194.41,Netbanking,expired_card,Axis,23,4,0,1,0.893,0
txn_006986,685.16,UPI,card_declined,ICICI,8,0,0,1,0.863,1
txn_006987,565.8,Credit Card,bank_server_down,SBI,3,6,1,1,0.666,1
txn_006988,281.92,UPI,bank_server_down,Yes Bank,0,1,0,1,0.804,1
txn_006989,287.13,Debit Card,bank_server_down,ICICI,3,6,1,3,0.702,0
txn_006990,2840.9,UPI,expired_card,Kotak,6,4,0,1,0.764,0
txn_006991,411.74,Credit Card,wrong_otp,Yes Bank,23,1,0,0,0.633,1
txn_006992,465.56,Wallet,insufficient_funds,SBI,18,5,1,2,0.534,0
txn_006993,1427.01,Credit Card,expired_card,SBI,4,5,1,2,0.611,0
txn_006994,868.87,UPI,insufficient_funds,IDFC,16,2,0,0,0.597,0
txn_006995,237.13,Debit Card,insufficient_funds,IDFC,8,3,0,0,0.651,1
txn_006996,263.07,Netbanking,bank_server_down,SBI,3,1,0,0,0.879,1
txn_006997,315.86,UPI,bank_server_down,SBI,1,6,1,2,0.833,1
txn_006998,368.91,UPI,card_declined,Yes Bank,12,6,1,1,0.545,0
txn_006999,353.32,UPI,bank_server_down,Kotak,17,3,0,0,0.799,1
txn_007000,944.76,Debit Card,risk_flagged,Axis,7,3,0,2,0.866,0
txn_007001,384.57,UPI,card_declined,IDFC,7,5,1,2,0.789,0
txn_007002,1186.73,UPI,insufficient_funds,Kotak,19,4,0,1,0.848,0
txn_007003,3044.69,Debit Card,network_timeout,IDFC,21,2,0,0,0.863,0
txn_007004,72.39,UPI,bank_server_down,Axis,13,2,0,0,0.345,1
txn_007005,625.8,Wallet,insufficient_funds,HDFC,6,4,0,0,0.974,0
txn_007006,509.56,UPI,bank_server_down,Yes Bank,20,1,0,1,0.672,1
txn_007007,473.48,UPI,card_declined,IDFC,7,4,0,3,0.723,0
txn_007008,439.97,Netbanking,bank_server_down,Kotak,21,5,1,0,0.781,1
txn_007009,1235.7,UPI,risk_flagged,Axis,10,1,0,1,0.714,1
txn_007010,282.68,UPI,network_timeout,HDFC,7,2,0,0,0.59,1
txn_007011,935.59,UPI,insufficient_funds,HDFC,16,2,0,1,0.639,0
txn_007012,1112.97,UPI,card_declined,HDFC,19,1,0,1,0.643,0
txn_007013,677.1,Netbanking,insufficient_funds,Axis,6,6,1,3,0.926,1
txn_007014,745.58,Debit Card,wrong_otp,SBI,21,5,1,1,0.761,1
txn_007015,506.24,UPI,expired_card,IDFC,10,1,0,0,0.716,0
txn_007016,361.4,Credit Card,insufficient_funds,HDFC,8,2,0,0,0.676,0
txn_007017,422.71,Wallet,network_timeout,HDFC,5,3,0,1,0.845,0
txn_007018,151.92,UPI,insufficient_funds,SBI,16,3,0,1,0.684,1
txn_007019,43.05,Credit Card,card_declined,SBI,6,3,0,1,0.803,0
txn_007020,842.93,UPI,bank_server_down,HDFC,10,5,1,0,0.601,1
txn_007021,820.4,UPI,insufficient_funds,HDFC,2,3,0,1,0.976,0
txn_007022,292.24,Debit Card,bank_server_down,SBI,20,4,0,2,0.801,1
txn_007023,109.54,UPI,network_timeout,Kotak,17,6,1,1,0.85,0
txn_007024,54.69,Credit Card,insufficient_funds,Kotak,11,1,0,0,0.76,0
txn_007025,377.37,Wallet,risk_flagged,Kotak,8,4,0,0,0.714,0
txn_007026,1215.26,UPI,insufficient_funds,SBI,15,0,0,0,0.831,0
txn_007027,375.97,Debit Card,expired_card,HDFC,5,0,0,0,0.652,0
txn_007028,1516.6,Debit Card,bank_server_down,Axis,6,3,0,0,0.719,1
txn_007029,1197.25,Debit Card,card_declined,Kotak,16,6,1,0,0.874,1
txn_007030,380.73,Credit Card,bank_server_down,Kotak,7,0,0,2,0.574,0
txn_007031,3110.57,UPI,card_declined,ICICI,10,1,0,1,0.611,1
txn_007032,373.43,UPI,insufficient_funds,IDFC,16,3,0,2,0.541,0
txn_007033,139.19,Credit Card,network_timeout,Axis,19,6,1,0,0.947,1
txn_007034,344.34,Debit Card,bank_server_down,HDFC,11,1,0,0,0.602,1
txn_007035,615.09,Netbanking,risk_flagged,SBI,7,2,0,1,0.918,0
txn_007036,937.08,Wallet,card_declined,HDFC,7,2,0,0,0.626,1
txn_007037,1705.83,UPI,card_declined,Axis,4,6,1,0,0.492,1
txn_007038,4146.39,UPI,network_timeout,IDFC,18,1,0,1,0.441,1
txn_007039,1141.98,UPI,network_timeout,Axis,22,2,0,0,0.935,1
txn_007040,849.85,UPI,wrong_otp,SBI,9,6,1,0,0.704,0
txn_007041,3210.15,UPI,card_declined,Axis,23,3,0,0,0.735,1
txn_007042,1477.57,UPI,card_declined,Kotak,3,1,0,1,0.838,1
txn_007043,212.28,UPI,insufficient_funds,Axis,19,5,1,1,0.544,0
txn_007044,1085.66,Netbanking,wrong_otp,Axis,11,1,0,1,0.614,1
txn_007045,754.48,Credit Card,card_declined,ICICI,11,5,1,1,0.317,0
txn_007046,1686.2,UPI,expired_card,Kotak,18,6,1,1,0.654,0
txn_007047,825.71,Debit Card,insufficient_funds,Kotak,20,4,0,0,0.449,0
txn_007048,214.18,Credit Card,network_timeout,SBI,0,6,1,0,0.831,0
txn_007049,260.69,Wallet,risk_flagged,Axis,16,4,0,0,0.613,0
txn_007050,1416.79,Credit Card,insufficient_funds,Kotak,23,6,1,0,0.845,0
txn_007051,290.38,Debit Card,insufficient_funds,ICICI,12,2,0,1,0.905,0
txn_007052,505.64,UPI,risk_flagged,Kotak,4,1,0,2,0.939,0
txn_007053,3763.74,UPI,insufficient_funds,ICICI,14,2,0,0,0.66,0
txn_007054,1136.77,Credit Card,insufficient_funds,IDFC,21,0,0,0,0.661,0
txn_007055,397.51,Netbanking,risk_flagged,Axis,10,4,0,0,0.762,1
txn_007056,2328.83,Credit Card,network_timeout,ICICI,10,5,1,0,0.675,1
txn_007057,609.69,UPI,network_timeout,Kotak,8,3,0,0,0.906,1
txn_007058,377.76,UPI,network_timeout,ICICI,8,4,0,0,0.985,1
txn_007059,1246.64,Credit Card,bank_server_down,HDFC,14,6,1,0,0.816,1
txn_007060,414.77,Debit Card,insufficient_funds,SBI,16,4,0,1,0.745,0
txn_007061,1105.38,Debit Card,bank_server_down,Kotak,16,4,0,0,0.627,1
txn_007062,722.44,Credit Card,network_timeout,ICICI,0,5,1,1,0.675,1
txn_007063,280.61,Debit Card,insufficient_funds,Axis,13,6,1,0,0.717,0
txn_007064,415.18,Debit Card,bank_server_down,Yes Bank,18,1,0,0,0.955,1
txn_007065,747.86,UPI,network_timeout,HDFC,6,4,0,0,0.655,1
txn_007066,1992.5,UPI,insufficient_funds,Kotak,16,5,1,0,0.959,1
txn_007067,653.18,Wallet,wrong_otp,HDFC,21,3,0,0,0.762,0
txn_007068,28.09,UPI,bank_server_down,Axis,6,0,0,1,0.629,1
txn_007069,136.9,Debit Card,expired_card,HDFC,6,5,1,0,0.65,0
txn_007070,977.56,Debit Card,insufficient_funds,HDFC,5,0,0,0,0.618,0
txn_007071,1058.53,Credit Card,card_declined,ICICI,2,0,0,2,0.868,0
txn_007072,639.64,Debit Card,insufficient_funds,Yes Bank,9,6,1,0,0.781,0
txn_007073,4906.05,Wallet,expired_card,Axis,14,6,1,0,0.533,0
txn_007074,113.92,Netbanking,card_declined,Axis,5,0,0,1,0.71,0
txn_007075,397.47,Netbanking,insufficient_funds,Yes Bank,12,1,0,1,0.65,1
txn_007076,3345.72,Credit Card,bank_server_down,SBI,0,1,0,0,0.782,1
txn_007077,3364.43,Credit Card,network_timeout,Yes Bank,5,6,1,2,0.715,0
txn_007078,281.6,Credit Card,wrong_otp,IDFC,0,1,0,0,0.958,1
txn_007079,638.26,Debit Card,network_timeout,Yes Bank,19,5,1,1,0.944,1
txn_007080,1072.35,UPI,insufficient_funds,IDFC,12,4,0,1,0.617,0
txn_007081,1308.36,Credit Card,wrong_otp,Axis,12,6,1,0,0.605,1
txn_007082,383.1,Credit Card,expired_card,IDFC,9,2,0,1,0.607,0
txn_007083,124.8,Debit Card,insufficient_funds,Axis,0,1,0,1,0.79,1
txn_007084,2084.72,Netbanking,wrong_otp,HDFC,14,2,0,0,0.635,0
txn_007085,1733.7,Credit Card,card_declined,SBI,21,3,0,0,0.863,1
txn_007086,422.94,UPI,network_timeout,HDFC,22,0,0,0,0.707,1
txn_007087,343.32,Debit Card,wrong_otp,IDFC,20,5,1,0,0.96,0
txn_007088,271.56,Netbanking,expired_card,ICICI,6,5,1,1,0.912,1
txn_007089,509.68,UPI,bank_server_down,Axis,17,2,0,1,0.555,1
txn_007090,942.16,Debit Card,card_declined,ICICI,15,1,0,1,0.963,0
txn_007091,999.91,Wallet,insufficient_funds,ICICI,4,5,1,1,0.839,0
txn_007092,896.71,Wallet,expired_card,SBI,5,5,1,0,0.702,0
txn_007093,464.1,UPI,insufficient_funds,SBI,18,6,1,1,0.986,1
txn_007094,596.65,Debit Card,risk_flagged,HDFC,15,5,1,0,0.54,0
txn_007095,1337.89,Netbanking,bank_server_down,Yes Bank,12,4,0,1,0.882,0
txn_007096,782.57,UPI,wrong_otp,Yes Bank,17,3,0,1,0.808,1
txn_007097,767.69,UPI,network_timeout,HDFC,6,4,0,1,0.736,0
txn_007098,715.81,Credit Card,risk_flagged,Axis,5,1,0,1,0.289,0
txn_007099,410.51,UPI,wrong_otp,SBI,2,2,0,2,0.591,0
txn_007100,519.14,UPI,risk_flagged,Axis,15,3,0,0,0.319,0
txn_007101,133.6,UPI,insufficient_funds,Axis,15,0,0,2,0.837,0
txn_007102,239.92,Netbanking,bank_server_down,ICICI,12,4,0,0,0.722,1
txn_007103,222.79,Debit Card,network_timeout,IDFC,1,1,0,3,0.756,1
txn_007104,654.69,Wallet,network_timeout,SBI,13,2,0,0,0.725,1
txn_007105,689.67,UPI,wrong_otp,Kotak,8,4,0,1,0.499,1
txn_007106,478.5,Credit Card,network_timeout,Kotak,8,5,1,1,0.856,1
txn_007107,315.93,UPI,wrong_otp,SBI,3,0,0,0,0.953,1
txn_007108,171.9,UPI,insufficient_funds,HDFC,13,4,0,2,0.907,1
txn_007109,381.5,Credit Card,wrong_otp,Axis,22,4,0,1,0.78,1
txn_007110,1382.79,UPI,bank_server_down,Axis,12,3,0,0,0.847,1
txn_007111,1194.11,Debit Card,insufficient_funds,Kotak,17,5,1,0,0.58,0
txn_007112,236.16,UPI,wrong_otp,HDFC,1,4,0,1,0.92,0
txn_007113,108.75,UPI,insufficient_funds,Kotak,18,4,0,0,0.572,0
txn_007114,116.05,Debit Card,insufficient_funds,ICICI,1,0,0,0,0.68,0
txn_007115,770.89,Wallet,card_declined,IDFC,10,5,1,1,0.513,1
txn_007116,713.05,UPI,bank_server_down,ICICI,19,1,0,2,0.497,0
txn_007117,1185.0,UPI,expired_card,Yes Bank,12,1,0,0,0.719,0
txn_007118,607.76,Credit Card,bank_server_down,Axis,11,0,0,1,0.653,1
txn_007119,101.41,Credit Card,bank_server_down,HDFC,1,3,0,1,0.482,0
txn_007120,1072.14,UPI,wrong_otp,Kotak,2,0,0,1,0.788,1
txn_007121,711.11,Credit Card,bank_server_down,IDFC,14,1,0,2,0.557,0
txn_007122,1268.29,UPI,wrong_otp,Axis,3,3,0,0,0.86,0
txn_007123,3622.94,Credit Card,bank_server_down,SBI,8,4,0,0,0.718,1
txn_007124,545.49,Credit Card,card_declined,IDFC,7,6,1,0,0.719,0
txn_007125,436.23,Debit Card,expired_card,ICICI,9,1,0,1,0.58,0
txn_007126,578.53,UPI,insufficient_funds,HDFC,20,0,0,0,0.786,0
txn_007127,2269.46,UPI,network_timeout,Axis,7,6,1,2,0.756,1
txn_007128,265.89,Debit Card,insufficient_funds,HDFC,8,2,0,0,0.594,0
txn_007129,1012.45,UPI,card_declined,HDFC,8,1,0,2,0.792,0
txn_007130,86.36,UPI,network_timeout,Axis,9,0,0,0,0.522,0
txn_007131,1995.85,UPI,expired_card,HDFC,5,0,0,1,0.74,0
txn_007132,6132.13,UPI,insufficient_funds,IDFC,16,2,0,0,0.679,1
txn_007133,121.86,UPI,wrong_otp,HDFC,19,5,1,0,0.962,1
txn_007134,1932.56,UPI,wrong_otp,SBI,19,3,0,0,0.819,1
txn_007135,473.62,UPI,card_declined,HDFC,7,1,0,1,0.719,1
txn_007136,1207.61,Debit Card,bank_server_down,IDFC,23,4,0,0,0.714,0
txn_007137,35.69,Credit Card,wrong_otp,IDFC,3,2,0,2,0.939,0
txn_007138,1180.39,Wallet,card_declined,HDFC,11,5,1,0,0.616,0
txn_007139,836.26,Credit Card,bank_server_down,HDFC,1,4,0,1,0.625,1
txn_007140,251.59,UPI,insufficient_funds,Kotak,10,5,1,2,0.555,0
txn_007141,1276.79,Credit Card,risk_flagged,SBI,20,5,1,0,0.257,0
txn_007142,220.19,UPI,card_declined,HDFC,8,6,1,1,0.474,0
txn_007143,9964.15,Netbanking,insufficient_funds,ICICI,8,2,0,2,0.634,0
txn_007144,137.46,Credit Card,card_declined,SBI,1,0,0,0,0.865,1
txn_007145,294.46,Debit Card,insufficient_funds,HDFC,13,6,1,2,0.531,0
txn_007146,720.78,UPI,insufficient_funds,IDFC,0,0,0,2,0.665,0
txn_007147,708.18,UPI,wrong_otp,HDFC,5,6,1,2,0.854,0
txn_007148,687.1,UPI,insufficient_funds,ICICI,8,2,0,0,0.648,1
txn_007149,541.56,UPI,network_timeout,ICICI,19,4,0,0,0.775,0
txn_007150,73.91,UPI,insufficient_funds,ICICI,14,6,1,1,0.606,0
txn_007151,1310.01,Debit Card,card_declined,Yes Bank,11,6,1,0,0.761,1
txn_007152,682.1,UPI,insufficient_funds,Yes Bank,7,3,0,0,0.675,0
txn_007153,1268.06,Netbanking,expired_card,Yes Bank,17,4,0,1,0.84,0
txn_007154,1128.3,Wallet,insufficient_funds,IDFC,10,5,1,0,0.342,0
txn_007155,1116.79,Credit Card,insufficient_funds,Kotak,12,0,0,1,0.684,0
txn_007156,183.3,Netbanking,wrong_otp,HDFC,18,4,0,1,0.844,1
txn_007157,904.83,UPI,card_declined,Yes Bank,18,0,0,1,0.866,0
txn_007158,652.54,Debit Card,bank_server_down,Kotak,17,0,0,0,0.893,1
txn_007159,293.29,UPI,insufficient_funds,HDFC,20,2,0,0,0.908,0
txn_007160,693.0,Debit Card,network_timeout,IDFC,21,4,0,0,0.604,1
txn_007161,323.31,UPI,risk_flagged,SBI,20,1,0,0,0.429,1
txn_007162,241.63,UPI,bank_server_down,Axis,19,6,1,1,0.615,1
txn_007163,178.41,Credit Card,wrong_otp,Kotak,8,1,0,1,0.73,1
txn_007164,5497.64,Debit Card,insufficient_funds,Yes Bank,5,3,0,0,0.798,0
txn_007165,2010.4,Debit Card,wrong_otp,Axis,16,6,1,0,0.632,0
txn_007166,142.0,UPI,insufficient_funds,Axis,2,3,0,2,0.94,0
txn_007167,222.69,Wallet,insufficient_funds,ICICI,8,1,0,0,0.63,0
txn_007168,138.74,Credit Card,insufficient_funds,Axis,11,2,0,3,0.813,0
txn_007169,244.96,Netbanking,expired_card,HDFC,22,2,0,2,0.745,0
txn_007170,1100.41,UPI,risk_flagged,Yes Bank,17,4,0,2,0.864,0
txn_007171,322.0,UPI,insufficient_funds,SBI,1,4,0,1,0.591,0
txn_007172,3938.61,UPI,insufficient_funds,Kotak,21,3,0,1,0.49,1
txn_007173,359.51,UPI,network_timeout,Yes Bank,11,6,1,0,0.919,1
txn_007174,1261.4,Wallet,insufficient_funds,Kotak,10,4,0,1,0.768,0
txn_007175,320.98,UPI,network_timeout,HDFC,2,4,0,1,0.923,1
txn_007176,368.51,Credit Card,bank_server_down,IDFC,2,2,0,0,0.968,0
txn_007177,135.02,UPI,insufficient_funds,Yes Bank,22,1,0,1,0.8,0
txn_007178,432.38,UPI,insufficient_funds,Yes Bank,20,6,1,1,0.838,0
txn_007179,81.86,UPI,expired_card,Kotak,15,1,0,0,0.465,0
txn_007180,97.96,Debit Card,wrong_otp,Yes Bank,1,0,0,2,0.906,0
txn_007181,383.86,UPI,risk_flagged,Kotak,16,0,0,0,0.436,0
txn_007182,210.42,Wallet,wrong_otp,Yes Bank,22,0,0,0,0.945,0
txn_007183,2768.06,Credit Card,insufficient_funds,Yes Bank,5,5,1,5,0.392,0
txn_007184,346.33,UPI,network_timeout,HDFC,5,4,0,3,0.466,0
txn_007185,242.17,Netbanking,bank_server_down,IDFC,5,3,0,1,0.904,1
txn_007186,593.26,UPI,network_timeout,Axis,14,0,0,1,0.861,1
txn_007187,393.79,Credit Card,network_timeout,Yes Bank,10,5,1,0,0.665,1
txn_007188,480.52,Credit Card,risk_flagged,Axis,5,0,0,0,0.755,0
txn_007189,2953.25,UPI,network_timeout,HDFC,19,3,0,0,0.448,1
txn_007190,2181.44,Wallet,card_declined,Yes Bank,18,4,0,0,0.906,1
txn_007191,191.06,UPI,insufficient_funds,ICICI,1,0,0,0,0.961,0
txn_007192,885.43,UPI,card_declined,SBI,18,2,0,0,0.442,1
txn_007193,2131.25,Wallet,insufficient_funds,HDFC,4,4,0,0,0.848,0
txn_007194,903.13,Debit Card,bank_server_down,IDFC,20,2,0,1,0.899,1
txn_007195,470.83,Credit Card,bank_server_down,Yes Bank,3,6,1,0,0.786,1
txn_007196,883.52,Credit Card,insufficient_funds,IDFC,19,2,0,1,0.827,0
txn_007197,1622.38,UPI,wrong_otp,Yes Bank,12,1,0,2,0.629,0
txn_007198,266.56,Credit Card,insufficient_funds,Yes Bank,15,3,0,1,0.682,0
txn_007199,457.19,Credit Card,insufficient_funds,HDFC,17,1,0,0,0.759,0
txn_007200,321.56,UPI,insufficient_funds,HDFC,20,4,0,0,0.49,0
txn_007201,100.67,UPI,network_timeout,Yes Bank,8,5,1,2,0.969,0
txn_007202,196.53,UPI,wrong_otp,Kotak,21,6,1,1,0.834,1
txn_007203,224.9,Netbanking,insufficient_funds,HDFC,19,1,0,1,0.664,0
txn_007204,581.68,Credit Card,insufficient_funds,SBI,6,4,0,1,0.937,1
txn_007205,170.3,UPI,insufficient_funds,Kotak,12,2,0,2,0.405,0
txn_007206,680.09,Netbanking,card_declined,IDFC,6,4,0,1,0.871,1
txn_007207,19.73,Credit Card,network_timeout,SBI,17,0,0,2,0.76,0
txn_007208,1120.77,Credit Card,expired_card,HDFC,5,1,0,0,0.471,0
txn_007209,663.51,UPI,risk_flagged,Axis,21,0,0,3,0.678,0
txn_007210,1308.95,Wallet,insufficient_funds,SBI,13,3,0,1,0.626,1
txn_007211,3039.22,Netbanking,card_declined,IDFC,18,3,0,1,0.484,0
txn_007212,427.78,Debit Card,bank_server_down,Axis,9,5,1,0,0.745,1
txn_007213,531.35,UPI,insufficient_funds,Yes Bank,22,2,0,0,0.775,1
txn_007214,1535.11,Netbanking,insufficient_funds,Kotak,11,5,1,0,0.713,0
txn_007215,425.43,Credit Card,card_declined,IDFC,20,1,0,0,0.679,1
txn_007216,788.17,UPI,risk_flagged,SBI,23,3,0,0,0.79,0
txn_007217,496.02,Debit Card,card_declined,HDFC,13,3,0,0,0.717,0
txn_007218,190.77,UPI,expired_card,Axis,11,3,0,1,0.65,0
txn_007219,215.24,Netbanking,expired_card,ICICI,15,4,0,1,0.43,0
txn_007220,381.28,Wallet,card_declined,Kotak,20,0,0,1,0.852,1
txn_007221,413.52,Credit Card,wrong_otp,HDFC,14,1,0,1,0.815,1
txn_007222,236.5,Wallet,insufficient_funds,HDFC,6,6,1,1,0.627,0
txn_007223,1793.72,UPI,card_declined,Yes Bank,12,6,1,1,0.773,1
txn_007224,275.2,Debit Card,network_timeout,HDFC,8,6,1,1,0.692,1
txn_007225,1417.21,UPI,bank_server_down,Axis,19,5,1,1,0.871,1
txn_007226,1937.19,Debit Card,risk_flagged,SBI,6,1,0,0,0.761,1
txn_007227,173.21,Credit Card,bank_server_down,Kotak,19,4,0,0,0.825,1
txn_007228,315.15,Netbanking,network_timeout,SBI,9,0,0,2,0.777,0
txn_007229,9030.77,Netbanking,card_declined,HDFC,23,4,0,0,0.801,0
txn_007230,436.56,Credit Card,network_timeout,ICICI,1,6,1,2,0.86,1
txn_007231,883.79,UPI,wrong_otp,Kotak,18,1,0,0,0.884,1
txn_007232,254.51,Netbanking,bank_server_down,ICICI,22,1,0,2,0.976,0
txn_007233,4639.98,UPI,wrong_otp,Axis,2,6,1,0,0.886,0
txn_007234,924.63,Credit Card,insufficient_funds,Axis,0,0,0,1,0.802,0
txn_007235,2340.67,UPI,card_declined,ICICI,11,0,0,0,0.527,0
txn_007236,2479.75,UPI,insufficient_funds,Kotak,3,4,0,0,0.61,0
txn_007237,517.91,UPI,insufficient_funds,HDFC,10,1,0,0,0.713,1
txn_007238,1137.86,UPI,network_timeout,Yes Bank,15,2,0,0,0.809,1
txn_007239,873.9,Netbanking,wrong_otp,IDFC,23,1,0,1,0.568,0
txn_007240,672.5,Debit Card,insufficient_funds,Kotak,22,2,0,0,0.694,0
txn_007241,2132.53,UPI,insufficient_funds,IDFC,12,6,1,0,0.626,1
txn_007242,1003.89,UPI,insufficient_funds,Yes Bank,7,6,1,2,0.763,1
txn_007243,136.86,Debit Card,insufficient_funds,SBI,10,5,1,0,0.705,1
txn_007244,623.11,Debit Card,network_timeout,ICICI,14,6,1,0,0.748,1
txn_007245,1824.75,Debit Card,wrong_otp,ICICI,18,3,0,0,0.964,0
txn_007246,1125.53,UPI,expired_card,ICICI,14,1,0,0,0.671,0
txn_007247,977.75,UPI,risk_flagged,SBI,18,0,0,2,0.968,0
txn_007248,142.95,UPI,insufficient_funds,SBI,13,4,0,1,0.71,0
txn_007249,2251.98,Debit Card,insufficient_funds,HDFC,7,4,0,0,0.715,0
txn_007250,195.01,Debit Card,insufficient_funds,IDFC,13,5,1,0,0.902,0
txn_007251,464.99,UPI,bank_server_down,HDFC,3,5,1,0,0.664,1
txn_007252,453.67,Credit Card,card_declined,Kotak,17,3,0,1,0.608,1
txn_007253,1198.41,Netbanking,network_timeout,Yes Bank,16,5,1,0,0.224,0
txn_007254,116.77,UPI,card_declined,SBI,14,4,0,0,0.38,1
txn_007255,2179.31,UPI,network_timeout,ICICI,1,4,0,0,0.927,1
txn_007256,980.1,Debit Card,bank_server_down,ICICI,14,1,0,2,0.799,0
txn_007257,1408.53,Credit Card,card_declined,Yes Bank,18,0,0,2,0.643,0
txn_007258,619.13,UPI,insufficient_funds,SBI,6,2,0,1,0.688,1
txn_007259,1599.03,UPI,network_timeout,SBI,19,0,0,0,0.815,1
txn_007260,522.18,Debit Card,bank_server_down,Kotak,0,6,1,1,0.91,1
txn_007261,1314.96,Credit Card,card_declined,Kotak,10,1,0,1,0.603,0
txn_007262,1196.35,UPI,card_declined,ICICI,0,3,0,1,0.786,1
txn_007263,154.71,Wallet,bank_server_down,Yes Bank,17,4,0,1,0.845,1
txn_007264,297.25,Debit Card,network_timeout,SBI,13,5,1,1,0.634,0
txn_007265,2273.06,Netbanking,card_declined,ICICI,18,5,1,2,0.44,0
txn_007266,2863.09,UPI,insufficient_funds,Axis,7,0,0,0,0.854,0
txn_007267,257.84,UPI,wrong_otp,Yes Bank,3,2,0,0,0.799,1
txn_007268,4669.94,UPI,risk_flagged,Axis,8,4,0,1,0.793,0
txn_007269,1740.76,UPI,insufficient_funds,Axis,19,2,0,2,0.594,0
txn_007270,532.32,Debit Card,network_timeout,SBI,17,2,0,0,0.777,1
txn_007271,1350.68,UPI,bank_server_down,IDFC,3,2,0,0,0.823,0
txn_007272,516.56,UPI,bank_server_down,HDFC,11,3,0,1,0.676,1
txn_007273,613.26,UPI,insufficient_funds,Axis,10,6,1,1,0.68,0
txn_007274,477.66,Debit Card,risk_flagged,HDFC,13,3,0,1,0.432,0
txn_007275,676.87,Credit Card,network_timeout,SBI,18,2,0,0,0.781,0
txn_007276,1391.66,Credit Card,card_declined,HDFC,22,2,0,0,0.736,1
txn_007277,838.59,Debit Card,insufficient_funds,Kotak,4,2,0,2,0.745,0
txn_007278,2387.7,Credit Card,network_timeout,IDFC,5,3,0,1,0.483,1
txn_007279,251.09,UPI,network_timeout,HDFC,17,2,0,0,0.794,0
txn_007280,348.29,Debit Card,insufficient_funds,HDFC,7,6,1,2,0.822,0
txn_007281,515.87,Debit Card,wrong_otp,HDFC,16,2,0,1,0.611,0
txn_007282,267.42,UPI,network_timeout,Kotak,6,0,0,0,0.816,1
txn_007283,850.39,Credit Card,network_timeout,Axis,17,5,1,1,0.453,1
txn_007284,824.67,UPI,bank_server_down,IDFC,12,5,1,2,0.526,0
txn_007285,1017.66,UPI,bank_server_down,IDFC,18,2,0,2,0.849,0
txn_007286,2801.95,UPI,wrong_otp,Axis,8,5,1,1,0.654,1
txn_007287,771.66,UPI,risk_flagged,SBI,1,0,0,1,0.353,0
txn_007288,2023.85,UPI,insufficient_funds,Yes Bank,3,3,0,0,0.786,0
txn_007289,1036.55,UPI,bank_server_down,SBI,15,5,1,1,0.736,0
txn_007290,351.73,Wallet,network_timeout,ICICI,0,0,0,2,0.799,0
txn_007291,240.67,Credit Card,bank_server_down,HDFC,5,1,0,0,0.463,1
txn_007292,3955.34,UPI,bank_server_down,IDFC,14,5,1,0,0.679,0
txn_007293,797.14,UPI,insufficient_funds,SBI,7,0,0,0,0.519,0
txn_007294,786.56,UPI,wrong_otp,Yes Bank,9,6,1,1,0.704,0
txn_007295,2103.48,Credit Card,insufficient_funds,Axis,4,2,0,0,0.762,0
txn_007296,724.49,Netbanking,network_timeout,HDFC,23,0,0,2,0.849,0
txn_007297,1139.55,Debit Card,bank_server_down,ICICI,4,1,0,3,0.301,0
txn_007298,231.22,Credit Card,bank_server_down,HDFC,18,2,0,0,0.897,1
txn_007299,1072.56,UPI,risk_flagged,Yes Bank,10,4,0,0,0.758,1
txn_007300,127.98,UPI,card_declined,IDFC,7,1,0,1,0.971,1
txn_007301,768.6,UPI,network_timeout,HDFC,16,5,1,1,0.387,0
txn_007302,1672.96,UPI,bank_server_down,Yes Bank,8,1,0,1,0.547,1
txn_007303,1522.47,Credit Card,bank_server_down,Axis,22,6,1,0,0.782,1
txn_007304,533.03,Debit Card,network_timeout,SBI,22,1,0,2,0.656,0
txn_007305,146.71,UPI,risk_flagged,Yes Bank,17,4,0,2,0.777,0
txn_007306,445.76,Credit Card,wrong_otp,Axis,11,3,0,0,0.707,0
txn_007307,768.77,Credit Card,insufficient_funds,HDFC,9,6,1,0,0.743,0
txn_007308,522.95,Debit Card,risk_flagged,IDFC,10,5,1,1,0.47,1
txn_007309,3349.47,Credit Card,bank_server_down,Yes Bank,8,2,0,2,0.914,0
txn_007310,847.27,UPI,risk_flagged,Axis,21,5,1,0,0.584,0
txn_007311,2047.63,UPI,insufficient_funds,IDFC,11,5,1,1,0.575,1
txn_007312,5979.61,UPI,insufficient_funds,SBI,3,6,1,1,0.733,0
txn_007313,968.84,Debit Card,bank_server_down,HDFC,0,5,1,0,0.633,1
txn_007314,221.95,Credit Card,wrong_otp,HDFC,8,1,0,0,0.329,0
txn_007315,2596.34,Credit Card,insufficient_funds,ICICI,4,4,0,1,0.993,1
txn_007316,991.24,Wallet,wrong_otp,Yes Bank,16,1,0,0,0.582,1
txn_007317,370.18,Credit Card,wrong_otp,Kotak,5,3,0,0,0.586,0
txn_007318,247.23,Netbanking,network_timeout,SBI,6,3,0,0,0.579,0
txn_007319,579.45,UPI,expired_card,Yes Bank,5,0,0,0,0.67,0
txn_007320,499.65,UPI,insufficient_funds,HDFC,14,4,0,2,0.72,1
txn_007321,601.78,Debit Card,insufficient_funds,ICICI,7,3,0,0,0.876,1
txn_007322,986.5,Wallet,wrong_otp,IDFC,14,4,0,4,0.573,0
txn_007323,2072.91,UPI,bank_server_down,HDFC,19,1,0,0,0.768,1
txn_007324,1791.78,Debit Card,bank_server_down,Yes Bank,0,1,0,0,0.823,0
txn_007325,615.81,Credit Card,bank_server_down,Yes Bank,19,5,1,1,0.893,1
txn_007326,2501.08,Credit Card,wrong_otp,HDFC,9,1,0,1,0.89,1
txn_007327,446.31,Debit Card,insufficient_funds,Axis,13,1,0,2,0.933,0
txn_007328,566.12,Credit Card,expired_card,Axis,21,6,1,1,0.94,0
txn_007329,96.48,Credit Card,wrong_otp,IDFC,12,1,0,0,0.917,0
txn_007330,742.37,UPI,network_timeout,Kotak,16,4,0,2,0.776,0
txn_007331,471.5,UPI,insufficient_funds,Axis,15,6,1,0,0.609,0
txn_007332,558.93,UPI,network_timeout,HDFC,3,1,0,0,0.682,1
txn_007333,1282.54,UPI,insufficient_funds,IDFC,19,4,0,1,0.87,1
txn_007334,342.52,Netbanking,bank_server_down,IDFC,0,4,0,0,0.76,1
txn_007335,217.23,Debit Card,network_timeout,HDFC,9,4,0,2,0.716,1
txn_007336,241.34,Credit Card,bank_server_down,ICICI,23,4,0,1,0.802,1
txn_007337,543.65,Credit Card,card_declined,SBI,5,2,0,0,0.732,0
txn_007338,855.11,Netbanking,wrong_otp,SBI,9,0,0,1,0.686,0
txn_007339,3278.32,UPI,insufficient_funds,Axis,14,4,0,0,0.562,1
txn_007340,1653.85,UPI,risk_flagged,Axis,17,2,0,1,0.803,0
txn_007341,390.52,Netbanking,risk_flagged,IDFC,16,1,0,0,0.669,0
txn_007342,980.6,UPI,wrong_otp,IDFC,5,4,0,1,0.76,1
txn_007343,301.41,UPI,wrong_otp,Axis,7,2,0,1,0.659,0
txn_007344,263.27,UPI,wrong_otp,Yes Bank,6,1,0,0,0.801,0
txn_007345,3298.98,Wallet,wrong_otp,Kotak,6,1,0,0,0.557,0
txn_007346,1852.09,UPI,bank_server_down,Kotak,23,0,0,0,0.929,1
txn_007347,577.57,Debit Card,card_declined,Kotak,2,6,1,2,0.256,0
txn_007348,494.3,Debit Card,bank_server_down,Kotak,21,1,0,0,0.821,1
txn_007349,666.29,Credit Card,expired_card,Axis,13,1,0,0,0.76,0
txn_007350,623.42,Netbanking,insufficient_funds,HDFC,20,5,1,0,0.773,0
txn_007351,139.94,Netbanking,wrong_otp,Axis,12,2,0,0,0.823,1
txn_007352,712.7,UPI,network_timeout,ICICI,0,3,0,0,0.632,0
txn_007353,3065.48,Credit Card,card_declined,Kotak,20,5,1,0,0.755,1
txn_007354,2167.43,UPI,network_timeout,Kotak,1,3,0,2,0.943,0
txn_007355,2586.12,Credit Card,network_timeout,IDFC,12,1,0,0,0.605,0
txn_007356,145.86,Wallet,risk_flagged,HDFC,7,3,0,0,0.864,1
txn_007357,290.39,Debit Card,bank_server_down,Kotak,19,4,0,0,0.895,1
txn_007358,102.37,UPI,bank_server_down,ICICI,5,3,0,1,0.77,1
txn_007359,326.3,UPI,insufficient_funds,Axis,20,6,1,0,0.53,1
txn_007360,264.68,UPI,insufficient_funds,Kotak,2,3,0,0,0.646,1
txn_007361,425.35,Credit Card,expired_card,Kotak,15,0,0,1,0.659,0
txn_007362,1393.71,Wallet,card_declined,IDFC,18,0,0,1,0.692,0
txn_007363,950.4,Credit Card,bank_server_down,ICICI,17,5,1,1,0.919,1
txn_007364,896.97,Debit Card,bank_server_down,Yes Bank,19,4,0,0,0.652,0
txn_007365,403.4,UPI,bank_server_down,Yes Bank,5,6,1,1,0.638,1
txn_007366,1115.74,UPI,expired_card,IDFC,18,5,1,1,0.554,0
txn_007367,518.48,Credit Card,wrong_otp,HDFC,16,6,1,2,0.918,0
txn_007368,6911.79,Debit Card,wrong_otp,SBI,9,5,1,2,0.647,0
txn_007369,1229.87,UPI,insufficient_funds,IDFC,4,1,0,0,0.844,0
txn_007370,409.59,UPI,wrong_otp,Axis,17,1,0,0,0.788,0
txn_007371,250.7,Credit Card,insufficient_funds,Kotak,21,6,1,1,0.798,1
txn_007372,677.39,Credit Card,card_declined,Kotak,22,2,0,0,0.737,1
txn_007373,5670.73,Debit Card,insufficient_funds,ICICI,21,1,0,0,0.575,1
txn_007374,228.57,Netbanking,insufficient_funds,IDFC,6,2,0,0,0.588,0
txn_007375,1140.73,UPI,bank_server_down,HDFC,8,5,1,2,0.543,1
txn_007376,458.04,Debit Card,insufficient_funds,Axis,4,6,1,0,0.451,0
txn_007377,9576.99,UPI,network_timeout,IDFC,8,1,0,1,0.5,0
txn_007378,154.18,UPI,card_declined,SBI,2,4,0,2,0.49,1
txn_007379,4370.18,UPI,insufficient_funds,Axis,6,6,1,2,0.926,0
txn_007380,489.06,UPI,bank_server_down,HDFC,8,0,0,0,0.788,1
txn_007381,450.44,Wallet,wrong_otp,SBI,14,5,1,0,0.573,1
txn_007382,779.9,Debit Card,insufficient_funds,SBI,3,4,0,1,0.767,0
txn_007383,832.78,Wallet,insufficient_funds,ICICI,6,2,0,0,0.374,0
txn_007384,710.24,UPI,insufficient_funds,Kotak,20,3,0,1,0.924,1
txn_007385,1472.25,Credit Card,wrong_otp,ICICI,10,6,1,1,0.376,0
txn_007386,238.26,UPI,insufficient_funds,SBI,16,5,1,2,0.925,1
txn_007387,539.42,Debit Card,bank_server_down,ICICI,9,5,1,1,0.607,1
txn_007388,249.95,Netbanking,insufficient_funds,Axis,21,4,0,0,0.537,1
txn_007389,378.83,UPI,bank_server_down,HDFC,15,0,0,2,0.815,0
txn_007390,464.7,Credit Card,bank_server_down,Kotak,9,4,0,0,0.895,1
txn_007391,624.94,UPI,wrong_otp,IDFC,2,2,0,0,0.819,1
txn_007392,662.98,Credit Card,network_timeout,IDFC,15,1,0,0,0.696,1
txn_007393,165.85,Netbanking,wrong_otp,Yes Bank,12,0,0,1,0.582,1
txn_007394,341.62,Debit Card,wrong_otp,ICICI,9,6,1,1,0.877,1
txn_007395,1726.34,Credit Card,network_timeout,SBI,21,0,0,0,0.88,1
txn_007396,1055.12,UPI,insufficient_funds,Yes Bank,1,3,0,2,0.495,0
txn_007397,337.29,Debit Card,expired_card,IDFC,14,0,0,0,0.828,0
txn_007398,799.99,Debit Card,network_timeout,Yes Bank,11,6,1,3,0.633,1
txn_007399,3106.32,Netbanking,network_timeout,SBI,9,4,0,0,0.477,1
txn_007400,1945.54,UPI,network_timeout,IDFC,20,1,0,0,0.601,1
txn_007401,870.93,UPI,insufficient_funds,HDFC,0,2,0,0,0.815,0
txn_007402,199.98,UPI,risk_flagged,Kotak,19,2,0,2,0.885,0
txn_007403,118.89,UPI,insufficient_funds,ICICI,11,2,0,0,0.882,1
txn_007404,147.94,UPI,risk_flagged,HDFC,12,4,0,0,0.906,1
txn_007405,363.17,Netbanking,card_declined,ICICI,9,1,0,0,0.88,0
txn_007406,520.61,UPI,insufficient_funds,IDFC,0,2,0,0,0.708,0
txn_007407,832.58,Netbanking,card_declined,HDFC,2,6,1,0,0.844,1
txn_007408,1196.5,UPI,card_declined,Yes Bank,4,3,0,0,0.569,0
txn_007409,613.76,Credit Card,insufficient_funds,Kotak,22,6,1,0,0.58,1
txn_007410,764.38,Debit Card,insufficient_funds,SBI,3,3,0,0,0.813,0
txn_007411,1466.26,UPI,card_declined,Kotak,6,2,0,1,0.75,0
txn_007412,1254.59,UPI,risk_flagged,ICICI,16,1,0,1,0.695,0
txn_007413,781.66,Credit Card,network_timeout,Axis,2,5,1,0,0.685,0
txn_007414,1067.0,UPI,risk_flagged,HDFC,5,6,1,1,0.702,0
txn_007415,189.89,Credit Card,insufficient_funds,SBI,7,5,1,1,0.802,0
txn_007416,3301.64,UPI,bank_server_down,Axis,12,1,0,1,0.557,1
txn_007417,406.6,UPI,network_timeout,ICICI,22,6,1,1,0.61,1
txn_007418,1010.81,Credit Card,insufficient_funds,HDFC,18,0,0,1,0.508,0
txn_007419,792.38,Credit Card,card_declined,ICICI,5,0,0,0,0.32,0
txn_007420,187.18,Netbanking,insufficient_funds,HDFC,18,4,0,1,0.544,0
txn_007421,756.27,Credit Card,wrong_otp,SBI,4,6,1,0,0.896,1
txn_007422,630.14,Credit Card,expired_card,IDFC,11,1,0,1,0.642,0
txn_007423,546.1,UPI,wrong_otp,Kotak,4,1,0,0,0.867,1
txn_007424,352.24,UPI,card_declined,HDFC,12,1,0,0,0.797,0
txn_007425,266.08,UPI,insufficient_funds,HDFC,22,5,1,0,0.803,0
txn_007426,678.93,Debit Card,insufficient_funds,Yes Bank,19,6,1,0,0.652,0
txn_007427,683.42,Debit Card,expired_card,HDFC,4,3,0,1,0.856,0
txn_007428,909.83,UPI,card_declined,SBI,10,0,0,1,0.635,1
txn_007429,1496.85,Debit Card,bank_server_down,ICICI,3,6,1,1,0.917,0
txn_007430,294.74,Debit Card,wrong_otp,IDFC,0,4,0,0,0.82,0
txn_007431,535.36,Credit Card,card_declined,SBI,0,3,0,2,0.762,1
txn_007432,1335.05,Credit Card,wrong_otp,IDFC,4,2,0,1,0.535,0
txn_007433,161.75,Debit Card,bank_server_down,HDFC,17,4,0,3,0.685,1
txn_007434,691.99,Debit Card,insufficient_funds,IDFC,16,1,0,2,0.611,0
txn_007435,315.1,UPI,bank_server_down,HDFC,8,3,0,1,0.647,0
txn_007436,1822.87,UPI,network_timeout,ICICI,10,5,1,2,0.263,0
txn_007437,2142.72,UPI,insufficient_funds,ICICI,7,5,1,1,0.843,0
txn_007438,689.38,Wallet,wrong_otp,Yes Bank,13,0,0,2,0.717,0
txn_007439,284.72,UPI,bank_server_down,Kotak,15,3,0,0,0.958,0
txn_007440,181.78,Credit Card,insufficient_funds,Yes Bank,5,2,0,1,0.442,1
txn_007441,2997.95,Debit Card,bank_server_down,Kotak,19,4,0,0,0.743,1
txn_007442,271.87,Wallet,wrong_otp,SBI,20,2,0,1,0.761,0
txn_007443,409.96,UPI,network_timeout,Axis,0,4,0,3,0.753,1
txn_007444,1432.43,UPI,network_timeout,Yes Bank,21,2,0,1,0.696,1
txn_007445,94.46,Netbanking,network_timeout,SBI,12,6,1,2,0.429,0
txn_007446,947.18,Debit Card,wrong_otp,Kotak,11,0,0,1,0.788,1
txn_007447,1168.28,Debit Card,insufficient_funds,Yes Bank,12,4,0,1,0.62,1
txn_007448,465.51,Wallet,card_declined,SBI,1,4,0,0,0.46,0
txn_007449,200.67,UPI,risk_flagged,HDFC,23,2,0,2,0.627,0
txn_007450,574.22,UPI,insufficient_funds,Yes Bank,19,1,0,1,0.864,0
txn_007451,425.21,Wallet,insufficient_funds,Axis,20,3,0,0,0.812,0
txn_007452,946.78,Credit Card,bank_server_down,Yes Bank,13,0,0,0,0.413,1
txn_007453,384.58,Credit Card,network_timeout,SBI,21,3,0,1,0.83,0
txn_007454,794.41,Credit Card,wrong_otp,Axis,3,5,1,0,0.722,1
txn_007455,183.66,UPI,insufficient_funds,ICICI,17,3,0,3,0.85,0
txn_007456,947.3,Wallet,bank_server_down,IDFC,5,0,0,1,0.802,0
txn_007457,2095.7,UPI,network_timeout,ICICI,10,0,0,0,0.758,1
txn_007458,789.38,UPI,network_timeout,IDFC,4,6,1,0,0.629,1
txn_007459,1514.71,UPI,insufficient_funds,ICICI,7,6,1,1,0.449,1
txn_007460,292.35,Wallet,bank_server_down,Yes Bank,12,3,0,0,0.629,1
txn_007461,2116.57,Debit Card,insufficient_funds,ICICI,14,4,0,3,0.518,0
txn_007462,258.23,UPI,bank_server_down,HDFC,1,1,0,2,0.818,0
txn_007463,5919.67,Credit Card,risk_flagged,HDFC,3,6,1,0,0.651,0
txn_007464,984.99,UPI,card_declined,HDFC,2,6,1,1,0.617,1
txn_007465,542.06,Debit Card,insufficient_funds,ICICI,9,4,0,1,0.815,1
txn_007466,102.86,Debit Card,insufficient_funds,HDFC,7,3,0,3,0.753,0
txn_007467,117.0,UPI,insufficient_funds,Kotak,19,0,0,1,0.713,0
txn_007468,231.81,UPI,insufficient_funds,ICICI,21,6,1,0,0.628,0
txn_007469,71.88,Debit Card,insufficient_funds,Axis,21,1,0,1,0.376,0
txn_007470,1850.19,UPI,network_timeout,Yes Bank,3,5,1,0,0.458,1
txn_007471,524.78,UPI,card_declined,HDFC,13,1,0,0,0.695,0
txn_007472,88.04,UPI,card_declined,ICICI,14,6,1,1,0.599,0
txn_007473,432.57,Credit Card,wrong_otp,Kotak,18,6,1,0,0.799,0
txn_007474,418.28,Debit Card,card_declined,SBI,13,6,1,0,0.703,0
txn_007475,191.76,Debit Card,risk_flagged,IDFC,21,3,0,2,0.613,0
txn_007476,1326.31,Credit Card,card_declined,Kotak,0,3,0,0,0.915,0
txn_007477,217.16,UPI,expired_card,Axis,22,6,1,0,0.782,0
txn_007478,131.61,Debit Card,wrong_otp,SBI,19,5,1,1,0.849,1
txn_007479,3421.08,UPI,insufficient_funds,HDFC,3,2,0,0,0.774,0
txn_007480,135.74,Debit Card,insufficient_funds,SBI,16,0,0,0,0.66,0
txn_007481,271.4,Debit Card,insufficient_funds,Axis,1,6,1,0,0.659,0
txn_007482,259.89,Debit Card,wrong_otp,ICICI,13,4,0,1,0.95,1
txn_007483,265.61,UPI,network_timeout,Yes Bank,20,5,1,0,0.421,1
txn_007484,3868.13,UPI,card_declined,SBI,1,2,0,1,0.839,1
txn_007485,364.42,UPI,insufficient_funds,HDFC,21,1,0,0,0.369,0
txn_007486,2003.19,Credit Card,expired_card,Kotak,9,4,0,1,0.677,0
txn_007487,500.01,UPI,insufficient_funds,Yes Bank,12,4,0,0,0.721,0
txn_007488,86.6,UPI,insufficient_funds,HDFC,8,0,0,2,0.343,1
txn_007489,252.2,Debit Card,expired_card,HDFC,9,3,0,0,0.458,0
txn_007490,101.48,Debit Card,insufficient_funds,HDFC,17,1,0,0,0.61,0
txn_007491,418.36,UPI,risk_flagged,Kotak,19,1,0,1,0.411,0
txn_007492,107.69,UPI,card_declined,Axis,6,4,0,1,0.629,0
txn_007493,400.59,UPI,card_declined,HDFC,4,3,0,0,0.454,0
txn_007494,301.41,Netbanking,card_declined,ICICI,16,3,0,1,0.491,0
txn_007495,9885.81,Debit Card,wrong_otp,Kotak,0,2,0,1,0.428,1
txn_007496,320.97,Credit Card,bank_server_down,IDFC,7,4,0,0,0.651,0
txn_007497,421.83,Credit Card,insufficient_funds,HDFC,17,3,0,0,0.613,0
txn_007498,1294.79,UPI,wrong_otp,Kotak,6,0,0,1,0.927,0
txn_007499,934.49,Credit Card,insufficient_funds,Yes Bank,1,5,1,3,0.813,0
txn_007500,1148.37,Credit Card,network_timeout,IDFC,15,3,0,1,0.847,1
txn_007501,1202.98,UPI,insufficient_funds,Kotak,13,6,1,3,0.701,0
txn_007502,603.97,UPI,insufficient_funds,Axis,16,4,0,0,0.665,0
txn_007503,1656.4,Credit Card,network_timeout,Axis,4,1,0,0,0.712,1
txn_007504,277.32,Debit Card,expired_card,Kotak,5,5,1,0,0.764,0
txn_007505,5534.4,Debit Card,insufficient_funds,SBI,18,6,1,0,0.791,0
txn_007506,1671.77,Debit Card,wrong_otp,IDFC,0,1,0,0,0.674,1
txn_007507,739.33,Credit Card,card_declined,ICICI,12,3,0,1,0.55,1
txn_007508,1247.33,Debit Card,insufficient_funds,SBI,0,5,1,0,0.481,0
txn_007509,5394.13,Wallet,network_timeout,ICICI,22,1,0,0,0.466,1
txn_007510,1248.34,UPI,insufficient_funds,IDFC,14,3,0,2,0.592,0
txn_007511,4022.02,UPI,insufficient_funds,IDFC,11,1,0,0,0.91,0
txn_007512,1101.93,Debit Card,expired_card,IDFC,3,1,0,1,0.532,0
txn_007513,550.07,Debit Card,wrong_otp,Kotak,13,0,0,0,0.921,1
txn_007514,290.87,Credit Card,insufficient_funds,Yes Bank,8,1,0,0,0.861,0
txn_007515,166.89,UPI,network_timeout,Kotak,5,1,0,0,0.797,0
txn_007516,764.49,Debit Card,bank_server_down,IDFC,20,4,0,0,0.968,1
txn_007517,875.96,Debit Card,bank_server_down,IDFC,18,3,0,0,0.731,1
txn_007518,1050.12,UPI,network_timeout,IDFC,12,1,0,1,0.784,0
txn_007519,284.86,UPI,risk_flagged,Axis,5,2,0,1,0.676,0
txn_007520,429.91,Debit Card,card_declined,Axis,22,0,0,0,0.431,0
txn_007521,135.43,UPI,bank_server_down,Axis,8,2,0,0,0.845,1
txn_007522,1167.58,UPI,card_declined,ICICI,22,3,0,1,0.485,0
txn_007523,1266.01,UPI,network_timeout,HDFC,9,1,0,1,0.857,1
txn_007524,1637.08,Debit Card,bank_server_down,IDFC,8,5,1,0,0.557,1
txn_007525,221.81,Credit Card,card_declined,IDFC,0,5,1,0,0.664,1
txn_007526,486.77,UPI,network_timeout,Kotak,9,3,0,0,0.895,1
txn_007527,123.04,Credit Card,network_timeout,IDFC,22,6,1,0,0.685,1
txn_007528,142.77,Debit Card,insufficient_funds,IDFC,20,6,1,1,0.656,1
txn_007529,476.22,UPI,risk_flagged,IDFC,20,5,1,0,0.475,0
txn_007530,233.14,UPI,insufficient_funds,Axis,16,4,0,1,0.236,1
txn_007531,1471.94,Debit Card,expired_card,Kotak,21,4,0,0,0.808,0
txn_007532,236.08,UPI,insufficient_funds,Yes Bank,18,6,1,2,0.55,0
txn_007533,270.65,Debit Card,bank_server_down,ICICI,22,1,0,1,0.845,1
txn_007534,16.13,UPI,card_declined,Yes Bank,0,1,0,0,0.624,0
txn_007535,494.14,Debit Card,bank_server_down,Kotak,18,1,0,0,0.536,1
txn_007536,209.94,UPI,wrong_otp,HDFC,12,1,0,1,0.965,1
txn_007537,214.22,Credit Card,insufficient_funds,Axis,9,1,0,3,0.86,0
txn_007538,82.9,Netbanking,network_timeout,HDFC,20,6,1,1,0.683,1
txn_007539,2321.06,Credit Card,expired_card,Kotak,4,5,1,1,0.687,0
txn_007540,5145.95,UPI,wrong_otp,Axis,0,1,0,0,0.605,0
txn_007541,170.78,Credit Card,insufficient_funds,Axis,3,2,0,2,0.909,1
txn_007542,984.06,UPI,insufficient_funds,HDFC,5,6,1,0,0.713,0
txn_007543,1032.49,Debit Card,wrong_otp,SBI,19,4,0,2,0.853,0
txn_007544,249.13,Credit Card,insufficient_funds,Yes Bank,22,1,0,0,0.763,1
txn_007545,464.65,UPI,wrong_otp,HDFC,4,3,0,0,0.889,0
txn_007546,524.53,Credit Card,insufficient_funds,SBI,2,6,1,2,0.762,0
txn_007547,3898.6,Credit Card,insufficient_funds,IDFC,11,1,0,0,0.782,0
txn_007548,283.98,Credit Card,wrong_otp,HDFC,20,6,1,1,0.838,0
txn_007549,343.84,UPI,wrong_otp,ICICI,23,0,0,0,0.885,1
txn_007550,4661.95,UPI,expired_card,HDFC,10,2,0,0,0.725,1
txn_007551,306.23,Netbanking,card_declined,ICICI,8,1,0,1,0.629,1
txn_007552,659.23,Credit Card,network_timeout,HDFC,16,1,0,0,0.765,0
txn_007553,267.81,Debit Card,risk_flagged,SBI,14,0,0,2,0.868,0
txn_007554,1515.17,UPI,bank_server_down,IDFC,1,4,0,1,0.845,1
txn_007555,1174.2,UPI,insufficient_funds,ICICI,2,0,0,1,0.389,1
txn_007556,227.6,UPI,bank_server_down,ICICI,22,6,1,1,0.686,0
txn_007557,596.14,UPI,insufficient_funds,IDFC,18,0,0,0,0.843,0
txn_007558,1258.01,UPI,network_timeout,Yes Bank,21,2,0,2,0.302,1
txn_007559,443.5,Credit Card,card_declined,Kotak,6,1,0,0,0.604,0
txn_007560,1297.19,Credit Card,insufficient_funds,HDFC,2,1,0,3,0.661,0
txn_007561,237.69,Netbanking,insufficient_funds,IDFC,0,0,0,1,0.483,0
txn_007562,1162.46,Credit Card,card_declined,IDFC,19,1,0,0,0.852,0
txn_007563,3757.16,Credit Card,wrong_otp,SBI,14,5,1,1,0.54,0
txn_007564,1346.12,Debit Card,bank_server_down,Yes Bank,20,2,0,1,0.892,1
txn_007565,762.24,UPI,expired_card,ICICI,2,3,0,4,0.788,0
txn_007566,2171.67,UPI,wrong_otp,IDFC,6,5,1,1,0.608,0
txn_007567,812.97,UPI,network_timeout,HDFC,10,1,0,0,0.638,0
txn_007568,3302.75,UPI,insufficient_funds,Axis,23,6,1,1,0.795,0
txn_007569,691.82,Credit Card,insufficient_funds,Kotak,19,5,1,1,0.752,1
txn_007570,222.95,Debit Card,card_declined,Axis,4,0,0,0,0.639,0
txn_007571,1348.06,UPI,bank_server_down,SBI,23,2,0,0,0.674,1
txn_007572,1339.6,Credit Card,card_declined,ICICI,22,2,0,0,0.417,1
txn_007573,1209.86,UPI,bank_server_down,SBI,4,5,1,1,0.711,0
txn_007574,1079.44,Credit Card,bank_server_down,Yes Bank,8,0,0,1,0.213,1
txn_007575,1427.87,UPI,insufficient_funds,ICICI,3,0,0,0,0.625,0
txn_007576,511.97,Debit Card,wrong_otp,Kotak,5,5,1,0,0.482,0
txn_007577,300.47,Debit Card,risk_flagged,Yes Bank,6,6,1,1,0.375,0
txn_007578,360.38,UPI,risk_flagged,IDFC,14,1,0,1,0.873,0
txn_007579,3218.69,UPI,insufficient_funds,Kotak,22,4,0,0,0.947,0
txn_007580,563.09,UPI,card_declined,Kotak,4,6,1,1,0.838,0
txn_007581,65.57,Wallet,expired_card,SBI,10,1,0,0,0.786,0
txn_007582,1832.51,Credit Card,network_timeout,HDFC,14,0,0,1,0.817,1
txn_007583,745.92,UPI,insufficient_funds,ICICI,20,1,0,0,0.406,0
txn_007584,2161.26,UPI,insufficient_funds,Kotak,20,6,1,3,0.867,0
txn_007585,601.77,Debit Card,network_timeout,Axis,21,1,0,1,0.897,1
txn_007586,4905.99,Credit Card,expired_card,Yes Bank,2,0,0,0,0.847,0
txn_007587,982.81,UPI,insufficient_funds,IDFC,22,4,0,1,0.906,1
txn_007588,91.93,UPI,card_declined,Kotak,21,2,0,1,0.712,0
txn_007589,279.47,UPI,risk_flagged,IDFC,23,4,0,0,0.775,0
txn_007590,137.05,Credit Card,insufficient_funds,SBI,19,4,0,0,0.374,0
txn_007591,349.83,Wallet,insufficient_funds,Axis,11,6,1,1,0.395,0
txn_007592,724.16,Debit Card,expired_card,Yes Bank,17,1,0,0,0.79,0
txn_007593,669.66,UPI,network_timeout,SBI,8,0,0,0,0.678,0
txn_007594,598.02,UPI,risk_flagged,SBI,7,4,0,0,0.779,0
txn_007595,2221.49,UPI,network_timeout,ICICI,1,2,0,0,0.79,0
txn_007596,2806.12,UPI,risk_flagged,Yes Bank,17,6,1,1,0.503,0
txn_007597,798.91,Debit Card,risk_flagged,Kotak,15,1,0,0,0.713,0
txn_007598,1849.39,Credit Card,network_timeout,Kotak,4,2,0,0,0.836,0
txn_007599,1153.86,Debit Card,expired_card,SBI,22,3,0,1,0.614,0
txn_007600,735.27,UPI,card_declined,Yes Bank,3,5,1,2,0.731,0
txn_007601,236.36,UPI,network_timeout,HDFC,15,1,0,0,0.51,1
txn_007602,1558.49,Credit Card,card_declined,SBI,19,1,0,3,0.75,1
txn_007603,417.05,UPI,network_timeout,Axis,16,4,0,1,0.616,1
txn_007604,756.58,Debit Card,bank_server_down,Kotak,1,3,0,0,0.775,1
txn_007605,1276.91,UPI,network_timeout,SBI,22,3,0,0,0.631,1
txn_007606,842.98,Credit Card,insufficient_funds,HDFC,3,1,0,1,0.728,0
txn_007607,3601.01,Debit Card,wrong_otp,SBI,3,5,1,1,0.775,1
txn_007608,1858.9,UPI,insufficient_funds,SBI,12,0,0,0,0.86,0
txn_007609,2073.61,UPI,network_timeout,Axis,7,2,0,0,0.569,1
txn_007610,956.81,Netbanking,card_declined,ICICI,13,1,0,0,0.508,1
txn_007611,277.65,UPI,card_declined,ICICI,6,0,0,0,0.641,0
txn_007612,1186.3,UPI,insufficient_funds,Yes Bank,23,3,0,2,0.685,0
txn_007613,726.2,Debit Card,card_declined,Axis,12,1,0,0,0.834,0
txn_007614,1941.35,Netbanking,wrong_otp,SBI,16,2,0,0,0.609,0
txn_007615,410.16,UPI,card_declined,Kotak,21,5,1,0,0.841,0
txn_007616,408.15,UPI,insufficient_funds,HDFC,0,5,1,1,0.413,1
txn_007617,125.92,UPI,network_timeout,Axis,19,5,1,4,0.83,0
txn_007618,393.3,UPI,card_declined,Yes Bank,14,1,0,0,0.967,1
txn_007619,904.89,UPI,wrong_otp,Axis,11,2,0,0,0.506,0
txn_007620,1827.9,Credit Card,bank_server_down,ICICI,9,5,1,3,0.72,1
txn_007621,1462.04,Debit Card,card_declined,SBI,15,4,0,1,0.868,1
txn_007622,268.48,Wallet,insufficient_funds,ICICI,16,0,0,0,0.776,0
txn_007623,336.38,UPI,wrong_otp,Axis,9,2,0,1,0.578,1
txn_007624,204.51,Credit Card,wrong_otp,ICICI,12,2,0,0,0.7,0
txn_007625,295.37,UPI,bank_server_down,SBI,23,2,0,0,0.95,1
txn_007626,4325.71,Netbanking,insufficient_funds,Axis,14,1,0,0,0.579,0
txn_007627,1053.68,UPI,wrong_otp,Kotak,4,5,1,0,0.826,1
txn_007628,1908.99,Netbanking,bank_server_down,Kotak,11,0,0,1,0.879,1
txn_007629,3744.16,Credit Card,network_timeout,Axis,2,3,0,0,0.664,0
txn_007630,571.57,Debit Card,insufficient_funds,SBI,19,2,0,1,0.741,1
txn_007631,250.31,Debit Card,wrong_otp,Axis,18,6,1,0,0.842,0
txn_007632,1012.17,Debit Card,wrong_otp,ICICI,10,0,0,0,0.601,1
txn_007633,4058.42,Credit Card,card_declined,Axis,1,1,0,0,0.73,0
txn_007634,1196.81,Debit Card,bank_server_down,Yes Bank,15,2,0,2,0.797,0
txn_007635,1893.68,Credit Card,risk_flagged,Axis,1,1,0,0,0.775,0
txn_007636,402.43,Debit Card,bank_server_down,ICICI,1,6,1,1,0.869,1
txn_007637,4371.72,UPI,network_timeout,Yes Bank,18,1,0,1,0.738,0
txn_007638,836.51,Netbanking,insufficient_funds,IDFC,13,5,1,0,0.869,1
txn_007639,225.83,Credit Card,insufficient_funds,ICICI,5,6,1,2,0.842,0
txn_007640,2941.53,Debit Card,insufficient_funds,Yes Bank,18,4,0,3,0.558,0
txn_007641,348.78,Netbanking,insufficient_funds,IDFC,1,5,1,1,0.857,0
txn_007642,638.65,Netbanking,insufficient_funds,HDFC,17,6,1,2,0.953,0
txn_007643,261.23,UPI,card_declined,HDFC,4,5,1,1,0.741,1
txn_007644,733.25,Netbanking,insufficient_funds,ICICI,11,3,0,1,0.773,0
txn_007645,321.82,UPI,expired_card,SBI,10,1,0,0,0.813,1
txn_007646,460.03,Netbanking,insufficient_funds,Axis,17,2,0,2,0.728,1
txn_007647,555.49,Debit Card,card_declined,ICICI,1,5,1,0,0.729,1
txn_007648,219.08,Credit Card,card_declined,IDFC,22,4,0,1,0.566,1
txn_007649,917.58,UPI,insufficient_funds,Kotak,16,3,0,2,0.65,0
txn_007650,192.56,Credit Card,network_timeout,HDFC,21,4,0,2,0.767,0
txn_007651,558.06,UPI,expired_card,Yes Bank,9,4,0,1,0.845,0
txn_007652,449.0,Debit Card,expired_card,Yes Bank,6,6,1,3,0.807,0
txn_007653,175.66,UPI,network_timeout,IDFC,15,1,0,0,0.722,0
txn_007654,189.91,UPI,wrong_otp,Kotak,0,6,1,0,0.673,1
txn_007655,404.67,Debit Card,insufficient_funds,IDFC,3,0,0,1,0.573,0
txn_007656,75.6,Debit Card,network_timeout,Kotak,13,0,0,1,0.591,0
txn_007657,344.41,Wallet,bank_server_down,Axis,4,2,0,1,0.756,0
txn_007658,4187.56,Credit Card,expired_card,ICICI,14,4,0,0,0.48,0
txn_007659,439.78,Debit Card,network_timeout,SBI,15,4,0,0,0.757,0
txn_007660,1274.81,UPI,insufficient_funds,Axis,0,1,0,1,0.715,0
txn_007661,3080.62,UPI,bank_server_down,IDFC,17,5,1,1,0.932,1
txn_007662,376.75,UPI,bank_server_down,SBI,15,4,0,1,0.714,1
txn_007663,1206.08,Debit Card,bank_server_down,SBI,21,3,0,1,0.446,1
txn_007664,2718.58,UPI,wrong_otp,Axis,12,1,0,2,0.84,0
txn_007665,1429.25,Debit Card,insufficient_funds,IDFC,22,4,0,1,0.494,0
txn_007666,252.23,Netbanking,network_timeout,IDFC,8,6,1,1,0.683,1
txn_007667,252.4,Credit Card,card_declined,Kotak,17,6,1,1,0.582,1
txn_007668,312.32,UPI,network_timeout,Kotak,4,4,0,1,0.746,1
txn_007669,836.83,Netbanking,wrong_otp,Kotak,3,3,0,1,0.814,1
txn_007670,1133.15,UPI,bank_server_down,HDFC,16,2,0,0,0.985,1
txn_007671,435.02,UPI,network_timeout,SBI,17,4,0,2,0.842,0
txn_007672,878.69,UPI,bank_server_down,Kotak,13,1,0,0,0.837,1
txn_007673,981.47,UPI,insufficient_funds,ICICI,0,2,0,2,0.586,0
txn_007674,996.18,Debit Card,insufficient_funds,SBI,16,0,0,1,0.804,0
txn_007675,488.92,UPI,wrong_otp,HDFC,1,1,0,0,0.948,0
txn_007676,2125.2,Credit Card,network_timeout,Kotak,5,6,1,3,0.592,0
txn_007677,281.54,UPI,network_timeout,HDFC,22,4,0,0,0.744,0
txn_007678,403.41,UPI,network_timeout,HDFC,4,3,0,1,0.704,0
txn_007679,563.82,UPI,network_timeout,Yes Bank,7,6,1,1,0.38,0
txn_007680,948.41,UPI,wrong_otp,IDFC,5,0,0,2,0.839,0
txn_007681,190.0,Netbanking,insufficient_funds,ICICI,20,1,0,0,0.806,1
txn_007682,655.66,Debit Card,network_timeout,Kotak,2,0,0,1,0.635,0
txn_007683,548.99,UPI,insufficient_funds,Yes Bank,5,6,1,2,0.828,0
txn_007684,3558.59,UPI,insufficient_funds,Yes Bank,15,3,0,0,0.595,1
txn_007685,938.94,Debit Card,wrong_otp,Yes Bank,5,1,0,0,0.955,1
txn_007686,466.64,Debit Card,expired_card,Axis,7,3,0,0,0.852,0
txn_007687,76.54,Netbanking,bank_server_down,Kotak,11,3,0,0,0.712,1
txn_007688,660.88,Credit Card,insufficient_funds,IDFC,15,0,0,0,0.865,0
txn_007689,729.75,Debit Card,insufficient_funds,HDFC,13,4,0,0,0.962,0
txn_007690,558.62,Debit Card,insufficient_funds,Kotak,17,6,1,0,0.619,1
txn_007691,110.3,UPI,insufficient_funds,Kotak,4,2,0,1,0.561,0
txn_007692,665.69,UPI,card_declined,Kotak,2,5,1,0,0.805,1
txn_007693,1169.86,UPI,network_timeout,SBI,23,0,0,3,0.687,1
txn_007694,408.22,UPI,card_declined,ICICI,17,0,0,1,0.758,1
txn_007695,137.95,UPI,bank_server_down,HDFC,12,4,0,0,0.913,1
txn_007696,254.46,Credit Card,bank_server_down,HDFC,16,1,0,1,0.667,0
txn_007697,402.92,UPI,insufficient_funds,Yes Bank,2,2,0,1,0.927,0
txn_007698,1656.51,Debit Card,card_declined,Kotak,19,1,0,1,0.811,1
txn_007699,393.96,Wallet,wrong_otp,HDFC,15,2,0,0,0.592,1
txn_007700,341.8,UPI,insufficient_funds,Kotak,3,3,0,1,0.88,1
txn_007701,375.29,UPI,insufficient_funds,Yes Bank,17,6,1,0,0.873,0
txn_007702,516.42,UPI,insufficient_funds,Yes Bank,8,3,0,0,0.644,0
txn_007703,8070.65,UPI,expired_card,Yes Bank,14,4,0,1,0.408,1
txn_007704,1039.43,Credit Card,network_timeout,ICICI,3,0,0,0,0.912,1
txn_007705,788.81,UPI,wrong_otp,ICICI,14,0,0,0,0.824,1
txn_007706,1113.29,UPI,bank_server_down,SBI,8,4,0,0,0.499,1
txn_007707,442.47,Debit Card,insufficient_funds,Kotak,9,1,0,1,0.827,0
txn_007708,848.38,Credit Card,insufficient_funds,IDFC,4,4,0,2,0.808,0
txn_007709,1903.16,Debit Card,insufficient_funds,HDFC,3,1,0,0,0.513,0
txn_007710,1125.2,Credit Card,network_timeout,ICICI,23,3,0,0,0.569,0
txn_007711,1056.25,UPI,card_declined,SBI,19,1,0,0,0.608,0
txn_007712,867.28,Credit Card,insufficient_funds,Kotak,2,4,0,0,0.542,1
txn_007713,128.25,UPI,network_timeout,ICICI,18,2,0,1,0.276,0
txn_007714,798.4,UPI,network_timeout,ICICI,3,1,0,2,0.915,0
txn_007715,171.53,Debit Card,network_timeout,Yes Bank,18,2,0,0,0.802,0
txn_007716,78.68,UPI,insufficient_funds,HDFC,5,4,0,1,0.301,0
txn_007717,1527.89,Netbanking,risk_flagged,SBI,4,1,0,1,0.765,0
txn_007718,1315.69,Credit Card,network_timeout,Kotak,0,4,0,0,0.846,0
txn_007719,1082.53,Debit Card,card_declined,Axis,1,5,1,0,0.851,1
txn_007720,571.02,Wallet,insufficient_funds,Kotak,1,4,0,2,0.954,0
txn_007721,1267.29,Debit Card,bank_server_down,Axis,12,3,0,0,0.747,1
txn_007722,574.42,UPI,bank_server_down,ICICI,0,0,0,0,0.455,1
txn_007723,2984.66,UPI,bank_server_down,Kotak,21,5,1,0,0.668,1
txn_007724,895.87,Debit Card,insufficient_funds,Yes Bank,18,5,1,0,0.272,0
txn_007725,5076.85,Credit Card,expired_card,SBI,17,0,0,1,0.829,0
txn_007726,15321.69,Netbanking,card_declined,HDFC,13,4,0,0,0.851,0
txn_007727,3578.47,UPI,wrong_otp,Kotak,20,4,0,0,0.973,1
txn_007728,492.81,Credit Card,card_declined,Axis,6,1,0,0,0.716,0
txn_007729,1431.43,Debit Card,expired_card,Yes Bank,6,6,1,3,0.937,0
txn_007730,104.56,UPI,card_declined,IDFC,19,4,0,0,0.67,1
txn_007731,3027.56,Debit Card,bank_server_down,Yes Bank,13,2,0,0,0.854,0
txn_007732,632.08,Credit Card,bank_server_down,ICICI,8,5,1,1,0.578,0
txn_007733,991.41,UPI,wrong_otp,SBI,21,5,1,0,0.627,1
txn_007734,236.2,UPI,insufficient_funds,Kotak,11,5,1,2,0.54,0
txn_007735,172.18,Netbanking,expired_card,Kotak,12,2,0,0,0.749,0
txn_007736,2694.33,UPI,network_timeout,IDFC,7,6,1,0,0.612,1
txn_007737,3930.83,UPI,risk_flagged,ICICI,10,5,1,0,0.664,0
txn_007738,247.25,Netbanking,bank_server_down,SBI,11,1,0,2,0.88,1
txn_007739,2800.5,UPI,wrong_otp,Axis,23,5,1,1,0.841,0
txn_007740,1982.62,Debit Card,insufficient_funds,Kotak,13,1,0,1,0.812,0
txn_007741,1244.45,Wallet,insufficient_funds,IDFC,17,3,0,2,0.799,0
txn_007742,492.9,Debit Card,insufficient_funds,Axis,6,0,0,2,0.721,0
txn_007743,586.75,Debit Card,card_declined,Axis,11,5,1,0,0.852,1
txn_007744,250.42,Credit Card,bank_server_down,IDFC,13,1,0,2,0.608,0
txn_007745,5486.59,Debit Card,card_declined,IDFC,9,5,1,1,0.896,1
txn_007746,657.81,Debit Card,insufficient_funds,IDFC,15,3,0,0,0.834,0
txn_007747,186.57,UPI,insufficient_funds,SBI,8,0,0,1,0.858,0
txn_007748,1669.55,UPI,wrong_otp,SBI,23,6,1,0,0.859,0
txn_007749,342.77,Credit Card,network_timeout,HDFC,14,5,1,0,0.827,1
txn_007750,526.62,UPI,bank_server_down,SBI,0,2,0,1,0.774,0
txn_007751,616.94,Debit Card,card_declined,IDFC,11,1,0,0,0.671,1
txn_007752,614.34,Wallet,bank_server_down,SBI,3,0,0,0,0.381,1
txn_007753,6948.25,UPI,wrong_otp,Kotak,21,5,1,1,0.633,1
txn_007754,178.94,Debit Card,card_declined,Kotak,14,3,0,0,0.506,1
txn_007755,92.25,Netbanking,network_timeout,Axis,20,4,0,0,0.923,1
txn_007756,517.36,Credit Card,insufficient_funds,IDFC,19,3,0,0,0.625,1
txn_007757,714.62,UPI,network_timeout,IDFC,4,6,1,1,0.955,1
txn_007758,2639.43,Credit Card,bank_server_down,SBI,18,2,0,0,0.631,1
txn_007759,2166.48,UPI,bank_server_down,Kotak,13,0,0,0,0.385,1
txn_007760,128.44,Credit Card,expired_card,SBI,0,0,0,0,0.771,0
txn_007761,608.21,Credit Card,insufficient_funds,Axis,2,0,0,1,0.909,0
txn_007762,629.73,Debit Card,card_declined,HDFC,14,2,0,0,0.683,1
txn_007763,1158.65,Debit Card,wrong_otp,IDFC,14,0,0,0,0.889,1
txn_007764,2068.28,UPI,insufficient_funds,ICICI,7,2,0,1,0.326,1
txn_007765,620.88,Wallet,wrong_otp,ICICI,1,0,0,1,0.908,0
txn_007766,492.88,Wallet,insufficient_funds,Yes Bank,6,5,1,0,0.823,0
txn_007767,274.46,Credit Card,wrong_otp,IDFC,5,0,0,0,0.827,0
txn_007768,722.28,UPI,insufficient_funds,SBI,1,4,0,1,0.404,0
txn_007769,653.8,UPI,insufficient_funds,Yes Bank,12,0,0,2,0.409,0
txn_007770,1566.63,Credit Card,insufficient_funds,HDFC,21,6,1,1,0.764,0
txn_007771,2081.64,Debit Card,card_declined,HDFC,8,0,0,1,0.32,1
txn_007772,2149.8,UPI,wrong_otp,ICICI,20,1,0,2,0.492,0
txn_007773,2663.57,Credit Card,expired_card,Axis,2,5,1,0,0.855,0
txn_007774,6075.9,Debit Card,bank_server_down,Yes Bank,19,2,0,2,0.742,1
txn_007775,494.51,UPI,insufficient_funds,Yes Bank,0,5,1,0,0.481,1
txn_007776,1325.54,Debit Card,risk_flagged,Kotak,1,4,0,1,0.48,0
txn_007777,871.09,Netbanking,wrong_otp,Kotak,7,3,0,0,0.846,1
txn_007778,1199.13,Credit Card,network_timeout,HDFC,8,3,0,1,0.908,0
txn_007779,1331.08,Debit Card,bank_server_down,HDFC,3,1,0,1,0.756,1
txn_007780,338.99,Credit Card,wrong_otp,ICICI,9,4,0,1,0.937,1
txn_007781,713.93,Debit Card,card_declined,ICICI,12,2,0,0,0.66,0
txn_007782,1871.6,UPI,card_declined,IDFC,13,2,0,0,0.715,0
txn_007783,115.91,UPI,insufficient_funds,IDFC,14,3,0,0,0.563,1
txn_007784,1088.4,Wallet,risk_flagged,Kotak,1,3,0,0,0.905,0
txn_007785,107.91,Netbanking,bank_server_down,Axis,22,3,0,1,0.907,1
txn_007786,507.85,UPI,insufficient_funds,HDFC,20,5,1,1,0.668,0
txn_007787,1520.2,Debit Card,network_timeout,SBI,2,1,0,2,0.883,0
txn_007788,960.99,Debit Card,card_declined,Axis,20,3,0,2,0.426,0
txn_007789,235.76,Credit Card,network_timeout,SBI,7,1,0,0,0.959,1
txn_007790,331.25,Credit Card,bank_server_down,ICICI,12,0,0,1,0.724,1
txn_007791,559.32,UPI,bank_server_down,Yes Bank,23,1,0,1,0.908,1
txn_007792,248.01,Credit Card,bank_server_down,ICICI,0,6,1,1,0.765,0
txn_007793,899.35,UPI,wrong_otp,Yes Bank,4,2,0,0,0.763,0
txn_007794,1144.14,UPI,wrong_otp,SBI,9,1,0,0,0.791,1
txn_007795,1800.58,UPI,bank_server_down,ICICI,22,5,1,0,0.602,1
txn_007796,1709.43,Netbanking,insufficient_funds,SBI,16,1,0,1,0.698,0
txn_007797,1084.24,Wallet,network_timeout,Kotak,13,3,0,0,0.455,0
txn_007798,115.32,UPI,bank_server_down,Yes Bank,12,5,1,0,0.849,1
txn_007799,387.04,Wallet,wrong_otp,Axis,21,5,1,0,0.886,0
txn_007800,247.34,Debit Card,network_timeout,HDFC,9,5,1,0,0.67,0
txn_007801,1458.31,UPI,insufficient_funds,HDFC,11,5,1,2,0.79,0
txn_007802,1817.59,Credit Card,insufficient_funds,Axis,17,6,1,1,0.725,1
txn_007803,631.11,Debit Card,bank_server_down,HDFC,23,1,0,0,0.65,0
txn_007804,827.59,UPI,wrong_otp,IDFC,18,2,0,0,0.779,0
txn_007805,1256.39,UPI,bank_server_down,IDFC,13,5,1,0,0.96,1
txn_007806,463.04,UPI,card_declined,ICICI,19,3,0,0,0.732,1
txn_007807,424.61,UPI,insufficient_funds,ICICI,3,4,0,1,0.419,0
txn_007808,2610.22,Credit Card,network_timeout,ICICI,20,4,0,0,0.73,0
txn_007809,976.74,Debit Card,bank_server_down,Yes Bank,2,1,0,0,0.476,0
txn_007810,617.93,Credit Card,insufficient_funds,Yes Bank,22,5,1,0,0.89,1
txn_007811,678.81,UPI,network_timeout,IDFC,16,1,0,1,0.837,1
txn_007812,552.4,UPI,network_timeout,SBI,12,3,0,1,0.433,0
txn_007813,463.46,UPI,network_timeout,ICICI,12,5,1,1,0.555,1
txn_007814,106.06,UPI,wrong_otp,Yes Bank,15,6,1,1,0.792,1
txn_007815,5139.16,UPI,insufficient_funds,ICICI,7,6,1,1,0.78,0
txn_007816,216.18,UPI,wrong_otp,HDFC,18,3,0,1,0.856,1
txn_007817,461.53,UPI,wrong_otp,IDFC,10,2,0,1,0.837,0
txn_007818,188.4,UPI,insufficient_funds,Yes Bank,1,6,1,2,0.559,1
txn_007819,90.25,Credit Card,expired_card,IDFC,7,2,0,1,0.761,0
txn_007820,238.73,Debit Card,insufficient_funds,Kotak,11,3,0,1,0.903,1
txn_007821,297.57,Netbanking,card_declined,HDFC,13,3,0,0,0.513,1
txn_007822,3987.89,UPI,bank_server_down,SBI,20,5,1,0,0.41,1
txn_007823,1541.85,Debit Card,insufficient_funds,ICICI,23,5,1,1,0.402,0
txn_007824,382.29,UPI,wrong_otp,HDFC,17,4,0,0,0.806,1
txn_007825,3757.85,Credit Card,card_declined,SBI,21,0,0,0,0.807,0
txn_007826,755.59,Wallet,bank_server_down,IDFC,21,5,1,1,0.637,1
txn_007827,1564.42,Credit Card,insufficient_funds,SBI,13,0,0,0,0.815,0
txn_007828,1592.89,UPI,insufficient_funds,Kotak,21,3,0,2,0.486,0
txn_007829,488.72,Debit Card,card_declined,SBI,11,3,0,1,0.57,1
txn_007830,306.04,Debit Card,insufficient_funds,HDFC,1,3,0,1,0.54,0
txn_007831,1483.83,Debit Card,wrong_otp,IDFC,3,6,1,2,0.558,0
txn_007832,2100.19,Credit Card,insufficient_funds,HDFC,16,0,0,0,0.873,0
txn_007833,1932.1,UPI,card_declined,Kotak,17,5,1,0,0.916,0
txn_007834,295.63,Netbanking,insufficient_funds,Kotak,8,4,0,0,0.474,0
txn_007835,462.92,Netbanking,bank_server_down,SBI,21,2,0,1,0.948,1
txn_007836,396.07,UPI,insufficient_funds,Yes Bank,10,1,0,0,0.744,1
txn_007837,128.08,UPI,bank_server_down,SBI,14,4,0,1,0.621,1
txn_007838,1028.59,UPI,bank_server_down,SBI,6,6,1,1,0.851,1
txn_007839,228.52,Credit Card,card_declined,Kotak,17,2,0,0,0.535,0
txn_007840,1074.32,UPI,insufficient_funds,Kotak,11,0,0,0,0.782,1
txn_007841,500.96,Credit Card,insufficient_funds,SBI,16,1,0,0,0.901,0
txn_007842,1162.03,UPI,risk_flagged,SBI,11,1,0,0,0.785,1
txn_007843,711.59,UPI,network_timeout,ICICI,15,1,0,0,0.533,1
txn_007844,303.59,Credit Card,insufficient_funds,Axis,20,2,0,0,0.811,1
txn_007845,470.13,UPI,risk_flagged,ICICI,6,5,1,0,0.787,0
txn_007846,315.76,Credit Card,bank_server_down,SBI,17,5,1,1,0.669,1
txn_007847,423.41,UPI,network_timeout,ICICI,5,6,1,1,0.884,1
txn_007848,799.8,UPI,wrong_otp,IDFC,22,3,0,1,0.858,1
txn_007849,589.48,UPI,expired_card,HDFC,16,4,0,2,0.644,0
txn_007850,243.68,Wallet,expired_card,Kotak,19,3,0,0,0.355,0
txn_007851,506.58,Debit Card,risk_flagged,Axis,22,1,0,1,0.867,0
txn_007852,556.33,Credit Card,card_declined,HDFC,22,3,0,2,0.643,0
txn_007853,171.31,Debit Card,bank_server_down,Kotak,8,5,1,0,0.603,0
txn_007854,2597.55,UPI,wrong_otp,Kotak,12,1,0,0,0.918,1
txn_007855,1876.89,UPI,insufficient_funds,Axis,9,3,0,2,0.483,0
txn_007856,564.28,Credit Card,insufficient_funds,Kotak,9,5,1,2,0.475,0
txn_007857,78.15,UPI,wrong_otp,Yes Bank,18,3,0,0,0.491,0
txn_007858,458.4,Credit Card,network_timeout,HDFC,20,4,0,1,0.709,1
txn_007859,300.75,Credit Card,insufficient_funds,Axis,9,6,1,1,0.718,0
txn_007860,580.07,Wallet,insufficient_funds,SBI,3,6,1,1,0.47,0
txn_007861,1075.35,UPI,wrong_otp,ICICI,17,5,1,1,0.816,1
txn_007862,638.42,Netbanking,bank_server_down,ICICI,15,1,0,0,0.914,1
txn_007863,846.39,Debit Card,bank_server_down,Kotak,7,1,0,2,0.663,0
txn_007864,6829.24,UPI,network_timeout,Axis,7,6,1,1,0.484,0
txn_007865,348.84,UPI,wrong_otp,IDFC,3,0,0,0,0.364,0
txn_007866,1011.26,Debit Card,card_declined,Yes Bank,3,5,1,0,0.759,0
txn_007867,2039.37,Credit Card,insufficient_funds,HDFC,20,1,0,0,0.61,0
txn_007868,3649.41,UPI,wrong_otp,Kotak,5,6,1,0,0.783,1
txn_007869,660.57,Credit Card,network_timeout,IDFC,10,5,1,0,0.721,0
txn_007870,345.61,UPI,card_declined,Kotak,16,3,0,0,0.528,0
txn_007871,1639.52,UPI,network_timeout,ICICI,15,6,1,0,0.624,1
txn_007872,594.49,UPI,bank_server_down,Kotak,16,5,1,0,0.513,1
txn_007873,630.09,Netbanking,wrong_otp,HDFC,1,6,1,1,0.882,0
txn_007874,556.32,UPI,risk_flagged,IDFC,13,0,0,2,0.827,0
txn_007875,524.4,Credit Card,insufficient_funds,Kotak,14,0,0,0,0.927,0
txn_007876,331.62,UPI,expired_card,Yes Bank,14,3,0,0,0.83,0
txn_007877,170.89,Credit Card,insufficient_funds,Yes Bank,14,2,0,0,0.361,0
txn_007878,3160.54,UPI,insufficient_funds,Yes Bank,23,1,0,1,0.558,1
txn_007879,1188.84,UPI,card_declined,HDFC,5,0,0,1,0.834,1
txn_007880,895.77,Netbanking,bank_server_down,ICICI,20,1,0,1,0.651,1
txn_007881,443.6,Credit Card,wrong_otp,Axis,6,1,0,0,0.923,0
txn_007882,638.12,UPI,insufficient_funds,SBI,13,3,0,0,0.783,0
txn_007883,209.9,Debit Card,network_timeout,Kotak,3,5,1,1,0.846,1
txn_007884,1947.97,UPI,bank_server_down,IDFC,12,1,0,0,0.965,1
txn_007885,771.17,Credit Card,bank_server_down,Yes Bank,0,6,1,0,0.677,1
txn_007886,2781.28,UPI,bank_server_down,SBI,0,6,1,0,0.661,1
txn_007887,193.96,UPI,bank_server_down,Yes Bank,4,0,0,1,0.913,1
txn_007888,378.19,Debit Card,bank_server_down,IDFC,3,1,0,0,0.794,1
txn_007889,1962.38,Netbanking,wrong_otp,HDFC,15,2,0,1,0.7,1
txn_007890,608.98,UPI,card_declined,Yes Bank,15,3,0,1,0.671,1
txn_007891,281.38,UPI,insufficient_funds,ICICI,5,3,0,0,0.622,0
txn_007892,793.0,Debit Card,wrong_otp,ICICI,9,4,0,0,0.632,0
txn_007893,3145.25,UPI,card_declined,IDFC,4,2,0,0,0.751,1
txn_007894,828.52,UPI,insufficient_funds,SBI,6,5,1,0,0.841,0
txn_007895,291.6,Debit Card,insufficient_funds,IDFC,9,1,0,1,0.516,1
txn_007896,230.31,UPI,insufficient_funds,ICICI,9,0,0,1,0.391,1
txn_007897,3921.14,UPI,risk_flagged,Axis,4,3,0,0,0.771,0
txn_007898,541.48,Credit Card,bank_server_down,Kotak,23,2,0,1,0.952,0
txn_007899,143.01,UPI,insufficient_funds,Axis,23,3,0,2,0.518,0
txn_007900,760.96,Debit Card,bank_server_down,HDFC,12,4,0,0,0.639,1
txn_007901,703.31,Credit Card,card_declined,Yes Bank,8,1,0,0,0.739,1
txn_007902,593.01,UPI,bank_server_down,Yes Bank,23,6,1,0,0.645,1
txn_007903,1762.18,Netbanking,wrong_otp,IDFC,13,0,0,2,0.743,0
txn_007904,424.58,Debit Card,card_declined,ICICI,3,2,0,4,0.582,0
txn_007905,136.45,UPI,card_declined,ICICI,0,0,0,0,0.519,1
txn_007906,331.08,Netbanking,network_timeout,Axis,21,6,1,0,0.901,0
txn_007907,333.81,Debit Card,insufficient_funds,Kotak,2,4,0,0,0.79,0
txn_007908,1778.74,UPI,insufficient_funds,Axis,10,2,0,1,0.909,0
txn_007909,1883.0,UPI,insufficient_funds,HDFC,5,2,0,1,0.779,0
txn_007910,395.73,Netbanking,network_timeout,Yes Bank,15,2,0,1,0.642,1
txn_007911,1351.1,Wallet,card_declined,ICICI,13,1,0,2,0.909,0
txn_007912,608.85,UPI,expired_card,Yes Bank,23,2,0,2,0.64,0
txn_007913,869.19,Debit Card,insufficient_funds,ICICI,9,5,1,0,0.773,0
txn_007914,624.5,UPI,network_timeout,Kotak,18,2,0,2,0.608,1
txn_007915,1072.32,UPI,bank_server_down,HDFC,21,3,0,2,0.62,1
txn_007916,556.61,UPI,insufficient_funds,IDFC,1,6,1,2,0.958,0
txn_007917,13771.54,UPI,insufficient_funds,SBI,7,3,0,0,0.657,1
txn_007918,153.48,Credit Card,insufficient_funds,Kotak,4,2,0,2,0.902,0
txn_007919,303.79,Netbanking,risk_flagged,IDFC,6,6,1,1,0.814,0
txn_007920,1098.46,UPI,insufficient_funds,Axis,13,5,1,0,0.908,0
txn_007921,229.72,Debit Card,network_timeout,Axis,14,6,1,2,0.579,0
txn_007922,967.46,UPI,insufficient_funds,IDFC,11,0,0,0,0.311,0
txn_007923,263.72,UPI,insufficient_funds,ICICI,12,2,0,0,0.571,0
txn_007924,1011.46,Credit Card,wrong_otp,ICICI,12,4,0,0,0.662,1
txn_007925,105.42,Debit Card,insufficient_funds,Yes Bank,15,1,0,1,0.748,0
txn_007926,967.37,Credit Card,wrong_otp,Kotak,14,6,1,0,0.487,1
txn_007927,475.61,UPI,bank_server_down,Yes Bank,8,5,1,0,0.885,1
txn_007928,885.94,Netbanking,insufficient_funds,Axis,12,1,0,1,0.929,0
txn_007929,183.34,Credit Card,risk_flagged,Axis,5,0,0,0,0.894,0
txn_007930,590.89,UPI,wrong_otp,Yes Bank,3,0,0,1,0.893,1
txn_007931,743.41,UPI,insufficient_funds,Kotak,6,2,0,0,0.527,0
txn_007932,1342.31,Credit Card,expired_card,Kotak,12,5,1,2,0.854,0
txn_007933,392.55,Credit Card,bank_server_down,SBI,6,5,1,1,0.775,1
txn_007934,1282.02,UPI,card_declined,IDFC,22,6,1,0,0.958,0
txn_007935,349.56,UPI,wrong_otp,Yes Bank,4,4,0,0,0.572,0
txn_007936,611.55,Netbanking,network_timeout,SBI,14,6,1,0,0.686,0
txn_007937,309.12,Wallet,network_timeout,Axis,17,5,1,1,0.882,1
txn_007938,618.5,Debit Card,insufficient_funds,SBI,2,3,0,0,0.381,0
txn_007939,419.98,UPI,bank_server_down,ICICI,2,0,0,1,0.684,1
txn_007940,108.49,Debit Card,insufficient_funds,Axis,10,4,0,2,0.85,0
txn_007941,1696.49,UPI,risk_flagged,Kotak,9,2,0,1,0.809,0
txn_007942,1121.59,Credit Card,bank_server_down,Kotak,19,5,1,0,0.592,1
txn_007943,2878.45,Netbanking,insufficient_funds,Kotak,10,5,1,2,0.551,0
txn_007944,604.06,UPI,wrong_otp,SBI,5,0,0,0,0.816,0
txn_007945,889.89,Credit Card,bank_server_down,ICICI,12,4,0,0,0.796,1
txn_007946,188.52,Netbanking,bank_server_down,Kotak,2,4,0,2,0.604,1
txn_007947,1223.32,Netbanking,insufficient_funds,Axis,15,1,0,0,0.72,0
txn_007948,726.41,UPI,insufficient_funds,Yes Bank,5,2,0,1,0.835,1
txn_007949,2818.79,Debit Card,insufficient_funds,IDFC,6,0,0,0,0.759,1
txn_007950,217.54,Credit Card,risk_flagged,Axis,0,6,1,2,0.844,0
txn_007951,344.28,UPI,card_declined,ICICI,15,5,1,0,0.96,1
txn_007952,1098.81,UPI,wrong_otp,HDFC,7,2,0,0,0.408,0
txn_007953,210.81,UPI,bank_server_down,SBI,11,3,0,5,0.853,0
txn_007954,264.83,Netbanking,card_declined,Yes Bank,22,1,0,1,0.754,1
txn_007955,1012.09,Debit Card,network_timeout,Axis,1,5,1,1,0.681,1
txn_007956,3954.76,Netbanking,insufficient_funds,Kotak,7,5,1,1,0.597,0
txn_007957,506.16,UPI,insufficient_funds,HDFC,12,0,0,1,0.832,0
txn_007958,2465.84,UPI,card_declined,ICICI,4,1,0,1,0.452,0
txn_007959,305.96,UPI,wrong_otp,Yes Bank,16,5,1,0,0.779,1
txn_007960,311.1,Credit Card,wrong_otp,HDFC,2,6,1,1,0.587,1
txn_007961,1608.11,Debit Card,network_timeout,ICICI,2,1,0,0,0.444,1
txn_007962,1529.8,Debit Card,insufficient_funds,ICICI,17,1,0,0,0.905,1
txn_007963,332.32,UPI,insufficient_funds,Axis,6,4,0,2,0.915,0
txn_007964,309.01,Wallet,card_declined,Axis,21,0,0,0,0.664,1
txn_007965,1346.84,Debit Card,insufficient_funds,Yes Bank,16,4,0,0,0.942,0
txn_007966,277.04,Credit Card,card_declined,Axis,18,4,0,0,0.316,1
txn_007967,1716.41,UPI,wrong_otp,Axis,19,2,0,0,0.775,1
txn_007968,3044.53,Credit Card,network_timeout,Yes Bank,0,5,1,0,0.822,0
txn_007969,637.46,Credit Card,network_timeout,Kotak,10,0,0,0,0.903,1
txn_007970,168.56,Credit Card,bank_server_down,Axis,5,6,1,1,0.408,1
txn_007971,454.64,Debit Card,network_timeout,Kotak,3,5,1,0,0.526,1
txn_007972,540.74,Debit Card,wrong_otp,ICICI,20,5,1,0,0.822,0
txn_007973,646.6,UPI,risk_flagged,Kotak,11,0,0,0,0.594,1
txn_007974,497.28,Credit Card,wrong_otp,SBI,11,2,0,1,0.349,1
txn_007975,363.43,UPI,card_declined,IDFC,12,6,1,0,0.894,1
txn_007976,443.04,UPI,insufficient_funds,SBI,16,3,0,1,0.905,0
txn_007977,837.07,Netbanking,insufficient_funds,Kotak,3,3,0,0,0.87,1
txn_007978,170.38,Credit Card,insufficient_funds,ICICI,10,4,0,0,0.816,0
txn_007979,691.68,Credit Card,card_declined,HDFC,16,2,0,0,0.803,0
txn_007980,719.15,UPI,insufficient_funds,Axis,15,2,0,1,0.693,0
txn_007981,142.54,UPI,insufficient_funds,Kotak,17,4,0,0,0.692,0
txn_007982,983.23,UPI,wrong_otp,IDFC,14,2,0,1,0.533,0
txn_007983,151.61,Netbanking,insufficient_funds,ICICI,20,6,1,1,0.926,1
txn_007984,498.81,Credit Card,insufficient_funds,Yes Bank,3,5,1,0,0.661,0
txn_007985,1490.64,UPI,insufficient_funds,ICICI,12,5,1,1,0.725,1
txn_007986,272.72,Debit Card,risk_flagged,IDFC,21,5,1,0,0.86,0
txn_007987,1410.39,UPI,insufficient_funds,Axis,20,0,0,0,0.567,1
txn_007988,144.99,Netbanking,bank_server_down,HDFC,6,4,0,0,0.924,0
txn_007989,933.6,Debit Card,network_timeout,Yes Bank,22,1,0,0,0.925,1
txn_007990,1166.53,Debit Card,expired_card,Yes Bank,1,5,1,0,0.521,0
txn_007991,409.52,Credit Card,insufficient_funds,Axis,19,1,0,2,0.62,0
txn_007992,1460.93,UPI,card_declined,Kotak,15,5,1,1,0.25,0
txn_007993,774.86,UPI,bank_server_down,HDFC,15,4,0,0,0.813,1
txn_007994,3794.23,UPI,risk_flagged,Kotak,18,3,0,1,0.766,1
txn_007995,509.28,UPI,card_declined,IDFC,20,4,0,1,0.916,0
txn_007996,181.42,Netbanking,network_timeout,ICICI,20,4,0,2,0.625,0
txn_007997,11928.36,Debit Card,wrong_otp,Yes Bank,6,3,0,0,0.526,0
txn_007998,1279.62,UPI,wrong_otp,ICICI,7,0,0,1,0.352,1
txn_007999,344.06,UPI,network_timeout,SBI,13,4,0,0,0.495,0
txn_008000,442.06,UPI,network_timeout,Yes Bank,21,5,1,1,0.58,1
txn_008001,662.39,Credit Card,risk_flagged,ICICI,7,5,1,0,0.527,0
txn_008002,435.09,UPI,card_declined,Yes Bank,3,0,0,0,0.522,0
txn_008003,312.6,Debit Card,card_declined,HDFC,11,4,0,0,0.943,1
txn_008004,1305.75,Debit Card,insufficient_funds,SBI,12,2,0,1,0.765,1
txn_008005,1838.1,UPI,wrong_otp,Kotak,19,1,0,0,0.73,1
txn_008006,230.85,UPI,wrong_otp,Axis,17,1,0,0,0.624,0
txn_008007,203.5,Debit Card,wrong_otp,ICICI,23,6,1,1,0.946,1
txn_008008,83.55,Credit Card,card_declined,SBI,13,0,0,0,0.703,0
txn_008009,565.24,UPI,insufficient_funds,IDFC,4,6,1,0,0.662,0
txn_008010,663.71,Wallet,expired_card,HDFC,0,5,1,1,0.644,0
txn_008011,1309.31,Debit Card,insufficient_funds,Axis,19,1,0,0,0.744,0
txn_008012,409.74,UPI,bank_server_down,Kotak,11,5,1,3,0.954,0
txn_008013,636.86,Wallet,insufficient_funds,Kotak,13,4,0,0,0.506,0
txn_008014,667.13,UPI,expired_card,Axis,6,0,0,1,0.846,0
txn_008015,912.49,Debit Card,network_timeout,Kotak,0,3,0,1,0.74,1
txn_008016,319.21,UPI,network_timeout,Kotak,17,5,1,1,0.946,0
txn_008017,624.99,UPI,network_timeout,Axis,14,4,0,0,0.82,1
txn_008018,3502.52,Netbanking,insufficient_funds,SBI,15,3,0,3,0.703,0
txn_008019,3117.75,UPI,network_timeout,IDFC,15,0,0,1,0.443,1
txn_008020,578.11,Credit Card,insufficient_funds,ICICI,5,4,0,1,0.686,0
txn_008021,3491.13,Wallet,insufficient_funds,Kotak,17,0,0,0,0.805,0
txn_008022,324.11,Credit Card,bank_server_down,HDFC,15,2,0,0,0.726,0
txn_008023,1363.86,UPI,insufficient_funds,Yes Bank,18,6,1,1,0.524,1
txn_008024,190.5,Debit Card,insufficient_funds,Axis,23,1,0,0,0.817,0
txn_008025,420.71,UPI,risk_flagged,Kotak,17,1,0,1,0.896,1
txn_008026,929.79,Wallet,wrong_otp,Kotak,18,5,1,0,0.713,0
txn_008027,167.42,Credit Card,insufficient_funds,ICICI,2,4,0,0,0.836,1
txn_008028,279.29,UPI,insufficient_funds,IDFC,0,0,0,0,0.514,0
txn_008029,2061.06,Credit Card,risk_flagged,SBI,1,1,0,0,0.414,1
txn_008030,118.7,Netbanking,bank_server_down,Axis,14,4,0,2,0.853,1
txn_008031,1804.46,Credit Card,network_timeout,Kotak,16,5,1,1,0.332,1
txn_008032,247.83,UPI,bank_server_down,Axis,1,2,0,0,0.89,0
txn_008033,78.35,Credit Card,wrong_otp,Kotak,0,5,1,0,0.667,1
txn_008034,1383.95,UPI,bank_server_down,Axis,5,4,0,0,0.831,1
txn_008035,3453.39,Debit Card,wrong_otp,Yes Bank,2,3,0,2,0.802,0
txn_008036,238.72,UPI,card_declined,ICICI,11,4,0,1,0.55,1
txn_008037,1018.87,UPI,insufficient_funds,Axis,7,4,0,0,0.798,0
txn_008038,1756.67,Credit Card,insufficient_funds,ICICI,4,6,1,1,0.75,0
txn_008039,157.24,UPI,insufficient_funds,IDFC,14,6,1,1,0.292,0
txn_008040,1598.25,Credit Card,expired_card,Kotak,1,0,0,0,0.551,0
txn_008041,2140.3,UPI,wrong_otp,Yes Bank,9,5,1,3,0.898,1
txn_008042,351.95,Netbanking,insufficient_funds,Kotak,0,1,0,1,0.452,0
txn_008043,810.26,Credit Card,expired_card,Yes Bank,10,4,0,1,0.928,0
txn_008044,443.29,UPI,card_declined,HDFC,6,1,0,2,0.849,1
txn_008045,934.51,UPI,insufficient_funds,IDFC,2,1,0,0,0.778,0
txn_008046,672.28,Debit Card,bank_server_down,ICICI,18,5,1,1,0.798,1
txn_008047,92.54,Credit Card,network_timeout,SBI,7,6,1,0,0.689,0
txn_008048,974.76,UPI,risk_flagged,HDFC,18,5,1,0,0.989,1
txn_008049,2551.12,Credit Card,insufficient_funds,Axis,11,1,0,2,0.836,0
txn_008050,278.98,UPI,insufficient_funds,Yes Bank,4,5,1,0,0.513,0
txn_008051,2867.06,Netbanking,wrong_otp,HDFC,1,2,0,0,0.823,0
txn_008052,466.37,Debit Card,wrong_otp,SBI,22,5,1,0,0.847,0
txn_008053,1462.36,UPI,card_declined,Kotak,0,6,1,1,0.449,0
txn_008054,1536.5,UPI,card_declined,Kotak,1,0,0,0,0.733,0
txn_008055,667.94,Netbanking,insufficient_funds,HDFC,12,5,1,1,0.753,0
txn_008056,1329.57,UPI,risk_flagged,Axis,6,5,1,0,0.859,1
txn_008057,3590.96,UPI,network_timeout,Kotak,6,4,0,0,0.663,0
txn_008058,222.56,Netbanking,bank_server_down,Yes Bank,7,6,1,0,0.467,1
txn_008059,650.58,Debit Card,wrong_otp,Axis,7,0,0,3,0.926,1
txn_008060,211.79,Debit Card,network_timeout,Kotak,14,6,1,1,0.887,1
txn_008061,353.16,UPI,card_declined,HDFC,1,0,0,1,0.503,0
txn_008062,165.15,Credit Card,insufficient_funds,ICICI,23,3,0,0,0.79,0
txn_008063,195.41,Netbanking,card_declined,ICICI,16,2,0,1,0.778,1
txn_008064,5842.62,Credit Card,wrong_otp,Axis,18,5,1,1,0.961,0
txn_008065,2883.99,Credit Card,card_declined,Kotak,7,4,0,1,0.562,0
txn_008066,348.57,UPI,network_timeout,HDFC,9,4,0,0,0.572,1
txn_008067,1189.37,Debit Card,card_declined,Yes Bank,18,0,0,1,0.44,0
txn_008068,984.56,Debit Card,bank_server_down,Kotak,0,0,0,1,0.653,1
txn_008069,180.17,UPI,network_timeout,Kotak,21,6,1,0,0.418,0
txn_008070,1765.49,UPI,network_timeout,Kotak,5,6,1,1,0.614,0
txn_008071,622.84,Debit Card,expired_card,Axis,2,0,0,1,0.891,0
txn_008072,1639.17,UPI,bank_server_down,Yes Bank,21,0,0,1,0.872,1
txn_008073,816.66,Debit Card,insufficient_funds,Axis,3,2,0,1,0.757,1
txn_008074,351.56,UPI,bank_server_down,ICICI,11,4,0,1,0.607,1
txn_008075,248.99,Wallet,insufficient_funds,SBI,5,2,0,0,0.793,0
txn_008076,3636.84,Credit Card,bank_server_down,HDFC,12,1,0,0,0.969,1
txn_008077,3116.47,UPI,insufficient_funds,IDFC,2,3,0,0,0.519,0
txn_008078,737.64,Credit Card,expired_card,HDFC,15,3,0,1,0.417,0
txn_008079,373.35,UPI,insufficient_funds,ICICI,21,0,0,0,0.778,0
txn_008080,1010.57,Debit Card,network_timeout,HDFC,3,2,0,0,0.691,1
txn_008081,272.25,Netbanking,risk_flagged,Axis,8,4,0,1,0.665,0
txn_008082,101.06,UPI,wrong_otp,Kotak,0,5,1,2,0.986,0
txn_008083,4736.69,Wallet,insufficient_funds,SBI,20,2,0,0,0.758,0
txn_008084,374.58,Debit Card,card_declined,IDFC,12,6,1,2,0.638,0
txn_008085,3658.47,Netbanking,bank_server_down,Axis,3,1,0,1,0.958,1
txn_008086,1655.52,UPI,bank_server_down,HDFC,10,0,0,1,0.666,1
txn_008087,1087.31,Wallet,wrong_otp,Axis,9,1,0,0,0.569,0
txn_008088,471.44,UPI,card_declined,HDFC,5,0,0,0,0.842,0
txn_008089,1178.48,Debit Card,insufficient_funds,HDFC,7,5,1,0,0.968,0
txn_008090,2868.32,UPI,card_declined,Axis,23,0,0,2,0.522,1
txn_008091,847.39,Debit Card,insufficient_funds,ICICI,0,1,0,0,0.918,1
txn_008092,433.61,UPI,insufficient_funds,IDFC,16,0,0,1,0.791,0
txn_008093,2053.88,Debit Card,risk_flagged,SBI,1,6,1,2,0.69,0
txn_008094,1301.6,Debit Card,insufficient_funds,HDFC,7,5,1,0,0.882,1
txn_008095,600.36,Credit Card,risk_flagged,SBI,3,4,0,0,0.872,0
txn_008096,2856.51,Credit Card,bank_server_down,SBI,23,1,0,1,0.704,0
txn_008097,1457.6,Netbanking,insufficient_funds,Yes Bank,11,0,0,4,0.867,0
txn_008098,1050.05,UPI,card_declined,SBI,19,4,0,0,0.767,0
txn_008099,354.0,UPI,wrong_otp,Kotak,11,5,1,2,0.665,1
txn_008100,1524.61,UPI,bank_server_down,Kotak,16,0,0,0,0.68,0
txn_008101,779.95,UPI,card_declined,Axis,13,4,0,1,0.655,1
txn_008102,457.39,UPI,bank_server_down,Kotak,21,4,0,1,0.929,1
txn_008103,654.6,Netbanking,risk_flagged,Kotak,2,2,0,1,0.644,0
txn_008104,278.4,UPI,bank_server_down,Kotak,22,6,1,1,0.926,1
txn_008105,2367.09,Credit Card,risk_flagged,SBI,6,2,0,0,0.9,0
txn_008106,1233.45,Debit Card,wrong_otp,HDFC,6,4,0,1,0.879,1
txn_008107,689.44,UPI,wrong_otp,Yes Bank,6,2,0,0,0.867,1
txn_008108,1148.1,UPI,insufficient_funds,Yes Bank,18,4,0,2,0.572,0
txn_008109,523.21,UPI,insufficient_funds,ICICI,10,2,0,2,0.845,0
txn_008110,1459.99,UPI,bank_server_down,Yes Bank,12,4,0,0,0.516,1
txn_008111,237.84,Credit Card,network_timeout,Yes Bank,13,4,0,1,0.86,0
txn_008112,9265.39,Netbanking,wrong_otp,SBI,5,2,0,0,0.874,0
txn_008113,439.21,Wallet,insufficient_funds,IDFC,17,2,0,1,0.598,0
txn_008114,407.23,UPI,card_declined,Axis,12,3,0,0,0.905,1
txn_008115,1248.08,Credit Card,card_declined,ICICI,3,6,1,0,0.574,0
txn_008116,436.53,Netbanking,card_declined,Kotak,9,5,1,0,0.52,0
txn_008117,1816.08,Credit Card,expired_card,HDFC,16,3,0,1,0.466,0
txn_008118,281.47,UPI,insufficient_funds,IDFC,6,4,0,1,0.889,0
txn_008119,190.2,Debit Card,expired_card,HDFC,3,0,0,1,0.867,0
txn_008120,1154.57,UPI,network_timeout,Axis,23,1,0,2,0.699,0
txn_008121,453.23,UPI,insufficient_funds,Axis,8,6,1,0,0.78,0
txn_008122,2643.87,UPI,wrong_otp,Kotak,21,0,0,1,0.957,1
txn_008123,209.93,Debit Card,wrong_otp,Axis,14,4,0,0,0.426,0
txn_008124,842.95,UPI,risk_flagged,Axis,8,2,0,1,0.711,0
txn_008125,61.39,UPI,bank_server_down,HDFC,19,1,0,2,0.875,1
txn_008126,3627.87,Debit Card,network_timeout,HDFC,15,2,0,0,0.809,1
txn_008127,407.15,Netbanking,insufficient_funds,Kotak,16,3,0,0,0.612,0
txn_008128,357.58,Debit Card,insufficient_funds,IDFC,6,2,0,1,0.333,0
txn_008129,1548.85,Credit Card,network_timeout,Yes Bank,5,0,0,1,0.83,0
txn_008130,902.96,UPI,insufficient_funds,Kotak,11,5,1,1,0.956,1
txn_008131,169.47,Debit Card,insufficient_funds,HDFC,16,4,0,0,0.678,1
txn_008132,1085.93,UPI,network_timeout,HDFC,20,5,1,0,0.475,1
txn_008133,187.4,Debit Card,bank_server_down,Axis,16,6,1,1,0.345,0
txn_008134,2902.98,Credit Card,risk_flagged,Axis,10,3,0,1,0.795,0
txn_008135,292.42,UPI,network_timeout,Axis,15,2,0,0,0.835,1
txn_008136,2965.85,Debit Card,risk_flagged,Kotak,3,3,0,1,0.914,0
txn_008137,968.31,UPI,card_declined,SBI,12,1,0,0,0.825,1
txn_008138,3651.36,UPI,expired_card,SBI,14,6,1,1,0.63,0
txn_008139,1864.28,UPI,wrong_otp,ICICI,9,1,0,1,0.606,0
txn_008140,658.71,Credit Card,insufficient_funds,SBI,19,3,0,0,0.618,0
txn_008141,932.23,Debit Card,network_timeout,ICICI,16,2,0,0,0.569,1
txn_008142,692.12,UPI,bank_server_down,HDFC,1,1,0,3,0.562,1
txn_008143,4747.02,Wallet,insufficient_funds,ICICI,0,4,0,2,0.57,0
txn_008144,338.69,UPI,wrong_otp,SBI,23,2,0,1,0.538,0
txn_008145,735.35,UPI,wrong_otp,ICICI,23,1,0,1,0.848,0
txn_008146,515.61,Debit Card,wrong_otp,Yes Bank,3,6,1,1,0.731,1
txn_008147,460.47,UPI,wrong_otp,HDFC,18,1,0,1,0.551,0
txn_008148,1326.55,UPI,wrong_otp,ICICI,4,3,0,1,0.682,0
txn_008149,1989.22,Credit Card,network_timeout,HDFC,19,0,0,0,0.534,0
txn_008150,1767.16,Debit Card,network_timeout,HDFC,16,5,1,1,0.775,0
txn_008151,6364.5,UPI,bank_server_down,Axis,1,5,1,2,0.812,1
txn_008152,274.07,UPI,wrong_otp,SBI,8,2,0,2,0.311,0
txn_008153,827.38,Credit Card,bank_server_down,Yes Bank,23,3,0,1,0.601,0
txn_008154,451.81,Credit Card,network_timeout,SBI,21,2,0,1,0.679,1
txn_008155,3355.67,Debit Card,bank_server_down,SBI,3,1,0,0,0.423,1
txn_008156,148.63,UPI,bank_server_down,Axis,17,1,0,0,0.838,0
txn_008157,1036.61,Credit Card,expired_card,Axis,3,5,1,0,0.799,0
txn_008158,274.7,UPI,bank_server_down,IDFC,15,1,0,1,0.723,1
txn_008159,2488.0,UPI,bank_server_down,Axis,20,1,0,0,0.955,1
txn_008160,2478.44,UPI,bank_server_down,ICICI,17,5,1,0,0.393,0
txn_008161,719.37,Debit Card,bank_server_down,HDFC,19,1,0,0,0.833,1
txn_008162,3020.03,Credit Card,wrong_otp,HDFC,10,0,0,2,0.278,1
txn_008163,740.29,Credit Card,network_timeout,Yes Bank,19,4,0,1,0.508,1
txn_008164,2000.64,UPI,card_declined,Yes Bank,23,1,0,1,0.616,0
txn_008165,580.11,Netbanking,bank_server_down,Yes Bank,12,6,1,1,0.747,0
txn_008166,1595.59,Credit Card,wrong_otp,Kotak,9,5,1,2,0.624,0
txn_008167,561.98,Netbanking,bank_server_down,Axis,21,5,1,1,0.716,0
txn_008168,1948.98,Netbanking,card_declined,Kotak,22,6,1,0,0.809,1
txn_008169,603.24,UPI,bank_server_down,ICICI,2,2,0,0,0.808,1
txn_008170,160.35,Credit Card,network_timeout,Yes Bank,5,0,0,0,0.678,1
txn_008171,3408.97,UPI,bank_server_down,SBI,21,3,0,0,0.761,1
txn_008172,201.02,Netbanking,risk_flagged,SBI,2,6,1,1,0.664,0
txn_008173,1042.68,Credit Card,risk_flagged,SBI,17,2,0,0,0.45,0
txn_008174,794.13,Netbanking,expired_card,Yes Bank,5,1,0,2,0.833,0
txn_008175,368.14,Netbanking,insufficient_funds,HDFC,7,1,0,1,0.886,0
txn_008176,250.44,Debit Card,insufficient_funds,Kotak,9,1,0,2,0.917,0
txn_008177,1090.2,Debit Card,network_timeout,IDFC,15,2,0,0,0.911,1
txn_008178,467.38,Wallet,network_timeout,SBI,19,6,1,0,0.383,1
txn_008179,634.88,Credit Card,insufficient_funds,Axis,5,0,0,1,0.601,0
txn_008180,5895.44,Netbanking,insufficient_funds,Axis,21,2,0,1,0.838,0
txn_008181,692.73,UPI,bank_server_down,Kotak,0,4,0,0,0.202,1
txn_008182,413.71,UPI,bank_server_down,IDFC,3,0,0,1,0.444,0
txn_008183,1627.06,Credit Card,insufficient_funds,IDFC,23,0,0,0,0.904,0
txn_008184,396.13,UPI,bank_server_down,Yes Bank,8,3,0,0,0.693,1
txn_008185,243.1,Wallet,card_declined,HDFC,11,4,0,0,0.759,0
txn_008186,214.29,Credit Card,insufficient_funds,Axis,23,5,1,1,0.922,0
txn_008187,276.37,Netbanking,insufficient_funds,IDFC,14,0,0,0,0.824,1
txn_008188,416.83,Netbanking,card_declined,Yes Bank,12,6,1,0,0.94,1
txn_008189,573.19,Debit Card,insufficient_funds,HDFC,19,3,0,1,0.712,0
txn_008190,479.38,Netbanking,risk_flagged,Axis,3,2,0,3,0.97,0
txn_008191,483.75,Credit Card,insufficient_funds,SBI,19,3,0,2,0.586,0
txn_008192,152.47,Debit Card,network_timeout,Yes Bank,20,6,1,0,0.728,0
txn_008193,359.7,Wallet,network_timeout,Yes Bank,17,3,0,1,0.912,0
txn_008194,1922.46,Credit Card,bank_server_down,IDFC,0,6,1,0,0.411,1
txn_008195,3472.86,UPI,card_declined,IDFC,18,4,0,1,0.892,1
txn_008196,1597.74,UPI,insufficient_funds,SBI,15,0,0,0,0.656,1
txn_008197,3603.3,Debit Card,network_timeout,Axis,1,4,0,0,0.916,0
txn_008198,1621.21,UPI,card_declined,Kotak,4,6,1,2,0.752,0
txn_008199,964.68,Credit Card,card_declined,Axis,10,0,0,0,0.762,0
txn_008200,336.49,UPI,insufficient_funds,HDFC,23,2,0,0,0.836,0
txn_008201,1206.92,Netbanking,insufficient_funds,Kotak,1,0,0,1,0.77,0
txn_008202,748.95,Debit Card,network_timeout,Kotak,4,1,0,1,0.975,1
txn_008203,354.47,UPI,card_declined,ICICI,9,0,0,0,0.765,0
txn_008204,611.88,UPI,card_declined,ICICI,6,6,1,0,0.656,0
txn_008205,1364.82,UPI,network_timeout,SBI,3,0,0,1,0.739,1
txn_008206,551.55,UPI,wrong_otp,IDFC,0,2,0,1,0.816,1
txn_008207,1540.41,Credit Card,bank_server_down,Axis,11,6,1,0,0.954,0
txn_008208,93.01,Debit Card,insufficient_funds,SBI,6,0,0,0,0.534,0
txn_008209,88.92,UPI,wrong_otp,SBI,17,2,0,1,0.896,1
txn_008210,1992.94,UPI,insufficient_funds,SBI,16,3,0,0,0.727,1
txn_008211,849.8,UPI,network_timeout,HDFC,21,5,1,2,0.894,0
txn_008212,3103.97,Credit Card,expired_card,IDFC,7,0,0,0,0.949,0
txn_008213,518.64,UPI,wrong_otp,ICICI,2,0,0,2,0.619,1
txn_008214,6990.97,UPI,expired_card,HDFC,12,0,0,0,0.624,0
txn_008215,1589.6,UPI,card_declined,SBI,18,1,0,0,0.519,1
txn_008216,2178.4,UPI,bank_server_down,Axis,8,3,0,0,0.805,0
txn_008217,2332.66,UPI,insufficient_funds,HDFC,9,0,0,0,0.825,0
txn_008218,97.48,Wallet,risk_flagged,ICICI,17,2,0,1,0.93,0
txn_008219,827.89,UPI,insufficient_funds,HDFC,12,6,1,1,0.822,0
txn_008220,1779.83,UPI,card_declined,Axis,19,6,1,3,0.714,1
txn_008221,327.43,Debit Card,insufficient_funds,SBI,4,0,0,0,0.608,0
txn_008222,648.74,UPI,network_timeout,SBI,5,3,0,0,0.886,1
txn_008223,4549.73,Netbanking,expired_card,SBI,0,2,0,1,0.609,0
txn_008224,1087.22,Netbanking,card_declined,IDFC,18,3,0,0,0.915,0
txn_008225,971.68,UPI,wrong_otp,IDFC,22,6,1,2,0.759,0
txn_008226,678.55,Debit Card,expired_card,HDFC,9,5,1,1,0.769,0
txn_008227,2324.64,Wallet,card_declined,ICICI,10,4,0,1,0.609,0
txn_008228,341.18,UPI,insufficient_funds,IDFC,6,0,0,0,0.678,1
txn_008229,1126.26,UPI,card_declined,SBI,4,6,1,1,0.294,0
txn_008230,934.91,UPI,network_timeout,IDFC,10,0,0,1,0.718,1
txn_008231,1731.11,Debit Card,network_timeout,HDFC,17,1,0,0,0.648,1
txn_008232,204.2,Wallet,bank_server_down,Axis,2,1,0,0,0.707,0
txn_008233,1124.72,Wallet,risk_flagged,SBI,17,6,1,1,0.744,0
txn_008234,922.92,UPI,insufficient_funds,IDFC,10,4,0,1,0.909,0
txn_008235,1272.47,Debit Card,insufficient_funds,IDFC,3,3,0,0,0.838,0
txn_008236,783.35,Debit Card,insufficient_funds,IDFC,10,1,0,0,0.518,0
txn_008237,319.75,Wallet,insufficient_funds,IDFC,17,6,1,1,0.571,1
txn_008238,257.71,UPI,insufficient_funds,HDFC,16,1,0,0,0.551,0
txn_008239,280.24,UPI,bank_server_down,SBI,17,5,1,2,0.943,1
txn_008240,452.22,Debit Card,bank_server_down,Axis,2,6,1,0,0.789,0
txn_008241,2727.36,UPI,insufficient_funds,HDFC,1,5,1,0,0.89,0
txn_008242,526.32,Credit Card,insufficient_funds,Axis,13,5,1,3,0.861,0
txn_008243,520.91,Debit Card,bank_server_down,HDFC,7,6,1,0,0.526,0
txn_008244,423.44,UPI,card_declined,Axis,3,3,0,2,0.448,0
txn_008245,1167.03,Credit Card,card_declined,IDFC,21,5,1,3,0.859,0
txn_008246,101.92,Netbanking,card_declined,HDFC,9,3,0,1,0.686,1
txn_008247,263.43,UPI,network_timeout,Yes Bank,0,5,1,0,0.46,1
txn_008248,967.36,UPI,insufficient_funds,HDFC,9,1,0,0,0.697,0
txn_008249,450.09,Netbanking,network_timeout,IDFC,6,5,1,0,0.422,0
txn_008250,1596.33,UPI,expired_card,Kotak,5,2,0,2,0.937,0
txn_008251,336.04,UPI,network_timeout,Axis,10,0,0,1,0.797,1
txn_008252,198.59,Credit Card,risk_flagged,ICICI,23,0,0,0,0.537,1
txn_008253,244.88,Wallet,bank_server_down,Axis,15,6,1,0,0.55,0
txn_008254,374.59,Credit Card,bank_server_down,Axis,14,1,0,1,0.437,0
txn_008255,518.96,Netbanking,bank_server_down,Kotak,15,0,0,1,0.723,1
txn_008256,1782.31,UPI,insufficient_funds,Kotak,21,3,0,0,0.726,0
txn_008257,1233.07,UPI,bank_server_down,Kotak,5,5,1,2,0.9,1
txn_008258,422.42,UPI,wrong_otp,IDFC,10,6,1,0,0.47,0
txn_008259,1021.5,UPI,wrong_otp,SBI,14,6,1,0,0.667,1
txn_008260,853.02,UPI,insufficient_funds,Kotak,9,1,0,2,0.76,0
txn_008261,314.1,Credit Card,network_timeout,HDFC,16,0,0,3,0.792,0
txn_008262,79.1,Debit Card,wrong_otp,Yes Bank,13,6,1,0,0.752,1
txn_008263,715.34,Credit Card,bank_server_down,Kotak,23,6,1,2,0.721,0
txn_008264,920.77,Netbanking,insufficient_funds,Axis,11,6,1,0,0.471,0
txn_008265,755.89,UPI,insufficient_funds,ICICI,14,1,0,0,0.729,1
txn_008266,1575.93,Credit Card,bank_server_down,IDFC,14,4,0,0,0.716,1
txn_008267,792.86,UPI,insufficient_funds,Axis,22,2,0,1,0.603,0
txn_008268,560.52,Credit Card,card_declined,ICICI,19,5,1,1,0.448,1
txn_008269,1853.06,UPI,bank_server_down,Kotak,20,6,1,1,0.558,1
txn_008270,1091.83,Debit Card,card_declined,SBI,12,5,1,0,0.837,0
txn_008271,226.95,Credit Card,insufficient_funds,Kotak,4,5,1,0,0.693,0
txn_008272,3058.95,UPI,insufficient_funds,IDFC,2,3,0,0,0.604,0
txn_008273,60.05,Credit Card,insufficient_funds,HDFC,8,4,0,1,0.787,1
txn_008274,4302.11,Debit Card,network_timeout,Axis,4,4,0,2,0.789,0
txn_008275,121.19,UPI,network_timeout,ICICI,2,0,0,1,0.809,1
txn_008276,232.69,Debit Card,network_timeout,SBI,14,5,1,0,0.81,1
txn_008277,112.44,UPI,card_declined,IDFC,10,0,0,3,0.773,0
txn_008278,153.67,Credit Card,bank_server_down,Yes Bank,15,6,1,1,0.69,1
txn_008279,82.42,UPI,wrong_otp,Kotak,23,3,0,0,0.853,1
txn_008280,1154.86,UPI,bank_server_down,Yes Bank,19,1,0,0,0.872,1
txn_008281,3178.9,Debit Card,risk_flagged,Axis,12,2,0,0,0.861,0
txn_008282,493.61,UPI,bank_server_down,IDFC,3,3,0,1,0.768,1
txn_008283,294.45,UPI,bank_server_down,Axis,16,1,0,1,0.583,1
txn_008284,237.34,UPI,insufficient_funds,Kotak,8,4,0,1,0.72,1
txn_008285,923.25,Debit Card,insufficient_funds,HDFC,19,1,0,0,0.476,0
txn_008286,910.17,UPI,insufficient_funds,HDFC,17,5,1,0,0.633,0
txn_008287,211.27,UPI,card_declined,ICICI,1,1,0,0,0.322,0
txn_008288,197.28,UPI,insufficient_funds,Kotak,16,0,0,0,0.856,0
txn_008289,1432.08,UPI,bank_server_down,Yes Bank,16,1,0,0,0.764,1
txn_008290,549.87,Credit Card,network_timeout,ICICI,13,1,0,0,0.762,1
txn_008291,557.61,Wallet,risk_flagged,IDFC,16,1,0,1,0.822,0
txn_008292,330.22,Debit Card,insufficient_funds,SBI,15,0,0,0,0.64,0
txn_008293,1189.91,Wallet,card_declined,Axis,13,6,1,2,0.841,0
txn_008294,1388.72,Credit Card,insufficient_funds,Kotak,6,5,1,0,0.618,0
txn_008295,655.38,Debit Card,insufficient_funds,Axis,11,2,0,1,0.783,1
txn_008296,196.05,UPI,insufficient_funds,SBI,17,0,0,0,0.821,0
txn_008297,2485.52,Credit Card,wrong_otp,Kotak,12,2,0,0,0.901,1
txn_008298,71.81,UPI,card_declined,SBI,21,5,1,1,0.878,1
txn_008299,447.19,UPI,card_declined,Kotak,11,4,0,2,0.855,0
txn_008300,1164.72,Credit Card,network_timeout,IDFC,0,4,0,2,0.889,0
txn_008301,985.01,UPI,bank_server_down,ICICI,7,6,1,2,0.667,1
txn_008302,301.85,Netbanking,insufficient_funds,HDFC,13,3,0,0,0.648,1
txn_008303,1842.42,Netbanking,insufficient_funds,Kotak,3,3,0,1,0.758,0
txn_008304,1229.45,Debit Card,bank_server_down,Kotak,1,6,1,0,0.794,1
txn_008305,984.26,Credit Card,card_declined,Axis,8,3,0,1,0.943,1
txn_008306,841.45,UPI,insufficient_funds,Yes Bank,19,6,1,1,0.492,0
txn_008307,1567.71,Debit Card,wrong_otp,Kotak,1,4,0,1,0.69,0
txn_008308,1740.07,UPI,network_timeout,Axis,8,4,0,0,0.718,1
txn_008309,785.82,UPI,card_declined,ICICI,9,4,0,0,0.639,0
txn_008310,256.58,UPI,network_timeout,ICICI,15,5,1,0,0.838,1
txn_008311,1587.27,UPI,card_declined,Kotak,21,1,0,0,0.664,0
txn_008312,1809.06,Debit Card,risk_flagged,HDFC,9,4,0,0,0.812,0
txn_008313,465.2,UPI,bank_server_down,Kotak,3,0,0,0,0.531,1
txn_008314,765.83,UPI,card_declined,Kotak,5,3,0,0,0.953,1
txn_008315,213.67,Debit Card,network_timeout,Kotak,19,5,1,0,0.621,1
txn_008316,1130.17,UPI,card_declined,IDFC,4,1,0,0,0.819,1
txn_008317,1457.63,Credit Card,bank_server_down,HDFC,18,0,0,0,0.644,1
txn_008318,874.78,Credit Card,network_timeout,IDFC,12,3,0,0,0.795,0
txn_008319,213.95,Debit Card,insufficient_funds,IDFC,13,0,0,1,0.813,0
txn_008320,4702.22,Debit Card,network_timeout,HDFC,7,2,0,1,0.7,1
txn_008321,318.21,UPI,insufficient_funds,Kotak,11,2,0,0,0.672,0
txn_008322,231.04,Debit Card,wrong_otp,SBI,6,6,1,2,0.792,0
txn_008323,239.11,Debit Card,network_timeout,Yes Bank,9,4,0,3,0.739,0
txn_008324,383.5,UPI,insufficient_funds,HDFC,13,6,1,0,0.575,0
txn_008325,841.35,Credit Card,network_timeout,Yes Bank,17,0,0,1,0.551,1
txn_008326,204.85,Debit Card,expired_card,Kotak,21,3,0,0,0.716,0
txn_008327,841.0,Debit Card,wrong_otp,IDFC,9,0,0,2,0.753,0
txn_008328,881.21,Wallet,wrong_otp,SBI,9,2,0,0,0.57,1
txn_008329,470.91,UPI,insufficient_funds,SBI,18,5,1,0,0.627,1
txn_008330,639.49,Credit Card,card_declined,IDFC,10,5,1,1,0.893,0
txn_008331,1629.23,UPI,network_timeout,HDFC,7,1,0,0,0.811,1
txn_008332,553.69,UPI,insufficient_funds,SBI,2,1,0,0,0.703,0
txn_008333,508.64,UPI,bank_server_down,ICICI,15,2,0,0,0.775,1
txn_008334,1413.3,UPI,card_declined,Axis,9,2,0,0,0.755,0
txn_008335,5628.19,UPI,bank_server_down,Yes Bank,19,1,0,1,0.79,1
txn_008336,1776.96,Wallet,insufficient_funds,ICICI,21,6,1,1,0.409,0
txn_008337,2414.39,Debit Card,bank_server_down,ICICI,16,4,0,2,0.865,1
txn_008338,645.83,Credit Card,wrong_otp,Yes Bank,19,1,0,1,0.775,0
txn_008339,2287.08,UPI,insufficient_funds,Kotak,4,2,0,1,0.838,0
txn_008340,940.67,Debit Card,insufficient_funds,Yes Bank,19,2,0,1,0.809,1
txn_008341,86.71,UPI,insufficient_funds,Axis,20,2,0,1,0.663,1
txn_008342,550.61,Netbanking,risk_flagged,SBI,18,4,0,1,0.674,0
txn_008343,174.97,Debit Card,wrong_otp,ICICI,14,5,1,0,0.551,0
txn_008344,213.5,UPI,insufficient_funds,Axis,3,2,0,1,0.697,0
txn_008345,1313.9,UPI,risk_flagged,IDFC,4,5,1,0,0.564,0
txn_008346,540.28,Debit Card,insufficient_funds,ICICI,4,0,0,0,0.442,1
txn_008347,1206.31,UPI,bank_server_down,SBI,12,2,0,2,0.262,1
txn_008348,1284.63,Netbanking,bank_server_down,Kotak,5,1,0,2,0.931,0
txn_008349,1001.7,UPI,wrong_otp,Yes Bank,20,3,0,1,0.901,0
txn_008350,2055.64,UPI,card_declined,Yes Bank,22,1,0,0,0.752,1
txn_008351,677.25,Netbanking,card_declined,Yes Bank,18,1,0,0,0.621,0
txn_008352,671.16,UPI,bank_server_down,IDFC,5,5,1,1,0.809,1
txn_008353,784.34,Debit Card,bank_server_down,ICICI,8,4,0,1,0.797,1
txn_008354,751.41,Wallet,risk_flagged,Axis,16,3,0,1,0.572,0
txn_008355,843.2,Debit Card,insufficient_funds,ICICI,6,2,0,1,0.805,1
txn_008356,2053.8,Debit Card,insufficient_funds,ICICI,3,0,0,0,0.457,0
txn_008357,228.72,UPI,wrong_otp,Axis,3,5,1,0,0.492,0
txn_008358,242.13,Credit Card,card_declined,ICICI,3,2,0,1,0.851,1
txn_008359,644.3,Debit Card,insufficient_funds,Yes Bank,14,1,0,1,0.743,0
txn_008360,1389.49,UPI,expired_card,Kotak,0,5,1,0,0.899,0
txn_008361,1553.91,UPI,network_timeout,Axis,20,3,0,0,0.703,1
txn_008362,1275.57,UPI,insufficient_funds,Yes Bank,20,6,1,2,0.828,0
txn_008363,304.2,Debit Card,wrong_otp,IDFC,18,5,1,1,0.682,0
txn_008364,1425.64,Debit Card,wrong_otp,IDFC,23,6,1,0,0.548,0
txn_008365,133.27,UPI,bank_server_down,SBI,16,0,0,0,0.729,1
txn_008366,2652.77,UPI,insufficient_funds,Yes Bank,6,2,0,2,0.728,0
txn_008367,604.7,Wallet,insufficient_funds,Kotak,21,6,1,1,0.566,0
txn_008368,468.8,Wallet,risk_flagged,Kotak,19,1,0,1,0.867,0
txn_008369,728.84,UPI,insufficient_funds,Yes Bank,0,0,0,1,0.55,1
txn_008370,763.54,Debit Card,insufficient_funds,Kotak,22,2,0,0,0.541,1
txn_008371,137.8,Netbanking,risk_flagged,HDFC,11,6,1,0,0.919,0
txn_008372,210.98,Debit Card,wrong_otp,Kotak,1,6,1,1,0.814,0
txn_008373,920.88,Netbanking,insufficient_funds,Yes Bank,4,1,0,0,0.748,0
txn_008374,335.3,UPI,expired_card,Yes Bank,13,2,0,0,0.742,0
txn_008375,4026.23,Credit Card,network_timeout,Axis,12,0,0,0,0.63,1
txn_008376,357.82,UPI,bank_server_down,SBI,17,6,1,0,0.631,1
txn_008377,208.92,Credit Card,insufficient_funds,Axis,1,3,0,0,0.548,0
txn_008378,202.05,UPI,insufficient_funds,Axis,6,3,0,1,0.714,1
txn_008379,595.55,UPI,wrong_otp,Yes Bank,19,0,0,0,0.818,1
txn_008380,306.75,Debit Card,bank_server_down,Kotak,23,5,1,2,0.662,0
txn_008381,2922.8,UPI,card_declined,Kotak,16,6,1,1,0.742,0
txn_008382,1546.8,UPI,wrong_otp,IDFC,11,2,0,0,0.859,1
txn_008383,112.23,Credit Card,bank_server_down,SBI,10,2,0,1,0.859,0
txn_008384,3321.67,UPI,bank_server_down,HDFC,0,2,0,0,0.328,1
txn_008385,2477.48,UPI,network_timeout,Kotak,20,5,1,1,0.364,1
txn_008386,610.15,UPI,insufficient_funds,ICICI,14,0,0,1,0.82,0
txn_008387,216.27,UPI,risk_flagged,Kotak,21,4,0,0,0.39,0
txn_008388,323.5,Credit Card,bank_server_down,Axis,12,0,0,0,0.561,0
txn_008389,904.05,Netbanking,insufficient_funds,Axis,9,4,0,1,0.628,1
txn_008390,620.98,Wallet,wrong_otp,Axis,9,3,0,0,0.418,1
txn_008391,3197.88,Netbanking,card_declined,SBI,8,0,0,1,0.682,0
txn_008392,1638.93,UPI,insufficient_funds,Yes Bank,4,4,0,1,0.628,0
txn_008393,443.65,Credit Card,bank_server_down,ICICI,11,5,1,1,0.603,0
txn_008394,913.78,Netbanking,insufficient_funds,Yes Bank,2,6,1,0,0.507,0
txn_008395,925.27,Debit Card,wrong_otp,IDFC,5,5,1,1,0.94,0
txn_008396,1128.96,Debit Card,insufficient_funds,Axis,5,2,0,2,0.906,0
txn_008397,764.05,UPI,wrong_otp,Kotak,8,0,0,0,0.834,1
txn_008398,207.62,UPI,expired_card,HDFC,9,4,0,1,0.959,1
txn_008399,269.75,UPI,network_timeout,SBI,13,3,0,3,0.73,0
txn_008400,941.81,Netbanking,insufficient_funds,SBI,15,2,0,1,0.901,0
txn_008401,3470.39,UPI,bank_server_down,IDFC,7,0,0,1,0.886,0
txn_008402,353.11,UPI,insufficient_funds,Axis,4,0,0,1,0.4,0
txn_008403,1358.0,UPI,card_declined,Kotak,0,0,0,0,0.835,1
txn_008404,1076.11,UPI,card_declined,SBI,13,4,0,0,0.844,0
txn_008405,1323.54,UPI,insufficient_funds,HDFC,18,2,0,1,0.722,1
txn_008406,1777.53,Credit Card,card_declined,ICICI,15,6,1,1,0.826,0
txn_008407,219.84,UPI,bank_server_down,SBI,18,2,0,0,0.727,1
txn_008408,1998.41,UPI,card_declined,HDFC,18,6,1,2,0.958,0
txn_008409,1190.41,Debit Card,insufficient_funds,HDFC,21,2,0,0,0.713,1
txn_008410,514.78,UPI,insufficient_funds,HDFC,16,3,0,2,0.7,0
txn_008411,2386.43,Credit Card,card_declined,IDFC,9,0,0,0,0.806,0
txn_008412,149.31,UPI,risk_flagged,HDFC,21,4,0,0,0.668,0
txn_008413,1833.67,UPI,insufficient_funds,HDFC,21,5,1,0,0.458,1
txn_008414,88.37,UPI,risk_flagged,HDFC,3,6,1,0,0.552,0
txn_008415,1988.25,UPI,risk_flagged,Kotak,0,6,1,2,0.812,0
txn_008416,244.45,Credit Card,risk_flagged,SBI,23,2,0,0,0.356,0
txn_008417,1410.59,UPI,network_timeout,SBI,4,3,0,0,0.736,0
txn_008418,237.67,UPI,card_declined,IDFC,3,2,0,0,0.654,1
txn_008419,2009.13,UPI,bank_server_down,Kotak,0,4,0,1,0.756,1
txn_008420,217.89,Netbanking,wrong_otp,Kotak,9,5,1,1,0.769,1
txn_008421,394.01,Credit Card,network_timeout,HDFC,9,2,0,4,0.682,1
txn_008422,1381.75,UPI,network_timeout,IDFC,1,2,0,1,0.816,1
txn_008423,819.63,UPI,bank_server_down,SBI,17,1,0,0,0.514,1
txn_008424,30.6,UPI,insufficient_funds,IDFC,21,5,1,1,0.747,0
txn_008425,3303.06,Debit Card,bank_server_down,IDFC,0,2,0,0,0.676,1
txn_008426,1551.42,Wallet,card_declined,Yes Bank,15,0,0,1,0.847,1
txn_008427,660.29,Netbanking,wrong_otp,Kotak,12,4,0,2,0.496,1
txn_008428,321.49,UPI,bank_server_down,Axis,23,5,1,0,0.788,1
txn_008429,3477.04,UPI,expired_card,HDFC,2,3,0,1,0.876,1
txn_008430,550.1,UPI,card_declined,ICICI,18,2,0,0,0.851,0
txn_008431,1327.62,Credit Card,insufficient_funds,ICICI,1,6,1,0,0.82,1
txn_008432,968.71,UPI,card_declined,SBI,21,6,1,1,0.883,0
txn_008433,953.82,UPI,insufficient_funds,Axis,14,5,1,1,0.988,0
txn_008434,2010.88,Credit Card,expired_card,HDFC,15,3,0,0,0.83,0
txn_008435,575.53,Credit Card,card_declined,ICICI,6,2,0,0,0.883,0
txn_008436,1097.0,Credit Card,insufficient_funds,HDFC,6,6,1,1,0.501,1
txn_008437,745.28,UPI,network_timeout,HDFC,8,1,0,1,0.453,0
txn_008438,129.34,UPI,risk_flagged,HDFC,20,0,0,0,0.74,0
txn_008439,598.66,Credit Card,bank_server_down,Axis,0,0,0,1,0.873,1
txn_008440,2697.1,Credit Card,card_declined,ICICI,18,0,0,0,0.682,0
txn_008441,580.84,Debit Card,insufficient_funds,Yes Bank,9,6,1,0,0.794,1
txn_008442,1172.62,UPI,bank_server_down,HDFC,17,6,1,0,0.498,1
txn_008443,428.41,UPI,insufficient_funds,IDFC,10,2,0,1,0.492,1
txn_008444,1218.56,Debit Card,bank_server_down,HDFC,5,3,0,0,0.87,0
txn_008445,92.26,UPI,network_timeout,Axis,14,4,0,0,0.851,1
txn_008446,603.08,Credit Card,wrong_otp,Yes Bank,7,0,0,1,0.697,1
txn_008447,5853.05,Debit Card,network_timeout,IDFC,12,2,0,0,0.351,1
txn_008448,1126.33,Netbanking,bank_server_down,Kotak,21,4,0,2,0.661,1
txn_008449,549.99,UPI,bank_server_down,Axis,16,4,0,0,0.931,0
txn_008450,347.68,UPI,card_declined,ICICI,11,3,0,0,0.731,1
txn_008451,2616.23,Netbanking,insufficient_funds,SBI,22,6,1,1,0.625,0
txn_008452,550.85,UPI,risk_flagged,Kotak,5,4,0,2,0.818,0
txn_008453,370.88,Netbanking,network_timeout,Kotak,11,2,0,1,0.805,1
txn_008454,438.61,Credit Card,card_declined,SBI,9,5,1,1,0.907,0
txn_008455,224.89,Credit Card,insufficient_funds,Axis,10,6,1,2,0.375,0
txn_008456,692.15,Debit Card,bank_server_down,Yes Bank,15,6,1,0,0.633,1
txn_008457,512.22,Netbanking,insufficient_funds,Kotak,4,6,1,1,0.899,0
txn_008458,1365.59,UPI,insufficient_funds,Yes Bank,3,4,0,0,0.705,0
txn_008459,330.5,Debit Card,bank_server_down,HDFC,12,2,0,1,0.701,0
txn_008460,495.13,UPI,insufficient_funds,Kotak,0,4,0,0,0.936,1
txn_008461,218.62,UPI,bank_server_down,Axis,14,3,0,3,0.946,1
txn_008462,95.56,Netbanking,bank_server_down,ICICI,15,3,0,1,0.956,1
txn_008463,1338.96,Wallet,card_declined,Kotak,23,6,1,1,0.594,0
txn_008464,11085.06,Debit Card,card_declined,Yes Bank,12,6,1,1,0.395,1
txn_008465,901.05,Credit Card,wrong_otp,ICICI,19,4,0,0,0.735,1
txn_008466,1419.31,Debit Card,card_declined,Yes Bank,11,6,1,2,0.757,0
txn_008467,2676.62,Debit Card,risk_flagged,SBI,12,0,0,0,0.605,1
txn_008468,2102.37,UPI,insufficient_funds,HDFC,14,1,0,2,0.771,1
txn_008469,349.45,Debit Card,insufficient_funds,ICICI,13,4,0,0,0.838,1
txn_008470,1080.08,Credit Card,network_timeout,SBI,17,1,0,0,0.926,0
txn_008471,2048.9,Wallet,expired_card,SBI,18,4,0,0,0.49,0
txn_008472,125.57,UPI,insufficient_funds,SBI,6,1,0,1,0.496,1
txn_008473,1709.6,UPI,card_declined,Yes Bank,17,4,0,2,0.868,1
txn_008474,1511.62,Debit Card,card_declined,IDFC,11,1,0,1,0.962,1
txn_008475,174.19,Credit Card,card_declined,ICICI,18,1,0,0,0.889,1
txn_008476,335.83,Credit Card,insufficient_funds,Yes Bank,12,5,1,4,0.638,0
txn_008477,858.71,Debit Card,insufficient_funds,HDFC,0,0,0,3,0.822,0
txn_008478,1286.8,Credit Card,insufficient_funds,SBI,14,2,0,1,0.515,0
txn_008479,3162.9,Credit Card,card_declined,SBI,12,3,0,0,0.747,1
txn_008480,878.69,UPI,expired_card,HDFC,14,3,0,1,0.671,1
txn_008481,1065.74,UPI,bank_server_down,IDFC,11,3,0,0,0.504,0
txn_008482,173.05,Debit Card,bank_server_down,Kotak,15,1,0,0,0.679,1
txn_008483,602.62,UPI,risk_flagged,ICICI,17,2,0,1,0.895,0
txn_008484,578.3,Debit Card,wrong_otp,SBI,12,1,0,1,0.379,1
txn_008485,1411.51,Debit Card,expired_card,Kotak,6,1,0,1,0.606,0
txn_008486,584.98,Netbanking,wrong_otp,Yes Bank,0,2,0,0,0.977,1
txn_008487,690.35,Debit Card,card_declined,Kotak,18,0,0,0,0.428,1
txn_008488,458.19,Debit Card,insufficient_funds,Yes Bank,21,4,0,0,0.385,0
txn_008489,211.47,UPI,insufficient_funds,Axis,11,3,0,0,0.888,0
txn_008490,772.43,UPI,card_declined,HDFC,9,4,0,3,0.386,0
txn_008491,519.72,UPI,wrong_otp,IDFC,6,4,0,0,0.737,0
txn_008492,1498.87,Netbanking,insufficient_funds,HDFC,20,6,1,0,0.59,1
txn_008493,971.66,Debit Card,bank_server_down,HDFC,6,6,1,1,0.533,1
txn_008494,510.27,Debit Card,insufficient_funds,Kotak,5,0,0,2,0.609,0
txn_008495,4091.31,Netbanking,expired_card,Yes Bank,12,1,0,0,0.899,0
txn_008496,708.81,Debit Card,expired_card,Kotak,16,0,0,0,0.78,0
txn_008497,2009.22,Credit Card,network_timeout,Axis,21,5,1,1,0.918,0
txn_008498,142.0,UPI,network_timeout,ICICI,15,6,1,2,0.892,0
txn_008499,76.19,Netbanking,insufficient_funds,SBI,14,4,0,0,0.863,0
txn_008500,853.66,Credit Card,network_timeout,HDFC,2,1,0,2,0.58,0
txn_008501,571.11,Credit Card,insufficient_funds,Kotak,19,0,0,1,0.353,0
txn_008502,530.58,UPI,insufficient_funds,IDFC,19,4,0,2,0.759,0
txn_008503,446.64,Debit Card,bank_server_down,Kotak,16,1,0,2,0.698,1
txn_008504,730.67,Credit Card,bank_server_down,ICICI,11,2,0,0,0.94,1
txn_008505,90.79,UPI,risk_flagged,HDFC,14,2,0,2,0.54,0
txn_008506,1821.68,Netbanking,network_timeout,IDFC,11,3,0,2,0.718,1
txn_008507,267.71,UPI,expired_card,HDFC,17,0,0,1,0.776,0
txn_008508,2307.25,Debit Card,network_timeout,Axis,3,5,1,2,0.791,1
txn_008509,22469.77,Netbanking,network_timeout,Yes Bank,14,1,0,0,0.397,1
txn_008510,302.05,UPI,card_declined,IDFC,7,1,0,1,0.86,1
txn_008511,6351.67,UPI,insufficient_funds,SBI,1,6,1,0,0.35,0
txn_008512,1130.7,UPI,insufficient_funds,Kotak,0,1,0,0,0.413,0
txn_008513,3159.04,Wallet,network_timeout,Kotak,9,2,0,0,0.803,1
txn_008514,128.79,Credit Card,bank_server_down,Axis,8,6,1,0,0.544,1
txn_008515,440.99,UPI,insufficient_funds,Yes Bank,10,0,0,1,0.736,0
txn_008516,707.01,UPI,card_declined,HDFC,22,2,0,2,0.681,1
txn_008517,641.91,UPI,network_timeout,Axis,18,4,0,0,0.747,1
txn_008518,508.73,Credit Card,bank_server_down,Yes Bank,4,0,0,0,0.94,0
txn_008519,386.34,Credit Card,network_timeout,HDFC,20,5,1,1,0.869,1
txn_008520,1242.19,Debit Card,wrong_otp,SBI,2,2,0,1,0.971,1
txn_008521,688.63,Credit Card,insufficient_funds,ICICI,1,0,0,1,0.886,0
txn_008522,294.19,Debit Card,insufficient_funds,Yes Bank,2,3,0,1,0.513,0
txn_008523,88.21,UPI,expired_card,IDFC,14,5,1,0,0.92,0
txn_008524,1366.27,Credit Card,insufficient_funds,SBI,7,1,0,0,0.517,0
txn_008525,3809.33,UPI,card_declined,HDFC,15,2,0,0,0.538,1
txn_008526,5694.06,Netbanking,insufficient_funds,SBI,8,2,0,3,0.658,0
txn_008527,1166.09,UPI,network_timeout,Axis,12,2,0,1,0.726,1
txn_008528,2119.9,Credit Card,network_timeout,IDFC,23,5,1,0,0.758,1
txn_008529,257.67,Credit Card,insufficient_funds,SBI,6,6,1,0,0.905,1
txn_008530,445.71,Netbanking,insufficient_funds,HDFC,2,2,0,0,0.951,0
txn_008531,658.61,UPI,network_timeout,Axis,12,2,0,0,0.288,0
txn_008532,610.46,Netbanking,risk_flagged,ICICI,19,3,0,0,0.94,0
txn_008533,272.81,Credit Card,wrong_otp,IDFC,15,6,1,2,0.832,0
txn_008534,373.84,Credit Card,network_timeout,Axis,19,0,0,1,0.685,1
txn_008535,411.49,Credit Card,insufficient_funds,IDFC,22,1,0,2,0.721,0
txn_008536,226.54,UPI,insufficient_funds,SBI,6,0,0,1,0.957,0
txn_008537,1568.62,Netbanking,wrong_otp,HDFC,23,4,0,2,0.909,1
txn_008538,123.06,Netbanking,wrong_otp,Axis,20,5,1,1,0.532,0
txn_008539,523.82,Credit Card,insufficient_funds,IDFC,2,6,1,1,0.872,0
txn_008540,301.46,Debit Card,bank_server_down,Axis,11,2,0,2,0.837,1
txn_008541,657.73,Netbanking,wrong_otp,ICICI,13,2,0,1,0.533,0
txn_008542,1422.97,Debit Card,card_declined,Kotak,22,1,0,0,0.666,0
txn_008543,1705.22,Wallet,bank_server_down,Axis,8,5,1,0,0.525,1
txn_008544,910.32,Debit Card,bank_server_down,Yes Bank,12,5,1,0,0.654,1
txn_008545,859.32,UPI,bank_server_down,Axis,3,0,0,1,0.952,1
txn_008546,133.86,Credit Card,network_timeout,HDFC,15,4,0,0,0.877,1
txn_008547,1650.39,Credit Card,insufficient_funds,SBI,17,0,0,0,0.846,0
txn_008548,1588.51,UPI,insufficient_funds,Kotak,1,5,1,0,0.878,1
txn_008549,2569.84,UPI,insufficient_funds,ICICI,11,6,1,0,0.761,1
txn_008550,225.76,UPI,network_timeout,SBI,19,5,1,0,0.524,1
txn_008551,1060.61,UPI,bank_server_down,HDFC,22,0,0,0,0.678,1
txn_008552,828.57,UPI,insufficient_funds,SBI,18,6,1,1,0.792,0
txn_008553,3007.37,Debit Card,insufficient_funds,ICICI,19,4,0,0,0.29,0
txn_008554,710.84,Debit Card,wrong_otp,HDFC,9,3,0,1,0.662,0
txn_008555,2058.0,Credit Card,network_timeout,Yes Bank,5,1,0,0,0.623,1
txn_008556,230.7,Debit Card,bank_server_down,Axis,9,0,0,0,0.456,0
txn_008557,443.8,Debit Card,card_declined,IDFC,16,3,0,0,0.882,0
txn_008558,694.9,UPI,insufficient_funds,ICICI,7,6,1,3,0.629,0
txn_008559,383.03,Credit Card,bank_server_down,SBI,22,4,0,1,0.9,1
txn_008560,611.01,UPI,wrong_otp,Yes Bank,2,5,1,0,0.546,0
txn_008561,1404.53,Credit Card,insufficient_funds,Kotak,21,5,1,1,0.686,1
txn_008562,2054.89,Credit Card,card_declined,ICICI,21,3,0,0,0.64,1
txn_008563,497.5,Credit Card,card_declined,Yes Bank,20,1,0,1,0.631,1
txn_008564,2740.91,UPI,wrong_otp,ICICI,17,6,1,0,0.581,1
txn_008565,186.97,Netbanking,bank_server_down,HDFC,17,1,0,0,0.596,0
txn_008566,1108.99,UPI,wrong_otp,SBI,0,3,0,1,0.718,1
txn_008567,1140.3,Netbanking,bank_server_down,Yes Bank,6,6,1,0,0.904,1
txn_008568,2033.55,UPI,network_timeout,Yes Bank,15,1,0,0,0.543,0
txn_008569,395.82,Debit Card,network_timeout,Axis,11,1,0,0,0.623,1
txn_008570,308.96,UPI,card_declined,Yes Bank,14,0,0,0,0.703,0
txn_008571,278.18,Netbanking,card_declined,IDFC,23,5,1,1,0.787,0
txn_008572,714.2,UPI,insufficient_funds,HDFC,5,3,0,1,0.675,0
txn_008573,4646.64,UPI,wrong_otp,ICICI,9,6,1,1,0.508,0
txn_008574,273.39,Netbanking,insufficient_funds,Axis,23,1,0,1,0.931,0
txn_008575,383.67,Credit Card,insufficient_funds,IDFC,2,1,0,0,0.653,0
txn_008576,255.08,Wallet,card_declined,IDFC,23,0,0,1,0.634,1
txn_008577,3589.62,Credit Card,wrong_otp,HDFC,19,6,1,3,0.669,1
txn_008578,927.01,UPI,insufficient_funds,Yes Bank,2,3,0,0,0.785,0
txn_008579,1745.07,Credit Card,insufficient_funds,HDFC,22,6,1,0,0.677,1
txn_008580,1423.66,UPI,insufficient_funds,ICICI,21,2,0,2,0.63,0
txn_008581,245.24,Debit Card,expired_card,SBI,4,1,0,3,0.698,0
txn_008582,2531.23,Debit Card,insufficient_funds,ICICI,12,5,1,2,0.593,0
txn_008583,137.78,UPI,insufficient_funds,Yes Bank,8,6,1,3,0.811,0
txn_008584,622.41,Credit Card,risk_flagged,IDFC,12,1,0,3,0.707,0
txn_008585,624.38,Debit Card,risk_flagged,IDFC,13,0,0,0,0.727,0
txn_008586,2108.79,UPI,insufficient_funds,HDFC,19,3,0,0,0.858,0
txn_008587,187.74,UPI,network_timeout,HDFC,16,4,0,4,0.754,0
txn_008588,614.03,Debit Card,card_declined,Axis,13,6,1,0,0.913,1
txn_008589,2018.67,Debit Card,insufficient_funds,Kotak,19,1,0,0,0.464,0
txn_008590,2330.28,Netbanking,risk_flagged,Yes Bank,22,4,0,1,0.387,0
txn_008591,1432.22,Netbanking,insufficient_funds,Yes Bank,20,3,0,2,0.654,0
txn_008592,1200.79,Credit Card,insufficient_funds,ICICI,0,3,0,1,0.702,0
txn_008593,739.4,Credit Card,insufficient_funds,ICICI,20,3,0,1,0.693,0
txn_008594,1285.02,Credit Card,wrong_otp,IDFC,12,3,0,0,0.859,1
txn_008595,274.91,UPI,card_declined,IDFC,12,5,1,0,0.427,0
txn_008596,5392.19,UPI,card_declined,Axis,3,5,1,1,0.519,0
txn_008597,196.45,UPI,insufficient_funds,SBI,11,5,1,0,0.49,1
txn_008598,497.56,UPI,bank_server_down,Kotak,12,2,0,2,0.957,1
txn_008599,364.64,Debit Card,insufficient_funds,HDFC,3,0,0,0,0.969,0
txn_008600,572.51,Credit Card,insufficient_funds,ICICI,11,3,0,2,0.591,0
txn_008601,3438.64,Wallet,network_timeout,ICICI,17,5,1,2,0.865,0
txn_008602,860.87,Wallet,card_declined,Kotak,0,1,0,0,0.562,0
txn_008603,1499.34,UPI,network_timeout,Yes Bank,14,1,0,0,0.576,0
txn_008604,948.19,Credit Card,wrong_otp,ICICI,22,2,0,0,0.56,1
txn_008605,155.12,UPI,bank_server_down,Kotak,9,1,0,0,0.758,0
txn_008606,312.55,UPI,card_declined,HDFC,8,3,0,1,0.628,1
txn_008607,732.27,Credit Card,insufficient_funds,ICICI,4,1,0,0,0.615,0
txn_008608,467.81,UPI,expired_card,SBI,8,2,0,1,0.384,0
txn_008609,1107.19,Credit Card,bank_server_down,SBI,21,6,1,2,0.508,0
txn_008610,688.29,Debit Card,insufficient_funds,HDFC,8,2,0,0,0.667,0
txn_008611,10767.74,Credit Card,network_timeout,IDFC,11,0,0,0,0.782,1
txn_008612,56.4,UPI,network_timeout,IDFC,15,3,0,1,0.917,1
txn_008613,3910.33,Credit Card,card_declined,IDFC,22,1,0,0,0.663,1
txn_008614,772.93,UPI,insufficient_funds,Yes Bank,22,4,0,0,0.456,0
txn_008615,315.06,UPI,insufficient_funds,Yes Bank,0,6,1,0,0.826,0
txn_008616,655.43,UPI,network_timeout,ICICI,5,1,0,0,0.679,0
txn_008617,1205.56,Debit Card,network_timeout,SBI,13,1,0,0,0.547,0
txn_008618,382.07,UPI,network_timeout,IDFC,8,4,0,0,0.707,1
txn_008619,229.75,Debit Card,wrong_otp,Yes Bank,17,6,1,0,0.562,0
txn_008620,39.5,UPI,bank_server_down,Axis,21,1,0,1,0.856,1
txn_008621,947.97,Credit Card,card_declined,Axis,13,0,0,2,0.938,0
txn_008622,1479.55,Credit Card,wrong_otp,HDFC,18,1,0,0,0.709,0
txn_008623,613.89,Debit Card,wrong_otp,IDFC,9,4,0,0,0.636,0
txn_008624,987.69,UPI,expired_card,Axis,21,2,0,1,0.764,0
txn_008625,259.35,UPI,insufficient_funds,HDFC,6,4,0,0,0.51,0
txn_008626,49.51,Netbanking,insufficient_funds,ICICI,16,1,0,0,0.351,1
txn_008627,1127.76,Credit Card,insufficient_funds,HDFC,14,5,1,0,0.836,0
txn_008628,209.59,UPI,insufficient_funds,Axis,19,3,0,0,0.769,0
txn_008629,3492.82,UPI,card_declined,HDFC,11,3,0,0,0.393,0
txn_008630,564.78,UPI,card_declined,Kotak,13,3,0,0,0.561,0
txn_008631,401.89,UPI,bank_server_down,Axis,11,6,1,1,0.338,1
txn_008632,2174.23,Credit Card,card_declined,Kotak,21,6,1,1,0.581,1
txn_008633,263.03,Netbanking,insufficient_funds,Yes Bank,5,5,1,0,0.136,0
txn_008634,67.11,UPI,expired_card,ICICI,16,2,0,1,0.778,0
txn_008635,355.73,UPI,card_declined,IDFC,15,0,0,1,0.959,1
txn_008636,1316.6,UPI,wrong_otp,Yes Bank,18,2,0,1,0.807,0
txn_008637,500.52,Debit Card,risk_flagged,Yes Bank,11,5,1,2,0.663,0
txn_008638,1447.57,UPI,network_timeout,Kotak,7,1,0,1,0.567,0
txn_008639,669.36,Credit Card,network_timeout,IDFC,2,2,0,0,0.393,0
txn_008640,1914.45,UPI,insufficient_funds,Kotak,19,6,1,1,0.806,0
txn_008641,505.01,Debit Card,risk_flagged,SBI,6,2,0,0,0.781,0
txn_008642,12268.55,Debit Card,bank_server_down,Yes Bank,16,2,0,1,0.799,1
txn_008643,2164.86,Credit Card,insufficient_funds,Yes Bank,23,6,1,3,0.906,0
txn_008644,181.37,UPI,insufficient_funds,Yes Bank,19,6,1,0,0.704,0
txn_008645,221.69,UPI,bank_server_down,HDFC,8,5,1,0,0.92,0
txn_008646,1696.46,Credit Card,network_timeout,HDFC,16,6,1,0,0.684,1
txn_008647,191.39,UPI,insufficient_funds,ICICI,18,6,1,2,0.523,0
txn_008648,292.24,Debit Card,network_timeout,Yes Bank,22,5,1,0,0.648,1
txn_008649,1038.29,Credit Card,wrong_otp,IDFC,8,1,0,1,0.544,1
txn_008650,430.29,Credit Card,insufficient_funds,IDFC,14,4,0,0,0.883,0
txn_008651,568.22,UPI,card_declined,HDFC,7,0,0,0,0.598,1
txn_008652,518.2,Debit Card,wrong_otp,Yes Bank,23,5,1,1,0.656,0
txn_008653,148.04,Debit Card,wrong_otp,ICICI,7,5,1,0,0.78,0
txn_008654,209.65,Credit Card,insufficient_funds,SBI,15,5,1,1,0.624,0
txn_008655,839.7,UPI,card_declined,ICICI,2,2,0,1,0.572,1
txn_008656,1978.91,Debit Card,expired_card,Yes Bank,11,6,1,1,0.934,0
txn_008657,2088.91,UPI,network_timeout,Yes Bank,20,5,1,1,0.786,0
txn_008658,1548.88,Credit Card,expired_card,ICICI,10,0,0,0,0.578,0
txn_008659,231.46,UPI,expired_card,Yes Bank,17,2,0,0,0.914,0
txn_008660,654.08,Debit Card,expired_card,HDFC,5,2,0,0,0.479,0
txn_008661,1063.4,UPI,risk_flagged,ICICI,13,1,0,0,0.77,1
txn_008662,32.11,UPI,card_declined,ICICI,9,6,1,1,0.881,0
txn_008663,3708.16,Debit Card,wrong_otp,SBI,9,2,0,1,0.773,0
txn_008664,553.89,UPI,card_declined,Yes Bank,10,5,1,0,0.834,0
txn_008665,11311.0,UPI,wrong_otp,ICICI,23,6,1,2,0.527,0
txn_008666,583.66,Netbanking,network_timeout,Kotak,11,2,0,2,0.445,0
txn_008667,959.49,UPI,network_timeout,Yes Bank,13,2,0,0,0.841,1
txn_008668,119.83,Credit Card,insufficient_funds,Axis,0,4,0,1,0.872,0
txn_008669,3128.07,UPI,insufficient_funds,HDFC,6,2,0,0,0.656,0
txn_008670,226.9,UPI,wrong_otp,ICICI,4,2,0,0,0.692,0
txn_008671,740.3,Credit Card,network_timeout,HDFC,21,5,1,0,0.296,1
txn_008672,559.06,UPI,network_timeout,Axis,15,5,1,1,0.794,1
txn_008673,430.61,UPI,expired_card,Yes Bank,22,2,0,1,0.559,0
txn_008674,628.66,UPI,insufficient_funds,Axis,7,4,0,0,0.743,0
txn_008675,118.42,UPI,wrong_otp,Kotak,17,0,0,0,0.807,1
txn_008676,167.66,Credit Card,card_declined,ICICI,17,5,1,0,0.778,1
txn_008677,1336.0,Debit Card,network_timeout,HDFC,10,3,0,2,0.841,0
txn_008678,855.33,Debit Card,wrong_otp,ICICI,6,1,0,0,0.925,0
txn_008679,692.33,Debit Card,risk_flagged,HDFC,22,6,1,2,0.952,0
txn_008680,192.7,Wallet,wrong_otp,Yes Bank,22,0,0,1,0.764,0
txn_008681,179.0,UPI,wrong_otp,HDFC,14,1,0,0,0.81,1
txn_008682,823.23,UPI,insufficient_funds,SBI,16,0,0,0,0.802,0
txn_008683,824.0,Netbanking,bank_server_down,IDFC,18,5,1,1,0.406,1
txn_008684,402.1,UPI,wrong_otp,ICICI,23,2,0,1,0.673,1
txn_008685,190.65,Debit Card,insufficient_funds,SBI,2,5,1,0,0.554,0
txn_008686,4908.64,Wallet,network_timeout,SBI,22,2,0,3,0.619,0
txn_008687,967.57,Debit Card,network_timeout,Kotak,14,0,0,0,0.886,0
txn_008688,424.81,Netbanking,bank_server_down,SBI,20,4,0,0,0.711,0
txn_008689,194.12,Wallet,insufficient_funds,IDFC,19,4,0,1,0.831,0
txn_008690,523.29,UPI,wrong_otp,ICICI,20,3,0,0,0.559,1
txn_008691,1130.2,UPI,insufficient_funds,Kotak,10,2,0,0,0.58,1
txn_008692,2856.47,UPI,wrong_otp,Yes Bank,3,1,0,2,0.638,1
txn_008693,2121.42,Credit Card,insufficient_funds,SBI,7,6,1,1,0.553,0
txn_008694,59.18,UPI,risk_flagged,Yes Bank,18,2,0,0,0.918,1
txn_008695,344.84,Debit Card,bank_server_down,Yes Bank,5,5,1,1,0.413,1
txn_008696,272.65,UPI,insufficient_funds,HDFC,10,4,0,2,0.757,0
txn_008697,341.03,Credit Card,risk_flagged,Kotak,1,0,0,0,0.834,0
txn_008698,272.04,Netbanking,insufficient_funds,HDFC,4,3,0,0,0.573,0
txn_008699,2604.97,Netbanking,insufficient_funds,IDFC,21,2,0,0,0.745,0
txn_008700,1196.8,Credit Card,card_declined,Kotak,14,3,0,0,0.803,0
txn_008701,745.01,Credit Card,insufficient_funds,HDFC,0,6,1,2,0.592,0
txn_008702,789.28,UPI,card_declined,ICICI,12,2,0,1,0.533,0
txn_008703,1448.83,Debit Card,wrong_otp,Axis,10,4,0,2,0.55,0
txn_008704,613.68,Credit Card,expired_card,Axis,18,1,0,0,0.393,0
txn_008705,1614.18,UPI,bank_server_down,Axis,0,6,1,2,0.663,1
txn_008706,742.93,Netbanking,insufficient_funds,Yes Bank,2,1,0,1,0.503,0
txn_008707,3011.85,Credit Card,bank_server_down,SBI,4,0,0,3,0.938,1
txn_008708,629.27,Netbanking,insufficient_funds,Kotak,23,1,0,0,0.804,0
txn_008709,109.7,Credit Card,wrong_otp,SBI,13,2,0,0,0.861,1
txn_008710,2755.04,Netbanking,network_timeout,Kotak,8,1,0,1,0.862,1
txn_008711,1053.64,Netbanking,network_timeout,IDFC,7,4,0,1,0.898,1
txn_008712,184.93,Credit Card,network_timeout,Axis,2,2,0,0,0.527,0
txn_008713,440.02,UPI,network_timeout,Kotak,17,3,0,1,0.79,0
txn_008714,49.75,UPI,insufficient_funds,SBI,7,6,1,1,0.694,1
txn_008715,792.93,Debit Card,card_declined,IDFC,19,5,1,1,0.653,0
txn_008716,1415.99,Credit Card,bank_server_down,Kotak,16,3,0,0,0.587,1
txn_008717,1865.43,Debit Card,wrong_otp,Axis,19,0,0,0,0.653,0
txn_008718,3644.9,UPI,card_declined,IDFC,20,5,1,0,0.826,0
txn_008719,208.28,Credit Card,network_timeout,Axis,3,3,0,0,0.701,1
txn_008720,651.76,Debit Card,expired_card,Axis,11,5,1,0,0.347,0
txn_008721,1953.76,UPI,bank_server_down,Kotak,7,3,0,0,0.549,0
txn_008722,3951.35,UPI,card_declined,HDFC,22,4,0,0,0.663,0
txn_008723,670.81,Netbanking,wrong_otp,IDFC,6,4,0,0,0.751,0
txn_008724,1942.36,Debit Card,network_timeout,Yes Bank,11,4,0,1,0.718,0
txn_008725,2271.66,Debit Card,risk_flagged,ICICI,6,5,1,0,0.782,0
txn_008726,557.61,UPI,risk_flagged,Yes Bank,13,0,0,1,0.955,0
txn_008727,1251.6,Netbanking,insufficient_funds,HDFC,7,4,0,1,0.77,0
txn_008728,235.36,Netbanking,insufficient_funds,Kotak,2,3,0,0,0.876,0
txn_008729,714.85,UPI,risk_flagged,HDFC,3,1,0,1,0.867,0
txn_008730,978.4,Credit Card,insufficient_funds,Kotak,5,5,1,2,0.669,0
txn_008731,3803.55,UPI,insufficient_funds,Yes Bank,17,2,0,1,0.618,1
txn_008732,847.5,Debit Card,card_declined,SBI,5,4,0,2,0.628,0
txn_008733,614.55,UPI,network_timeout,SBI,11,1,0,2,0.717,1
txn_008734,1487.31,UPI,card_declined,ICICI,17,4,0,1,0.583,0
txn_008735,2428.16,UPI,insufficient_funds,SBI,14,3,0,1,0.869,0
txn_008736,2481.09,Credit Card,network_timeout,Kotak,6,0,0,0,0.59,0
txn_008737,3879.27,UPI,bank_server_down,IDFC,18,2,0,1,0.587,1
txn_008738,2176.3,Netbanking,risk_flagged,Axis,11,6,1,0,0.695,0
txn_008739,928.53,Debit Card,card_declined,ICICI,22,3,0,2,0.863,0
txn_008740,1037.8,Debit Card,insufficient_funds,IDFC,20,5,1,1,0.725,1
txn_008741,124.11,UPI,bank_server_down,HDFC,8,2,0,0,0.723,0
txn_008742,779.49,UPI,card_declined,Yes Bank,16,6,1,0,0.773,0
txn_008743,580.35,Credit Card,risk_flagged,ICICI,0,2,0,0,0.728,0
txn_008744,315.17,Wallet,risk_flagged,Axis,18,6,1,0,0.881,0
txn_008745,1485.62,Credit Card,insufficient_funds,IDFC,9,1,0,1,0.5,0
txn_008746,3728.76,Debit Card,bank_server_down,IDFC,1,2,0,1,0.962,1
txn_008747,1565.76,UPI,network_timeout,Axis,5,4,0,0,0.871,1
txn_008748,100.73,UPI,network_timeout,ICICI,14,1,0,2,0.517,0
txn_008749,2626.97,UPI,network_timeout,SBI,0,3,0,1,0.679,1
txn_008750,102.01,Debit Card,network_timeout,Axis,23,5,1,0,0.869,1
txn_008751,806.95,UPI,network_timeout,Axis,17,6,1,1,0.587,1
txn_008752,1397.85,Debit Card,network_timeout,ICICI,9,4,0,1,0.522,1
txn_008753,1113.09,UPI,insufficient_funds,Axis,17,5,1,0,0.562,1
txn_008754,3158.43,Netbanking,risk_flagged,ICICI,14,6,1,0,0.857,0
txn_008755,124.1,Debit Card,network_timeout,IDFC,16,4,0,2,0.341,0
txn_008756,1493.04,UPI,insufficient_funds,IDFC,16,0,0,1,0.354,1
txn_008757,1382.28,UPI,risk_flagged,IDFC,20,0,0,0,0.551,0
txn_008758,911.43,Credit Card,network_timeout,Axis,21,0,0,0,0.408,1
txn_008759,244.71,UPI,bank_server_down,ICICI,17,0,0,0,0.421,1
txn_008760,1827.0,Credit Card,risk_flagged,Kotak,19,6,1,1,0.813,1
txn_008761,524.33,Netbanking,insufficient_funds,HDFC,19,4,0,0,0.419,0
txn_008762,495.02,Wallet,card_declined,ICICI,16,6,1,1,0.897,0
txn_008763,2806.66,Wallet,insufficient_funds,SBI,22,0,0,1,0.511,0
txn_008764,581.01,Debit Card,insufficient_funds,ICICI,0,5,1,1,0.322,0
txn_008765,159.27,UPI,insufficient_funds,IDFC,3,2,0,3,0.651,0
txn_008766,68.1,Debit Card,insufficient_funds,Yes Bank,2,4,0,0,0.961,0
txn_008767,663.83,Debit Card,wrong_otp,Yes Bank,16,3,0,2,0.629,1
txn_008768,109.42,UPI,card_declined,ICICI,4,0,0,0,0.747,0
txn_008769,90.72,Netbanking,wrong_otp,SBI,7,3,0,2,0.968,0
txn_008770,542.88,Credit Card,network_timeout,HDFC,10,1,0,2,0.928,0
txn_008771,104.69,Debit Card,risk_flagged,Axis,16,0,0,1,0.45,0
txn_008772,1237.57,Credit Card,risk_flagged,IDFC,2,1,0,1,0.319,0
txn_008773,377.86,UPI,card_declined,ICICI,2,0,0,1,0.742,1
txn_008774,891.49,UPI,insufficient_funds,HDFC,14,6,1,1,0.971,0
txn_008775,627.17,Netbanking,network_timeout,SBI,5,0,0,0,0.807,0
txn_008776,83.32,UPI,insufficient_funds,HDFC,14,4,0,1,0.737,0
txn_008777,265.59,Credit Card,insufficient_funds,ICICI,10,5,1,1,0.645,0
txn_008778,49.46,UPI,insufficient_funds,IDFC,17,5,1,0,0.779,0
txn_008779,771.79,UPI,network_timeout,SBI,2,0,0,0,0.738,0
txn_008780,108.68,UPI,network_timeout,IDFC,1,3,0,0,0.817,1
txn_008781,190.67,Debit Card,card_declined,Yes Bank,6,1,0,2,0.887,0
txn_008782,333.42,Debit Card,bank_server_down,HDFC,11,5,1,0,0.889,1
txn_008783,419.56,Credit Card,card_declined,Axis,10,0,0,0,0.672,1
txn_008784,316.45,UPI,risk_flagged,IDFC,18,5,1,1,0.61,0
txn_008785,738.23,Netbanking,network_timeout,Axis,17,6,1,1,0.932,1
txn_008786,279.74,Netbanking,expired_card,Axis,13,4,0,2,0.714,0
txn_008787,1471.19,UPI,network_timeout,Axis,23,6,1,1,0.89,1
txn_008788,861.63,Netbanking,insufficient_funds,IDFC,6,6,1,0,0.767,0
txn_008789,803.88,Credit Card,insufficient_funds,IDFC,15,6,1,0,0.66,0
txn_008790,804.31,Netbanking,bank_server_down,ICICI,10,0,0,0,0.852,0
txn_008791,260.36,UPI,insufficient_funds,Yes Bank,3,4,0,0,0.798,0
txn_008792,1435.23,UPI,insufficient_funds,Axis,23,0,0,1,0.826,1
txn_008793,518.66,Credit Card,insufficient_funds,Axis,10,5,1,1,0.919,0
txn_008794,2644.38,UPI,insufficient_funds,HDFC,7,5,1,0,0.481,1
txn_008795,730.25,UPI,insufficient_funds,Axis,6,3,0,0,0.687,0
txn_008796,455.72,Credit Card,insufficient_funds,IDFC,6,2,0,1,0.796,0
txn_008797,588.02,Wallet,risk_flagged,ICICI,2,0,0,0,0.806,0
txn_008798,1014.98,UPI,expired_card,Axis,13,5,1,1,0.764,0
txn_008799,405.91,Credit Card,wrong_otp,Yes Bank,8,5,1,0,0.714,0
txn_008800,1064.38,UPI,insufficient_funds,HDFC,2,5,1,0,0.995,1
txn_008801,470.33,UPI,insufficient_funds,ICICI,10,5,1,0,0.586,0
txn_008802,111.69,UPI,wrong_otp,Kotak,13,5,1,0,0.748,0
txn_008803,1460.96,Credit Card,wrong_otp,Axis,23,0,0,0,0.459,1
txn_008804,558.59,Debit Card,insufficient_funds,IDFC,9,3,0,0,0.884,1
txn_008805,1428.99,Credit Card,network_timeout,Kotak,22,6,1,1,0.836,1
txn_008806,819.33,Netbanking,insufficient_funds,HDFC,17,1,0,1,0.761,0
txn_008807,1876.63,UPI,network_timeout,HDFC,0,1,0,0,0.806,0
txn_008808,1399.64,Debit Card,network_timeout,IDFC,4,4,0,1,0.611,1
txn_008809,1634.88,Netbanking,risk_flagged,ICICI,14,3,0,0,0.829,0
txn_008810,232.34,UPI,insufficient_funds,Kotak,6,4,0,0,0.844,0
txn_008811,1478.86,UPI,insufficient_funds,Kotak,15,3,0,0,0.528,0
txn_008812,386.17,Credit Card,insufficient_funds,Kotak,20,0,0,1,0.81,0
txn_008813,1733.07,Credit Card,wrong_otp,ICICI,0,5,1,0,0.871,1
txn_008814,369.56,UPI,card_declined,Kotak,16,3,0,0,0.858,1
txn_008815,272.81,Credit Card,insufficient_funds,IDFC,10,0,0,0,0.476,0
txn_008816,266.49,UPI,insufficient_funds,HDFC,9,6,1,0,0.728,0
txn_008817,1694.08,Debit Card,expired_card,Yes Bank,1,2,0,2,0.543,0
txn_008818,239.73,UPI,insufficient_funds,IDFC,10,2,0,0,0.643,0
txn_008819,1165.06,UPI,network_timeout,ICICI,2,5,1,0,0.756,0
txn_008820,1267.01,UPI,bank_server_down,IDFC,11,1,0,0,0.889,1
txn_008821,531.39,UPI,card_declined,Yes Bank,17,6,1,1,0.78,0
txn_008822,510.14,UPI,insufficient_funds,ICICI,11,0,0,3,0.39,0
txn_008823,624.34,Netbanking,insufficient_funds,Yes Bank,8,0,0,0,0.8,1
txn_008824,192.73,Credit Card,card_declined,HDFC,2,0,0,1,0.824,1
txn_008825,514.84,Wallet,bank_server_down,IDFC,16,2,0,0,0.734,1
txn_008826,536.5,Credit Card,card_declined,SBI,22,4,0,1,0.742,0
txn_008827,3347.77,UPI,insufficient_funds,Kotak,20,4,0,0,0.382,0
txn_008828,2084.17,UPI,bank_server_down,SBI,5,6,1,2,0.728,0
txn_008829,951.53,Debit Card,insufficient_funds,IDFC,7,2,0,0,0.731,0
txn_008830,81.09,Debit Card,bank_server_down,ICICI,22,5,1,2,0.974,0
txn_008831,578.64,UPI,network_timeout,HDFC,22,6,1,0,0.774,1
txn_008832,887.07,UPI,network_timeout,HDFC,16,3,0,0,0.428,1
txn_008833,331.02,Wallet,expired_card,Kotak,1,5,1,0,0.694,0
txn_008834,825.64,Credit Card,network_timeout,SBI,18,4,0,0,0.8,0
txn_008835,194.57,UPI,bank_server_down,Kotak,20,2,0,1,0.857,1
txn_008836,1675.73,Netbanking,card_declined,IDFC,15,0,0,0,0.507,0
txn_008837,1131.26,UPI,expired_card,IDFC,13,0,0,0,0.562,0
txn_008838,2715.92,Credit Card,bank_server_down,HDFC,7,4,0,0,0.808,1
txn_008839,2222.55,Debit Card,bank_server_down,IDFC,4,1,0,0,0.584,0
txn_008840,826.53,Credit Card,insufficient_funds,IDFC,20,0,0,2,0.602,0
txn_008841,716.02,Debit Card,insufficient_funds,HDFC,12,3,0,2,0.913,0
txn_008842,786.12,Netbanking,bank_server_down,Axis,23,1,0,0,0.984,1
txn_008843,621.69,UPI,card_declined,Axis,11,1,0,0,0.641,0
txn_008844,402.91,Debit Card,card_declined,SBI,2,3,0,1,0.245,0
txn_008845,268.35,Debit Card,expired_card,SBI,13,1,0,1,0.541,0
txn_008846,543.06,Debit Card,wrong_otp,Kotak,1,2,0,1,0.541,0
txn_008847,132.56,Credit Card,card_declined,Kotak,12,1,0,0,0.955,0
txn_008848,943.94,UPI,bank_server_down,SBI,20,2,0,1,0.655,1
txn_008849,812.5,Debit Card,insufficient_funds,HDFC,3,6,1,0,0.77,0
txn_008850,635.64,UPI,card_declined,SBI,3,1,0,0,0.795,1
txn_008851,628.25,UPI,insufficient_funds,Axis,10,0,0,0,0.639,0
txn_008852,265.69,Debit Card,bank_server_down,Kotak,1,1,0,2,0.878,1
txn_008853,151.2,Credit Card,insufficient_funds,Kotak,5,2,0,1,0.626,0
txn_008854,708.77,Netbanking,wrong_otp,SBI,1,5,1,2,0.693,0
txn_008855,401.46,Debit Card,network_timeout,SBI,4,3,0,0,0.882,1
txn_008856,75.94,Credit Card,wrong_otp,IDFC,11,4,0,1,0.745,0
txn_008857,602.5,Debit Card,network_timeout,IDFC,4,1,0,1,0.855,1
txn_008858,3348.87,Credit Card,network_timeout,Yes Bank,8,4,0,1,0.849,1
txn_008859,118.14,Credit Card,insufficient_funds,SBI,13,5,1,0,0.506,1
txn_008860,839.03,Credit Card,wrong_otp,SBI,5,1,0,2,0.807,0
txn_008861,494.46,UPI,network_timeout,Axis,12,3,0,3,0.806,1
txn_008862,1191.26,UPI,insufficient_funds,ICICI,20,1,0,0,0.545,0
txn_008863,94.77,Credit Card,insufficient_funds,Axis,23,1,0,1,0.73,0
txn_008864,425.95,UPI,insufficient_funds,Kotak,17,4,0,0,0.907,0
txn_008865,626.81,UPI,insufficient_funds,ICICI,14,2,0,2,0.733,1
txn_008866,436.23,Debit Card,network_timeout,Axis,18,5,1,0,0.684,1
txn_008867,434.22,Credit Card,network_timeout,Yes Bank,19,6,1,0,0.684,1
txn_008868,963.34,Credit Card,insufficient_funds,ICICI,15,2,0,0,0.921,1
txn_008869,1002.62,Debit Card,card_declined,Yes Bank,3,0,0,3,0.774,0
txn_008870,901.2,Credit Card,insufficient_funds,IDFC,9,2,0,1,0.592,0
txn_008871,576.0,Credit Card,insufficient_funds,Kotak,17,4,0,1,0.91,1
txn_008872,309.31,Netbanking,bank_server_down,ICICI,3,5,1,0,0.951,1
txn_008873,398.18,Debit Card,risk_flagged,IDFC,8,0,0,0,0.755,0
txn_008874,401.1,Netbanking,card_declined,HDFC,19,0,0,1,0.922,0
txn_008875,378.75,UPI,network_timeout,IDFC,17,2,0,1,0.541,1
txn_008876,1448.91,Debit Card,bank_server_down,SBI,14,6,1,1,0.825,1
txn_008877,752.41,Debit Card,insufficient_funds,SBI,5,5,1,0,0.767,0
txn_008878,575.74,Credit Card,bank_server_down,ICICI,9,2,0,0,0.872,1
txn_008879,2937.01,Credit Card,risk_flagged,Yes Bank,11,2,0,1,0.757,0
txn_008880,1216.85,UPI,network_timeout,Yes Bank,12,4,0,2,0.728,1
txn_008881,476.04,Debit Card,card_declined,Kotak,14,3,0,1,0.872,1
txn_008882,143.71,Debit Card,bank_server_down,IDFC,22,2,0,1,0.824,1
txn_008883,236.79,Debit Card,bank_server_down,Kotak,13,0,0,0,0.902,0
txn_008884,1026.29,Wallet,wrong_otp,Axis,9,5,1,0,0.538,0
txn_008885,459.53,UPI,wrong_otp,SBI,12,0,0,1,0.577,0
txn_008886,1229.46,Debit Card,card_declined,IDFC,17,3,0,1,0.667,1
txn_008887,1791.66,UPI,insufficient_funds,HDFC,2,0,0,2,0.562,0
txn_008888,774.55,Debit Card,card_declined,ICICI,2,4,0,0,0.78,1
txn_008889,5935.14,UPI,card_declined,ICICI,11,3,0,0,0.535,1
txn_008890,1267.71,Debit Card,expired_card,HDFC,5,2,0,1,0.601,0
txn_008891,353.96,Credit Card,insufficient_funds,SBI,7,4,0,0,0.901,0
txn_008892,275.87,UPI,risk_flagged,Axis,5,0,0,0,0.707,0
txn_008893,1567.6,UPI,insufficient_funds,IDFC,22,0,0,1,0.583,1
txn_008894,3382.29,Wallet,network_timeout,IDFC,10,4,0,0,0.869,1
txn_008895,829.51,UPI,bank_server_down,HDFC,23,1,0,0,0.66,1
txn_008896,380.56,Debit Card,risk_flagged,HDFC,9,0,0,1,0.578,0
txn_008897,285.56,UPI,insufficient_funds,Axis,12,1,0,0,0.79,0
txn_008898,109.84,Credit Card,insufficient_funds,HDFC,8,6,1,2,0.567,0
txn_008899,539.19,UPI,insufficient_funds,HDFC,16,5,1,2,0.573,1
txn_008900,1181.17,UPI,wrong_otp,HDFC,14,6,1,0,0.925,1
txn_008901,1207.04,UPI,insufficient_funds,Kotak,4,4,0,1,0.871,0
txn_008902,434.78,UPI,bank_server_down,ICICI,17,2,0,0,0.479,0
txn_008903,153.29,UPI,risk_flagged,ICICI,1,6,1,2,0.515,0
txn_008904,1868.99,Wallet,network_timeout,SBI,19,3,0,0,0.832,1
txn_008905,1457.52,Wallet,bank_server_down,HDFC,6,1,0,0,0.843,1
txn_008906,272.7,UPI,insufficient_funds,ICICI,6,1,0,1,0.878,0
txn_008907,1451.64,Debit Card,risk_flagged,Axis,11,5,1,0,0.952,0
txn_008908,679.22,Credit Card,expired_card,Yes Bank,17,2,0,0,0.356,0
txn_008909,4220.93,Credit Card,expired_card,SBI,3,1,0,1,0.752,0
txn_008910,1728.08,Credit Card,card_declined,Kotak,18,0,0,0,0.652,0
txn_008911,250.37,Debit Card,bank_server_down,ICICI,14,2,0,2,0.433,0
txn_008912,1665.85,UPI,risk_flagged,SBI,23,1,0,1,0.514,0
txn_008913,496.1,Netbanking,network_timeout,Kotak,22,1,0,0,0.668,1
txn_008914,776.49,Debit Card,insufficient_funds,Kotak,19,6,1,0,0.855,0
txn_008915,740.59,Netbanking,insufficient_funds,HDFC,21,2,0,0,0.778,0
txn_008916,273.01,Netbanking,wrong_otp,Axis,6,6,1,1,0.929,0
txn_008917,237.32,Wallet,insufficient_funds,Axis,17,4,0,1,0.677,0
txn_008918,329.55,Debit Card,card_declined,Yes Bank,10,5,1,0,0.726,0
txn_008919,358.5,Wallet,risk_flagged,Kotak,1,5,1,0,0.871,0
txn_008920,1341.66,UPI,insufficient_funds,HDFC,4,1,0,1,0.844,0
txn_008921,359.35,Debit Card,card_declined,SBI,17,3,0,1,0.795,0
txn_008922,653.69,UPI,network_timeout,Axis,13,0,0,1,0.581,0
txn_008923,784.4,Credit Card,network_timeout,Axis,19,5,1,1,0.543,1
txn_008924,1675.87,UPI,bank_server_down,Kotak,14,6,1,0,0.463,1
txn_008925,887.98,UPI,expired_card,Kotak,23,5,1,0,0.825,0
txn_008926,189.9,Credit Card,card_declined,Kotak,23,2,0,1,0.893,1
txn_008927,741.42,Debit Card,network_timeout,Axis,16,1,0,0,0.763,1
txn_008928,618.79,Netbanking,bank_server_down,Axis,16,3,0,0,0.9,0
txn_008929,5574.59,UPI,bank_server_down,Kotak,16,4,0,5,0.416,0
txn_008930,753.14,Credit Card,wrong_otp,Kotak,4,0,0,0,0.627,1
txn_008931,371.57,UPI,card_declined,IDFC,14,3,0,1,0.76,1
txn_008932,3687.85,Netbanking,insufficient_funds,Kotak,21,4,0,2,0.555,0
txn_008933,325.01,UPI,risk_flagged,Kotak,11,3,0,1,0.87,0
txn_008934,408.87,Wallet,network_timeout,Axis,0,3,0,2,0.69,0
txn_008935,755.71,UPI,bank_server_down,Axis,7,2,0,1,0.958,1
txn_008936,1311.73,Credit Card,network_timeout,IDFC,1,1,0,0,0.731,1
txn_008937,1036.79,UPI,risk_flagged,ICICI,9,3,0,0,0.688,0
txn_008938,2523.53,Debit Card,network_timeout,Axis,3,5,1,1,0.768,0
txn_008939,844.51,UPI,card_declined,IDFC,10,3,0,1,0.591,1
txn_008940,200.46,Credit Card,network_timeout,ICICI,19,2,0,1,0.891,1
txn_008941,387.73,Netbanking,insufficient_funds,Kotak,18,1,0,1,0.884,1
txn_008942,1880.25,Netbanking,network_timeout,Yes Bank,10,1,0,1,0.555,1
txn_008943,126.28,Wallet,insufficient_funds,ICICI,2,2,0,2,0.698,0
txn_008944,1939.89,UPI,insufficient_funds,SBI,10,5,1,0,0.379,1
txn_008945,346.36,Netbanking,bank_server_down,HDFC,9,6,1,0,0.287,1
txn_008946,159.82,Credit Card,wrong_otp,SBI,18,1,0,0,0.688,0
txn_008947,585.3,Credit Card,network_timeout,Kotak,15,5,1,3,0.497,0
txn_008948,240.9,UPI,card_declined,Kotak,20,2,0,2,0.761,1
txn_008949,6425.75,Wallet,expired_card,SBI,16,0,0,0,0.659,0
txn_008950,911.92,Credit Card,network_timeout,HDFC,20,1,0,2,0.685,0
txn_008951,4746.64,Netbanking,bank_server_down,Axis,0,2,0,0,0.983,1
txn_008952,158.65,Credit Card,network_timeout,Axis,6,2,0,0,0.777,1
txn_008953,190.78,Debit Card,insufficient_funds,Kotak,2,3,0,0,0.682,0
txn_008954,74.14,UPI,network_timeout,Yes Bank,17,0,0,1,0.75,1
txn_008955,2223.52,UPI,card_declined,HDFC,10,0,0,1,0.689,1
txn_008956,972.04,UPI,expired_card,SBI,19,3,0,1,0.69,0
txn_008957,481.97,Credit Card,card_declined,Yes Bank,5,5,1,0,0.718,0
txn_008958,614.21,UPI,insufficient_funds,ICICI,16,0,0,0,0.834,0
txn_008959,640.36,Debit Card,insufficient_funds,Yes Bank,20,2,0,1,0.78,0
txn_008960,196.62,UPI,card_declined,Axis,20,2,0,2,0.671,0
txn_008961,1795.63,Debit Card,network_timeout,ICICI,13,1,0,0,0.695,1
txn_008962,203.72,Debit Card,insufficient_funds,SBI,16,0,0,0,0.64,0
txn_008963,1190.37,Debit Card,insufficient_funds,HDFC,19,3,0,0,0.763,0
txn_008964,389.3,UPI,wrong_otp,SBI,19,0,0,0,0.902,0
txn_008965,393.94,UPI,risk_flagged,HDFC,10,3,0,1,0.755,0
txn_008966,739.34,Debit Card,network_timeout,ICICI,16,5,1,1,0.836,0
txn_008967,276.37,UPI,wrong_otp,IDFC,2,4,0,1,0.784,1
txn_008968,397.15,Netbanking,bank_server_down,HDFC,15,6,1,0,0.741,1
txn_008969,739.39,UPI,card_declined,HDFC,18,3,0,2,0.747,0
txn_008970,246.21,Credit Card,bank_server_down,SBI,6,6,1,0,0.469,1
txn_008971,3540.03,Credit Card,risk_flagged,SBI,13,3,0,1,0.929,0
txn_008972,1620.68,UPI,risk_flagged,IDFC,15,0,0,1,0.726,0
txn_008973,291.62,Credit Card,network_timeout,IDFC,7,6,1,0,0.837,0
txn_008974,2828.4,Debit Card,wrong_otp,ICICI,20,2,0,0,0.873,0
txn_008975,303.5,Debit Card,expired_card,SBI,8,1,0,0,0.837,0
txn_008976,1248.93,Credit Card,insufficient_funds,HDFC,20,3,0,0,0.823,0
txn_008977,500.13,UPI,insufficient_funds,HDFC,19,4,0,0,0.728,0
txn_008978,383.05,Debit Card,insufficient_funds,HDFC,13,3,0,1,0.768,0
txn_008979,338.76,Debit Card,card_declined,ICICI,12,6,1,0,0.8,1
txn_008980,500.74,Wallet,bank_server_down,IDFC,17,6,1,1,0.734,1
txn_008981,1770.34,Credit Card,network_timeout,Yes Bank,17,5,1,2,0.636,0
txn_008982,163.45,UPI,insufficient_funds,HDFC,0,0,0,1,0.745,0
txn_008983,911.01,Credit Card,insufficient_funds,SBI,8,4,0,1,0.347,0
txn_008984,1013.81,UPI,expired_card,ICICI,21,2,0,1,0.886,1
txn_008985,1772.66,Netbanking,insufficient_funds,ICICI,11,1,0,0,0.877,0
txn_008986,1566.51,Debit Card,expired_card,HDFC,7,2,0,0,0.887,0
txn_008987,967.08,UPI,network_timeout,Axis,4,3,0,1,0.672,1
txn_008988,436.84,UPI,insufficient_funds,Axis,11,0,0,1,0.677,0
txn_008989,1383.61,UPI,card_declined,Kotak,12,6,1,1,0.719,1
txn_008990,355.32,Credit Card,insufficient_funds,Kotak,5,2,0,1,0.738,0
txn_008991,323.6,Netbanking,card_declined,SBI,19,6,1,2,0.9,0
txn_008992,841.55,Debit Card,insufficient_funds,HDFC,13,5,1,0,0.981,1
txn_008993,1692.4,UPI,bank_server_down,HDFC,14,6,1,1,0.731,1
txn_008994,3001.56,UPI,insufficient_funds,SBI,11,5,1,1,0.603,0
txn_008995,310.37,Debit Card,insufficient_funds,Kotak,21,3,0,0,0.281,0
txn_008996,384.06,Credit Card,card_declined,Yes Bank,10,3,0,0,0.46,0
txn_008997,206.87,Debit Card,card_declined,Axis,18,2,0,0,0.908,0
txn_008998,2947.33,UPI,insufficient_funds,Yes Bank,2,6,1,1,0.969,0
txn_008999,2388.45,Credit Card,insufficient_funds,HDFC,17,0,0,0,0.578,0
txn_009000,466.44,UPI,network_timeout,Kotak,18,3,0,2,0.454,1
txn_009001,334.23,Debit Card,insufficient_funds,HDFC,10,1,0,0,0.786,1
txn_009002,841.29,Debit Card,network_timeout,Kotak,3,0,0,1,0.394,1
txn_009003,3210.92,UPI,insufficient_funds,IDFC,0,2,0,2,0.363,0
txn_009004,416.17,UPI,insufficient_funds,Kotak,17,6,1,0,0.933,0
txn_009005,1332.34,UPI,insufficient_funds,SBI,23,0,0,2,0.635,0
txn_009006,151.58,UPI,risk_flagged,SBI,15,6,1,1,0.666,0
txn_009007,278.19,Credit Card,bank_server_down,Kotak,1,6,1,0,0.978,1
txn_009008,647.12,UPI,insufficient_funds,HDFC,0,3,0,0,0.877,0
txn_009009,1201.78,UPI,network_timeout,IDFC,22,1,0,0,0.656,1
txn_009010,526.83,UPI,insufficient_funds,Kotak,8,1,0,1,0.808,0
txn_009011,832.53,Credit Card,insufficient_funds,ICICI,19,4,0,1,0.974,0
txn_009012,1403.58,Wallet,bank_server_down,Yes Bank,19,0,0,1,0.902,1
txn_009013,305.9,Debit Card,risk_flagged,Kotak,2,2,0,0,0.801,0
txn_009014,192.33,Debit Card,network_timeout,SBI,2,1,0,1,0.462,0
txn_009015,620.5,Debit Card,card_declined,Axis,6,2,0,1,0.779,0
txn_009016,846.58,UPI,insufficient_funds,HDFC,8,6,1,0,0.892,0
txn_009017,1651.75,Debit Card,card_declined,Yes Bank,10,5,1,1,0.838,0
txn_009018,2108.59,UPI,bank_server_down,Kotak,17,0,0,0,0.6,1
txn_009019,2249.51,UPI,bank_server_down,Kotak,13,6,1,0,0.782,0
txn_009020,395.4,UPI,insufficient_funds,Axis,9,4,0,1,0.977,0
txn_009021,68.78,Credit Card,insufficient_funds,Kotak,15,6,1,0,0.814,0
txn_009022,417.14,UPI,network_timeout,ICICI,10,6,1,0,0.36,0
txn_009023,2127.89,UPI,insufficient_funds,SBI,21,6,1,0,0.897,0
txn_009024,528.0,Credit Card,insufficient_funds,Yes Bank,2,4,0,1,0.645,0
txn_009025,56.05,Debit Card,network_timeout,Axis,20,2,0,1,0.906,1
txn_009026,505.52,Credit Card,wrong_otp,ICICI,8,6,1,0,0.523,0
txn_009027,285.02,UPI,bank_server_down,Yes Bank,2,4,0,0,0.55,0
txn_009028,418.24,Credit Card,wrong_otp,IDFC,15,0,0,0,0.793,1
txn_009029,845.75,Netbanking,risk_flagged,ICICI,3,5,1,0,0.891,0
txn_009030,3798.33,Wallet,insufficient_funds,ICICI,6,6,1,0,0.574,0
txn_009031,84.97,Credit Card,bank_server_down,HDFC,22,3,0,0,0.593,1
txn_009032,274.36,Netbanking,bank_server_down,SBI,23,4,0,0,0.808,1
txn_009033,1873.88,UPI,risk_flagged,Kotak,15,1,0,2,0.812,0
txn_009034,2644.03,UPI,insufficient_funds,SBI,20,1,0,1,0.822,1
txn_009035,119.54,Debit Card,bank_server_down,IDFC,12,5,1,1,0.833,1
txn_009036,475.53,Credit Card,insufficient_funds,Kotak,14,0,0,0,0.722,1
txn_009037,3954.71,UPI,insufficient_funds,HDFC,22,2,0,1,0.96,0
txn_009038,433.71,Debit Card,card_declined,IDFC,2,1,0,1,0.408,0
txn_009039,1093.13,Credit Card,insufficient_funds,Kotak,12,4,0,0,0.692,0
txn_009040,433.67,Credit Card,network_timeout,ICICI,8,6,1,1,0.958,1
txn_009041,1812.25,Netbanking,insufficient_funds,Yes Bank,4,1,0,0,0.899,0
txn_009042,286.01,Credit Card,network_timeout,Kotak,19,0,0,0,0.602,1
txn_009043,757.7,Credit Card,insufficient_funds,ICICI,20,5,1,0,0.65,1
txn_009044,538.26,UPI,card_declined,Yes Bank,5,3,0,0,0.464,1
txn_009045,166.74,UPI,card_declined,Axis,16,0,0,1,0.635,0
txn_009046,2837.28,Credit Card,expired_card,Axis,6,3,0,2,0.555,0
txn_009047,497.66,UPI,insufficient_funds,ICICI,3,2,0,2,0.655,0
txn_009048,1451.75,UPI,insufficient_funds,IDFC,15,2,0,0,0.922,1
txn_009049,350.75,Netbanking,insufficient_funds,Yes Bank,1,0,0,0,0.71,0
txn_009050,444.09,Wallet,bank_server_down,IDFC,0,6,1,1,0.914,1
txn_009051,268.47,UPI,card_declined,Kotak,5,6,1,0,0.638,1
txn_009052,1081.72,UPI,insufficient_funds,Yes Bank,3,2,0,2,0.846,1
txn_009053,3635.96,UPI,network_timeout,Axis,17,0,0,3,0.925,1
txn_009054,283.85,Wallet,bank_server_down,ICICI,11,1,0,0,0.557,1
txn_009055,275.37,UPI,wrong_otp,IDFC,21,4,0,0,0.737,1
txn_009056,435.25,Debit Card,wrong_otp,Yes Bank,23,3,0,0,0.842,0
txn_009057,2669.72,Credit Card,expired_card,SBI,10,5,1,1,0.813,0
txn_009058,2375.9,UPI,insufficient_funds,HDFC,15,0,0,1,0.71,1
txn_009059,2331.93,UPI,card_declined,Axis,21,0,0,0,0.664,1
txn_009060,1159.17,Wallet,expired_card,SBI,21,3,0,1,0.538,0
txn_009061,778.83,Debit Card,card_declined,ICICI,6,1,0,1,0.708,1
txn_009062,639.37,UPI,network_timeout,HDFC,3,6,1,0,0.564,1
txn_009063,341.67,Netbanking,wrong_otp,Yes Bank,17,2,0,0,0.87,0
txn_009064,256.23,UPI,insufficient_funds,Axis,22,2,0,1,0.56,1
txn_009065,5963.53,UPI,insufficient_funds,ICICI,23,2,0,1,0.774,1
txn_009066,1058.84,UPI,wrong_otp,SBI,9,6,1,0,0.868,0
txn_009067,500.61,Debit Card,wrong_otp,Kotak,15,6,1,0,0.977,1
txn_009068,217.18,Debit Card,card_declined,SBI,19,6,1,1,0.75,0
txn_009069,1937.07,Debit Card,network_timeout,Yes Bank,20,3,0,2,0.853,1
txn_009070,1688.85,UPI,bank_server_down,ICICI,15,6,1,1,0.673,1
txn_009071,1036.44,UPI,risk_flagged,Axis,8,1,0,1,0.647,1
txn_009072,2198.34,Wallet,insufficient_funds,SBI,3,0,0,1,0.814,1
txn_009073,577.89,Credit Card,risk_flagged,Yes Bank,3,0,0,0,0.296,0
txn_009074,4023.42,UPI,network_timeout,SBI,1,4,0,0,0.773,1
txn_009075,433.45,Wallet,expired_card,ICICI,12,2,0,1,0.806,0
txn_009076,4573.38,UPI,wrong_otp,Yes Bank,14,6,1,1,0.676,0
txn_009077,456.22,Netbanking,insufficient_funds,ICICI,20,1,0,0,0.899,0
txn_009078,2341.38,UPI,card_declined,IDFC,23,2,0,0,0.84,0
txn_009079,1239.78,Debit Card,wrong_otp,HDFC,21,6,1,2,0.759,0
txn_009080,571.55,UPI,expired_card,IDFC,9,4,0,0,0.943,1
txn_009081,804.89,Debit Card,insufficient_funds,ICICI,14,0,0,0,0.88,1
txn_009082,1016.8,Debit Card,card_declined,SBI,23,4,0,1,0.293,1
txn_009083,188.25,Credit Card,bank_server_down,SBI,21,0,0,0,0.881,0
txn_009084,277.43,Wallet,bank_server_down,Yes Bank,20,0,0,1,0.552,0
txn_009085,4918.37,UPI,card_declined,SBI,22,1,0,1,0.451,0
txn_009086,1128.83,UPI,wrong_otp,ICICI,20,3,0,1,0.412,0
txn_009087,742.03,UPI,insufficient_funds,Kotak,0,2,0,0,0.659,1
txn_009088,620.52,UPI,insufficient_funds,HDFC,0,4,0,0,0.501,0
txn_009089,1130.16,Wallet,bank_server_down,Kotak,18,5,1,0,0.794,1
txn_009090,300.64,Debit Card,network_timeout,SBI,0,4,0,0,0.723,1
txn_009091,265.55,Debit Card,bank_server_down,Yes Bank,5,4,0,0,0.921,1
txn_009092,363.07,UPI,bank_server_down,Axis,22,2,0,0,0.86,1
txn_009093,1152.22,UPI,wrong_otp,IDFC,11,3,0,0,0.49,0
txn_009094,274.52,UPI,wrong_otp,Axis,13,3,0,1,0.908,0
txn_009095,532.45,UPI,bank_server_down,SBI,8,1,0,0,0.286,1
txn_009096,5445.09,UPI,card_declined,HDFC,18,3,0,1,0.51,1
txn_009097,431.49,UPI,insufficient_funds,SBI,20,5,1,0,0.651,0
txn_009098,285.46,Credit Card,card_declined,Axis,4,2,0,1,0.657,0
txn_009099,289.47,UPI,bank_server_down,Kotak,23,5,1,0,0.836,1
txn_009100,502.98,Netbanking,insufficient_funds,SBI,11,1,0,1,0.649,0
txn_009101,3236.29,Credit Card,network_timeout,ICICI,6,6,1,0,0.538,0
txn_009102,1208.65,UPI,card_declined,Axis,13,2,0,1,0.903,0
txn_009103,2213.74,UPI,risk_flagged,Kotak,12,5,1,1,0.743,0
txn_009104,135.84,UPI,bank_server_down,Yes Bank,17,5,1,2,0.592,1
txn_009105,1512.46,Netbanking,insufficient_funds,ICICI,4,1,0,0,0.642,0
txn_009106,3639.79,UPI,risk_flagged,Yes Bank,22,3,0,0,0.851,0
txn_009107,190.69,Debit Card,insufficient_funds,IDFC,21,0,0,0,0.441,0
txn_009108,1721.36,Credit Card,insufficient_funds,IDFC,18,1,0,1,0.718,0
txn_009109,1398.31,Credit Card,bank_server_down,ICICI,15,2,0,0,0.48,0
txn_009110,507.72,UPI,wrong_otp,HDFC,6,2,0,1,0.671,1
txn_009111,1295.33,Debit Card,network_timeout,Yes Bank,18,1,0,0,0.719,0
txn_009112,424.84,UPI,card_declined,Yes Bank,11,5,1,0,0.571,1
txn_009113,476.76,Debit Card,network_timeout,ICICI,19,1,0,0,0.703,1
txn_009114,1771.21,UPI,expired_card,SBI,1,5,1,0,0.901,1
txn_009115,440.84,UPI,card_declined,SBI,19,2,0,2,0.422,1
txn_009116,414.47,UPI,bank_server_down,HDFC,9,3,0,0,0.772,0
txn_009117,391.84,UPI,bank_server_down,ICICI,12,6,1,2,0.741,0
txn_009118,527.63,UPI,insufficient_funds,SBI,10,5,1,0,0.745,1
txn_009119,206.93,Wallet,network_timeout,IDFC,23,6,1,1,0.307,1
txn_009120,2450.35,Credit Card,network_timeout,HDFC,8,4,0,0,0.642,0
txn_009121,732.21,Netbanking,bank_server_down,Yes Bank,4,3,0,0,0.729,1
txn_009122,338.04,Debit Card,bank_server_down,ICICI,22,1,0,0,0.838,1
txn_009123,284.26,Debit Card,insufficient_funds,IDFC,20,5,1,1,0.731,0
txn_009124,707.78,Debit Card,card_declined,Kotak,17,3,0,0,0.638,0
txn_009125,775.19,Wallet,insufficient_funds,HDFC,9,1,0,1,0.703,0
txn_009126,2435.18,Credit Card,card_declined,Kotak,8,4,0,2,0.928,1
txn_009127,1467.3,Wallet,network_timeout,HDFC,6,1,0,2,0.71,0
txn_009128,2262.57,Credit Card,expired_card,Axis,1,2,0,2,0.588,0
txn_009129,921.32,UPI,network_timeout,SBI,22,4,0,1,0.645,1
txn_009130,399.62,Credit Card,bank_server_down,ICICI,5,1,0,0,0.84,0
txn_009131,721.52,Wallet,bank_server_down,IDFC,10,4,0,1,0.812,1
txn_009132,6638.4,Debit Card,wrong_otp,HDFC,17,5,1,1,0.624,0
txn_009133,551.03,Debit Card,wrong_otp,SBI,14,1,0,0,0.849,1
txn_009134,881.92,UPI,insufficient_funds,Axis,10,1,0,2,0.905,0
txn_009135,2939.01,Credit Card,card_declined,Yes Bank,7,0,0,2,0.88,0
txn_009136,1184.11,Debit Card,risk_flagged,HDFC,2,0,0,1,0.296,0
txn_009137,1176.66,Debit Card,wrong_otp,HDFC,21,0,0,1,0.471,0
txn_009138,239.18,UPI,expired_card,IDFC,1,0,0,0,0.487,0
txn_009139,1105.29,UPI,network_timeout,ICICI,2,6,1,0,0.859,0
txn_009140,1328.71,Netbanking,insufficient_funds,IDFC,6,0,0,2,0.564,0
txn_009141,536.7,UPI,bank_server_down,ICICI,3,6,1,1,0.892,1
txn_009142,481.85,UPI,bank_server_down,SBI,1,1,0,0,0.579,0
txn_009143,307.1,UPI,bank_server_down,SBI,0,0,0,0,0.741,1
txn_009144,1036.83,Credit Card,network_timeout,Yes Bank,2,2,0,0,0.659,0
txn_009145,686.71,Debit Card,network_timeout,Yes Bank,1,3,0,1,0.618,0
txn_009146,6379.45,Debit Card,bank_server_down,SBI,4,0,0,1,0.694,0
txn_009147,317.25,Debit Card,bank_server_down,SBI,3,1,0,1,0.691,1
txn_009148,114.82,Credit Card,expired_card,IDFC,7,4,0,0,0.753,0
txn_009149,83.33,Credit Card,bank_server_down,ICICI,6,3,0,2,0.55,0
txn_009150,1611.56,Debit Card,network_timeout,ICICI,11,6,1,1,0.527,1
txn_009151,1157.26,Wallet,bank_server_down,Axis,15,0,0,0,0.771,0
txn_009152,4962.3,Credit Card,insufficient_funds,ICICI,19,1,0,0,0.486,0
txn_009153,959.34,UPI,insufficient_funds,SBI,10,3,0,0,0.889,0
txn_009154,3664.3,UPI,bank_server_down,Axis,10,3,0,0,0.686,1
txn_009155,243.19,Netbanking,card_declined,Kotak,14,6,1,0,0.858,0
txn_009156,436.03,Debit Card,card_declined,SBI,11,3,0,1,0.4,0
txn_009157,456.45,UPI,bank_server_down,Kotak,2,0,0,0,0.916,0
txn_009158,102.91,Credit Card,wrong_otp,SBI,23,4,0,0,0.244,0
txn_009159,97.84,Debit Card,card_declined,ICICI,9,3,0,1,0.78,1
txn_009160,272.65,Credit Card,wrong_otp,ICICI,14,3,0,1,0.984,1
txn_009161,370.81,Debit Card,bank_server_down,SBI,16,1,0,1,0.71,1
txn_009162,613.03,Credit Card,expired_card,SBI,15,5,1,0,0.846,0
txn_009163,4604.8,UPI,risk_flagged,Axis,4,5,1,1,0.794,0
txn_009164,1310.26,Wallet,card_declined,SBI,23,4,0,0,0.648,0
txn_009165,2152.24,UPI,bank_server_down,IDFC,19,0,0,1,0.594,0
txn_009166,932.82,Credit Card,insufficient_funds,HDFC,5,0,0,0,0.929,0
txn_009167,353.81,UPI,expired_card,Kotak,20,5,1,0,0.58,0
txn_009168,2339.65,UPI,insufficient_funds,Axis,9,6,1,0,0.81,1
txn_009169,686.75,UPI,bank_server_down,Axis,3,6,1,1,0.914,1
txn_009170,1068.4,Debit Card,bank_server_down,SBI,3,5,1,0,0.901,1
txn_009171,221.2,Debit Card,network_timeout,IDFC,11,0,0,0,0.667,1
txn_009172,486.71,UPI,wrong_otp,Axis,1,6,1,0,0.482,0
txn_009173,1252.91,UPI,network_timeout,SBI,20,4,0,1,0.733,1
txn_009174,1496.36,UPI,network_timeout,Kotak,7,3,0,0,0.767,1
txn_009175,709.13,Credit Card,bank_server_down,HDFC,8,0,0,0,0.83,0
txn_009176,1332.99,Wallet,bank_server_down,HDFC,10,1,0,0,0.437,1
txn_009177,2249.99,UPI,insufficient_funds,IDFC,22,6,1,3,0.754,0
txn_009178,841.57,Netbanking,risk_flagged,IDFC,0,6,1,0,0.583,1
txn_009179,574.56,Debit Card,bank_server_down,Yes Bank,1,5,1,0,0.823,1
txn_009180,468.21,Wallet,risk_flagged,HDFC,3,0,0,3,0.747,0
txn_009181,1545.06,UPI,network_timeout,Kotak,17,3,0,2,0.838,0
txn_009182,648.57,Credit Card,expired_card,Kotak,0,4,0,2,0.831,0
txn_009183,804.32,Netbanking,risk_flagged,IDFC,19,0,0,4,0.805,0
txn_009184,98.52,UPI,network_timeout,ICICI,17,1,0,0,0.894,1
txn_009185,471.72,Debit Card,insufficient_funds,ICICI,17,3,0,1,0.408,0
txn_009186,519.7,Debit Card,card_declined,Yes Bank,16,1,0,0,0.842,1
txn_009187,120.05,UPI,insufficient_funds,Yes Bank,9,3,0,0,0.49,0
txn_009188,1942.16,Debit Card,risk_flagged,IDFC,12,5,1,1,0.971,0
txn_009189,171.08,UPI,card_declined,ICICI,3,3,0,2,0.73,0
txn_009190,372.63,UPI,bank_server_down,Yes Bank,10,5,1,0,0.83,0
txn_009191,1519.76,UPI,insufficient_funds,Axis,14,0,0,1,0.864,0
txn_009192,3399.67,UPI,card_declined,HDFC,20,1,0,0,0.796,0
txn_009193,202.83,Debit Card,card_declined,IDFC,18,5,1,0,0.733,0
txn_009194,3474.24,UPI,risk_flagged,HDFC,6,6,1,1,0.529,0
txn_009195,547.01,UPI,card_declined,Axis,19,2,0,0,0.401,1
txn_009196,683.24,UPI,insufficient_funds,SBI,10,5,1,0,0.878,0
txn_009197,630.12,Netbanking,insufficient_funds,Kotak,6,0,0,0,0.726,0
txn_009198,285.47,Credit Card,insufficient_funds,Kotak,14,5,1,0,0.827,0
txn_009199,224.17,Netbanking,risk_flagged,Kotak,11,4,0,0,0.793,0
txn_009200,174.75,Netbanking,card_declined,ICICI,21,1,0,1,0.709,1
txn_009201,232.13,UPI,risk_flagged,Kotak,9,3,0,0,0.255,0
txn_009202,964.97,UPI,expired_card,ICICI,1,3,0,1,0.418,0
txn_009203,1054.03,Credit Card,risk_flagged,HDFC,3,0,0,0,0.731,0
txn_009204,2222.8,Netbanking,card_declined,Yes Bank,0,0,0,3,0.665,0
txn_009205,376.61,UPI,insufficient_funds,Axis,7,5,1,0,0.394,0
txn_009206,489.52,UPI,network_timeout,Kotak,19,0,0,0,0.694,1
txn_009207,115.58,UPI,card_declined,Axis,3,2,0,0,0.712,0
txn_009208,275.52,Netbanking,network_timeout,Yes Bank,2,2,0,1,0.848,1
txn_009209,109.15,UPI,bank_server_down,Yes Bank,14,6,1,1,0.907,1
txn_009210,450.05,Netbanking,bank_server_down,Kotak,20,6,1,0,0.858,1
txn_009211,1478.83,UPI,card_declined,SBI,16,6,1,1,0.637,1
txn_009212,306.84,Credit Card,bank_server_down,HDFC,22,6,1,0,0.885,0
txn_009213,1355.7,UPI,risk_flagged,Axis,7,5,1,1,0.482,0
txn_009214,703.52,Debit Card,expired_card,Yes Bank,10,0,0,0,0.77,0
txn_009215,179.74,Credit Card,card_declined,ICICI,3,1,0,1,0.529,0
txn_009216,802.23,Netbanking,wrong_otp,HDFC,10,5,1,0,0.858,0
txn_009217,406.37,Credit Card,network_timeout,Kotak,8,5,1,0,0.866,1
txn_009218,414.96,UPI,insufficient_funds,Yes Bank,13,1,0,1,0.841,1
txn_009219,1375.28,Netbanking,network_timeout,Kotak,18,3,0,0,0.777,0
txn_009220,1249.32,UPI,card_declined,Kotak,2,5,1,0,0.557,1
txn_009221,955.23,Credit Card,risk_flagged,Axis,21,1,0,2,0.935,1
txn_009222,642.66,Credit Card,card_declined,IDFC,23,4,0,1,0.821,0
txn_009223,639.29,UPI,insufficient_funds,ICICI,14,5,1,0,0.598,1
txn_009224,790.21,Wallet,network_timeout,HDFC,21,5,1,2,0.655,0
txn_009225,4274.78,Debit Card,insufficient_funds,HDFC,14,4,0,0,0.389,0
txn_009226,721.94,Credit Card,network_timeout,ICICI,20,2,0,1,0.448,0
txn_009227,437.27,UPI,insufficient_funds,Yes Bank,13,3,0,0,0.509,0
txn_009228,1005.88,UPI,wrong_otp,Yes Bank,15,0,0,1,0.519,0
txn_009229,801.13,UPI,insufficient_funds,HDFC,12,2,0,0,0.823,1
txn_009230,1370.36,UPI,network_timeout,ICICI,17,2,0,0,0.703,1
txn_009231,750.14,Debit Card,risk_flagged,Kotak,2,5,1,0,0.727,0
txn_009232,1060.47,Credit Card,insufficient_funds,IDFC,11,1,0,0,0.895,1
txn_009233,541.29,UPI,insufficient_funds,ICICI,15,3,0,0,0.846,0
txn_009234,242.94,UPI,insufficient_funds,SBI,0,2,0,3,0.733,0
txn_009235,165.91,UPI,card_declined,Axis,20,0,0,1,0.505,0
txn_009236,586.62,Credit Card,expired_card,ICICI,9,2,0,0,0.776,0
txn_009237,1772.65,UPI,insufficient_funds,Kotak,15,1,0,1,0.648,0
txn_009238,355.53,Debit Card,insufficient_funds,HDFC,16,6,1,0,0.531,0
txn_009239,643.02,Credit Card,bank_server_down,HDFC,2,5,1,2,0.617,0
txn_009240,654.85,UPI,network_timeout,ICICI,18,3,0,1,0.794,1
txn_009241,566.36,Credit Card,bank_server_down,IDFC,20,2,0,0,0.718,1
txn_009242,1614.85,UPI,bank_server_down,SBI,8,2,0,1,0.776,0
txn_009243,862.53,UPI,network_timeout,Yes Bank,20,2,0,2,0.539,0
txn_009244,741.15,Netbanking,bank_server_down,ICICI,18,4,0,0,0.757,0
txn_009245,995.04,Debit Card,bank_server_down,HDFC,20,2,0,0,0.822,1
txn_009246,331.16,UPI,card_declined,SBI,12,2,0,0,0.493,1
txn_009247,770.36,Credit Card,network_timeout,HDFC,15,2,0,0,0.907,1
txn_009248,1695.06,Wallet,wrong_otp,Axis,23,6,1,1,0.793,0
txn_009249,367.3,Debit Card,expired_card,IDFC,18,0,0,3,0.867,0
txn_009250,410.4,Netbanking,wrong_otp,HDFC,11,6,1,1,0.737,0
txn_009251,349.63,UPI,card_declined,Yes Bank,2,1,0,0,0.661,0
txn_009252,290.37,UPI,risk_flagged,HDFC,2,6,1,0,0.691,0
txn_009253,628.64,UPI,network_timeout,SBI,19,5,1,0,0.916,1
txn_009254,440.35,UPI,insufficient_funds,Yes Bank,13,2,0,1,0.481,0
txn_009255,171.61,Credit Card,wrong_otp,Kotak,9,2,0,0,0.778,1
txn_009256,869.78,UPI,insufficient_funds,HDFC,6,4,0,1,0.878,1
txn_009257,1267.36,Debit Card,insufficient_funds,SBI,20,5,1,0,0.791,1
txn_009258,666.26,Netbanking,network_timeout,ICICI,6,5,1,1,0.583,1
txn_009259,1460.1,Wallet,card_declined,Axis,10,5,1,0,0.907,0
txn_009260,62.12,UPI,expired_card,IDFC,2,3,0,2,0.944,0
txn_009261,851.03,Netbanking,network_timeout,HDFC,13,6,1,0,0.533,1
txn_009262,52.98,UPI,insufficient_funds,Yes Bank,2,3,0,1,0.411,0
txn_009263,66.5,Debit Card,network_timeout,Yes Bank,12,5,1,0,0.628,1
txn_009264,415.33,UPI,wrong_otp,Kotak,4,0,0,1,0.868,1
txn_009265,3586.14,UPI,bank_server_down,Yes Bank,6,0,0,0,0.736,1
txn_009266,410.96,UPI,bank_server_down,Axis,4,5,1,0,0.588,0
txn_009267,1430.73,Credit Card,bank_server_down,SBI,23,3,0,0,0.858,1
txn_009268,328.36,Credit Card,insufficient_funds,Kotak,11,0,0,1,0.367,0
txn_009269,225.82,UPI,bank_server_down,IDFC,15,4,0,1,0.624,1
txn_009270,5040.09,UPI,card_declined,IDFC,21,4,0,0,0.76,1
txn_009271,193.86,UPI,wrong_otp,IDFC,23,1,0,0,0.913,1
txn_009272,1714.99,UPI,bank_server_down,Axis,14,6,1,0,0.644,1
txn_009273,136.54,Credit Card,insufficient_funds,ICICI,11,0,0,1,0.713,0
txn_009274,523.16,Debit Card,insufficient_funds,Kotak,20,2,0,0,0.815,0
txn_009275,1427.21,Credit Card,risk_flagged,IDFC,12,4,0,0,0.785,0
txn_009276,754.78,Credit Card,risk_flagged,Yes Bank,6,1,0,0,0.926,0
txn_009277,2015.75,Credit Card,card_declined,Axis,9,0,0,0,0.842,1
txn_009278,641.69,Credit Card,network_timeout,Kotak,2,2,0,0,0.732,1
txn_009279,2931.55,UPI,risk_flagged,ICICI,3,5,1,1,0.682,0
txn_009280,3084.7,Netbanking,wrong_otp,IDFC,11,3,0,0,0.958,1
txn_009281,2921.93,Debit Card,bank_server_down,HDFC,7,4,0,3,0.621,0
txn_009282,733.97,Credit Card,card_declined,HDFC,5,1,0,2,0.873,0
txn_009283,1563.26,Credit Card,card_declined,Yes Bank,11,2,0,0,0.958,1
txn_009284,1072.99,UPI,network_timeout,Yes Bank,2,1,0,2,0.607,1
txn_009285,2062.87,Debit Card,expired_card,ICICI,5,5,1,1,0.59,0
txn_009286,418.99,Netbanking,card_declined,IDFC,5,2,0,2,0.496,0
txn_009287,436.87,Debit Card,expired_card,IDFC,17,0,0,2,0.838,0
txn_009288,1193.43,Debit Card,wrong_otp,Kotak,7,2,0,0,0.766,1
txn_009289,1249.48,UPI,network_timeout,Yes Bank,5,3,0,0,0.95,1
txn_009290,1276.71,UPI,insufficient_funds,SBI,22,2,0,1,0.893,1
txn_009291,382.01,Debit Card,insufficient_funds,SBI,5,0,0,0,0.842,0
txn_009292,411.09,Credit Card,insufficient_funds,ICICI,22,6,1,2,0.393,0
txn_009293,3359.91,UPI,card_declined,Yes Bank,22,4,0,1,0.555,0
txn_009294,1553.37,UPI,expired_card,ICICI,1,0,0,1,0.566,0
txn_009295,2852.8,UPI,network_timeout,Kotak,15,6,1,0,0.875,1
txn_009296,25.8,UPI,card_declined,ICICI,7,4,0,1,0.646,0
txn_009297,2886.76,Credit Card,wrong_otp,ICICI,18,2,0,0,0.786,0
txn_009298,250.83,Debit Card,network_timeout,IDFC,12,4,0,2,0.757,1
txn_009299,676.93,Debit Card,risk_flagged,ICICI,11,4,0,1,0.675,0
txn_009300,427.14,UPI,network_timeout,IDFC,19,5,1,3,0.32,0
txn_009301,1605.36,Netbanking,insufficient_funds,Kotak,1,3,0,0,0.703,0
txn_009302,522.41,Debit Card,network_timeout,Yes Bank,4,3,0,3,0.739,0
txn_009303,486.48,Credit Card,risk_flagged,SBI,17,4,0,2,0.661,0
txn_009304,139.32,Netbanking,card_declined,HDFC,13,5,1,0,0.81,1
txn_009305,2542.42,Netbanking,insufficient_funds,Yes Bank,1,6,1,1,0.682,0
txn_009306,376.24,Netbanking,card_declined,HDFC,21,4,0,0,0.892,1
txn_009307,1236.95,Debit Card,wrong_otp,Axis,17,1,0,1,0.933,0
txn_009308,702.34,Credit Card,bank_server_down,SBI,5,1,0,1,0.63,1
txn_009309,1806.96,UPI,network_timeout,IDFC,8,2,0,1,0.684,0
txn_009310,506.9,Wallet,wrong_otp,IDFC,21,0,0,1,0.856,0
txn_009311,2231.97,Netbanking,card_declined,HDFC,12,5,1,1,0.894,0
txn_009312,732.55,Netbanking,bank_server_down,SBI,6,5,1,1,0.525,1
txn_009313,1578.33,Debit Card,insufficient_funds,HDFC,1,0,0,2,0.769,0
txn_009314,1301.09,Debit Card,insufficient_funds,Kotak,14,4,0,1,0.576,0
txn_009315,2461.33,Debit Card,wrong_otp,SBI,1,5,1,1,0.919,0
txn_009316,1132.57,UPI,card_declined,IDFC,17,3,0,0,0.797,1
txn_009317,4619.73,UPI,network_timeout,Axis,20,0,0,0,0.869,1
txn_009318,839.29,Netbanking,card_declined,Kotak,18,2,0,1,0.836,1
txn_009319,1042.64,Credit Card,network_timeout,Kotak,8,6,1,1,0.848,0
txn_009320,2026.41,Debit Card,wrong_otp,IDFC,10,1,0,0,0.582,0
txn_009321,30908.55,Credit Card,card_declined,Axis,15,1,0,0,0.915,0
txn_009322,677.81,UPI,insufficient_funds,HDFC,4,3,0,4,0.792,0
txn_009323,1561.21,UPI,expired_card,IDFC,0,1,0,1,0.599,0
txn_009324,6463.62,UPI,insufficient_funds,HDFC,11,4,0,0,0.737,0
txn_009325,318.07,Wallet,card_declined,Yes Bank,9,4,0,0,0.92,1
txn_009326,596.53,UPI,network_timeout,Kotak,22,1,0,0,0.874,0
txn_009327,1914.71,UPI,insufficient_funds,SBI,7,0,0,0,0.892,1
txn_009328,954.8,Debit Card,bank_server_down,ICICI,16,2,0,0,0.888,1
txn_009329,81.59,Debit Card,wrong_otp,IDFC,4,2,0,1,0.462,0
txn_009330,1346.52,UPI,expired_card,Axis,17,6,1,0,0.428,0
txn_009331,651.78,Debit Card,network_timeout,IDFC,23,3,0,1,0.971,1
txn_009332,695.38,UPI,network_timeout,HDFC,13,1,0,0,0.754,1
txn_009333,363.59,UPI,insufficient_funds,Axis,0,4,0,0,0.861,1
txn_009334,649.92,Debit Card,bank_server_down,Yes Bank,10,6,1,0,0.948,1
txn_009335,418.5,Netbanking,card_declined,HDFC,3,0,0,0,0.466,1
txn_009336,2544.42,UPI,insufficient_funds,IDFC,20,0,0,1,0.766,0
txn_009337,638.65,Debit Card,insufficient_funds,Axis,8,1,0,1,0.542,0
txn_009338,319.45,UPI,insufficient_funds,Kotak,18,3,0,1,0.825,0
txn_009339,3330.82,Debit Card,card_declined,Kotak,5,5,1,0,0.829,0
txn_009340,969.55,UPI,insufficient_funds,IDFC,20,5,1,0,0.786,1
txn_009341,2135.63,UPI,network_timeout,ICICI,5,2,0,0,0.729,0
txn_009342,2042.24,Wallet,network_timeout,Kotak,16,0,0,0,0.204,0
txn_009343,104.68,UPI,insufficient_funds,Axis,14,0,0,1,0.784,1
txn_009344,42.48,UPI,card_declined,Axis,7,4,0,0,0.828,1
txn_009345,1283.63,UPI,card_declined,Axis,15,0,0,1,0.854,0
txn_009346,474.24,Credit Card,risk_flagged,IDFC,11,2,0,0,0.722,0
txn_009347,326.86,Credit Card,wrong_otp,Axis,18,4,0,0,0.921,1
txn_009348,314.83,Credit Card,network_timeout,Kotak,10,1,0,1,0.745,0
txn_009349,833.45,Netbanking,bank_server_down,Kotak,5,2,0,1,0.584,0
txn_009350,838.93,UPI,bank_server_down,ICICI,15,2,0,1,0.672,1
txn_009351,482.35,Debit Card,risk_flagged,Axis,21,2,0,0,0.729,0
txn_009352,1706.57,Debit Card,insufficient_funds,SBI,19,3,0,2,0.819,0
txn_009353,391.99,UPI,network_timeout,Axis,23,3,0,1,0.682,1
txn_009354,1368.21,Credit Card,insufficient_funds,Axis,23,5,1,3,0.709,0
txn_009355,179.89,Credit Card,insufficient_funds,ICICI,7,1,0,1,0.649,0
txn_009356,246.43,UPI,bank_server_down,SBI,22,6,1,0,0.888,1
txn_009357,545.47,Debit Card,wrong_otp,IDFC,11,2,0,1,0.604,1
txn_009358,231.63,UPI,insufficient_funds,IDFC,23,4,0,1,0.88,0
txn_009359,556.0,UPI,bank_server_down,Yes Bank,3,5,1,0,0.807,1
txn_009360,1479.03,UPI,insufficient_funds,IDFC,12,5,1,1,0.854,0
txn_009361,139.65,UPI,card_declined,IDFC,0,1,0,1,0.778,0
txn_009362,390.56,UPI,bank_server_down,Yes Bank,12,0,0,0,0.841,1
txn_009363,579.53,Debit Card,network_timeout,Yes Bank,11,1,0,1,0.654,1
txn_009364,709.76,UPI,bank_server_down,ICICI,17,0,0,1,0.918,1
txn_009365,261.26,Netbanking,insufficient_funds,Axis,3,4,0,0,0.877,1
txn_009366,877.23,UPI,expired_card,Yes Bank,11,4,0,2,0.757,0
txn_009367,107.79,UPI,network_timeout,ICICI,20,3,0,0,0.729,1
txn_009368,4308.13,Netbanking,risk_flagged,Kotak,23,0,0,1,0.781,0
txn_009369,449.63,Credit Card,bank_server_down,ICICI,4,5,1,3,0.915,0
txn_009370,97.07,Credit Card,insufficient_funds,SBI,22,0,0,0,0.834,0
txn_009371,1512.38,UPI,insufficient_funds,Yes Bank,8,2,0,0,0.823,0
txn_009372,81.65,UPI,network_timeout,Kotak,17,2,0,1,0.694,1
txn_009373,1490.15,UPI,wrong_otp,IDFC,18,6,1,0,0.849,1
txn_009374,262.25,UPI,network_timeout,Kotak,23,1,0,1,0.559,1
txn_009375,7061.37,UPI,card_declined,ICICI,23,5,1,1,0.635,1
txn_009376,78.0,UPI,insufficient_funds,HDFC,23,2,0,0,0.599,1
txn_009377,1725.05,Debit Card,insufficient_funds,IDFC,2,1,0,0,0.744,0
txn_009378,209.69,Debit Card,card_declined,SBI,13,5,1,0,0.44,1
txn_009379,530.54,Netbanking,network_timeout,SBI,13,6,1,2,0.46,0
txn_009380,1208.87,UPI,network_timeout,IDFC,11,0,0,1,0.893,0
txn_009381,818.97,UPI,insufficient_funds,IDFC,11,2,0,2,0.967,0
txn_009382,916.68,Debit Card,insufficient_funds,Kotak,16,4,0,0,0.55,0
txn_009383,433.55,UPI,bank_server_down,IDFC,3,4,0,0,0.589,1
txn_009384,2153.69,Credit Card,wrong_otp,Axis,10,1,0,0,0.824,1
txn_009385,573.96,Credit Card,insufficient_funds,Kotak,22,1,0,1,0.583,1
txn_009386,207.43,Netbanking,expired_card,ICICI,11,2,0,1,0.845,0
txn_009387,55.21,Debit Card,risk_flagged,HDFC,18,6,1,0,0.78,0
txn_009388,523.58,Credit Card,card_declined,HDFC,11,3,0,1,0.886,1
txn_009389,162.06,UPI,wrong_otp,IDFC,20,1,0,0,0.749,1
txn_009390,316.48,UPI,wrong_otp,IDFC,23,4,0,1,0.767,0
txn_009391,973.98,UPI,insufficient_funds,HDFC,4,3,0,1,0.931,0
txn_009392,642.07,UPI,network_timeout,IDFC,23,3,0,0,0.824,1
txn_009393,1516.41,UPI,insufficient_funds,ICICI,12,1,0,0,0.468,0
txn_009394,1290.5,UPI,bank_server_down,SBI,5,0,0,3,0.543,0
txn_009395,1503.39,UPI,insufficient_funds,Yes Bank,21,4,0,3,0.505,0
txn_009396,190.13,Debit Card,bank_server_down,HDFC,20,3,0,1,0.487,1
txn_009397,663.14,Credit Card,risk_flagged,Yes Bank,13,2,0,0,0.732,0
txn_009398,307.91,UPI,network_timeout,ICICI,0,0,0,2,0.951,0
txn_009399,1637.66,Netbanking,card_declined,Yes Bank,16,6,1,2,0.384,0
txn_009400,280.31,Debit Card,insufficient_funds,IDFC,16,4,0,1,0.827,0
txn_009401,487.92,UPI,insufficient_funds,Axis,10,0,0,0,0.665,1
txn_009402,301.52,Debit Card,insufficient_funds,Axis,14,3,0,0,0.643,1
txn_009403,497.12,Debit Card,risk_flagged,Yes Bank,11,3,0,1,0.852,1
txn_009404,1954.54,Credit Card,wrong_otp,HDFC,2,4,0,0,0.587,1
txn_009405,976.11,Credit Card,risk_flagged,ICICI,16,6,1,0,0.962,0
txn_009406,2006.9,UPI,wrong_otp,ICICI,23,4,0,1,0.427,0
txn_009407,1748.09,Wallet,wrong_otp,Yes Bank,8,5,1,0,0.772,1
txn_009408,108.39,Wallet,risk_flagged,HDFC,4,2,0,1,0.938,0
txn_009409,1239.81,Credit Card,wrong_otp,Axis,22,6,1,0,0.878,0
txn_009410,285.16,Credit Card,network_timeout,ICICI,18,2,0,0,0.515,1
txn_009411,466.94,Netbanking,wrong_otp,Kotak,18,6,1,0,0.705,0
txn_009412,779.42,Credit Card,risk_flagged,IDFC,23,6,1,0,0.866,0
txn_009413,874.35,UPI,bank_server_down,SBI,9,1,0,0,0.53,1
txn_009414,424.98,UPI,wrong_otp,Kotak,1,4,0,2,0.805,0
txn_009415,92.19,UPI,insufficient_funds,Yes Bank,14,0,0,1,0.835,1
txn_009416,1210.39,Netbanking,wrong_otp,Kotak,12,6,1,1,0.949,0
txn_009417,134.8,Credit Card,insufficient_funds,SBI,21,0,0,0,0.431,0
txn_009418,565.76,Wallet,insufficient_funds,Axis,10,0,0,0,0.519,0
txn_009419,136.32,Netbanking,risk_flagged,SBI,21,2,0,0,0.913,0
txn_009420,431.55,Wallet,risk_flagged,Axis,20,1,0,0,0.841,0
txn_009421,3214.26,UPI,card_declined,HDFC,7,1,0,1,0.851,0
txn_009422,1062.91,UPI,insufficient_funds,Axis,6,6,1,2,0.382,0
txn_009423,464.56,UPI,insufficient_funds,HDFC,15,6,1,0,0.595,1
txn_009424,245.92,UPI,insufficient_funds,SBI,12,0,0,0,0.758,0
txn_009425,330.34,Credit Card,insufficient_funds,HDFC,15,3,0,1,0.235,0
txn_009426,145.56,UPI,bank_server_down,Yes Bank,17,3,0,0,0.791,1
txn_009427,1640.22,Wallet,insufficient_funds,ICICI,21,5,1,1,0.801,1
txn_009428,1612.97,UPI,card_declined,HDFC,20,5,1,0,0.666,1
txn_009429,3574.14,UPI,card_declined,SBI,3,4,0,1,0.572,0
txn_009430,225.41,Credit Card,expired_card,SBI,13,1,0,1,0.777,0
txn_009431,1184.41,Credit Card,card_declined,Kotak,23,0,0,4,0.759,0
txn_009432,763.14,Credit Card,bank_server_down,IDFC,16,6,1,1,0.891,1
txn_009433,349.88,Netbanking,card_declined,IDFC,23,3,0,0,0.737,0
txn_009434,213.72,UPI,bank_server_down,ICICI,7,1,0,1,0.838,1
txn_009435,787.52,Wallet,bank_server_down,HDFC,11,6,1,0,0.491,0
txn_009436,149.96,Debit Card,network_timeout,SBI,2,4,0,0,0.859,1
txn_009437,1723.92,UPI,insufficient_funds,HDFC,2,1,0,0,0.703,0
txn_009438,475.5,UPI,bank_server_down,ICICI,11,5,1,0,0.738,1
txn_009439,470.81,UPI,insufficient_funds,Axis,14,5,1,0,0.654,0
txn_009440,1071.86,Netbanking,insufficient_funds,Kotak,13,3,0,2,0.936,0
txn_009441,1285.4,UPI,wrong_otp,ICICI,8,4,0,1,0.909,1
txn_009442,1111.12,UPI,card_declined,IDFC,20,5,1,2,0.509,1
txn_009443,578.97,UPI,bank_server_down,ICICI,16,1,0,0,0.828,1
txn_009444,198.71,Wallet,card_declined,Axis,2,4,0,0,0.845,1
txn_009445,553.01,UPI,wrong_otp,SBI,5,6,1,0,0.365,1
txn_009446,265.93,Debit Card,bank_server_down,Kotak,1,4,0,0,0.858,0
txn_009447,164.53,Debit Card,bank_server_down,ICICI,4,0,0,1,0.689,0
txn_009448,649.03,Debit Card,insufficient_funds,SBI,7,4,0,1,0.779,0
txn_009449,882.65,UPI,insufficient_funds,HDFC,2,1,0,2,0.515,0
txn_009450,488.01,Debit Card,network_timeout,ICICI,22,3,0,0,0.683,0
txn_009451,905.53,Debit Card,insufficient_funds,IDFC,10,3,0,1,0.499,1
txn_009452,1544.28,UPI,card_declined,HDFC,8,2,0,2,0.735,0
txn_009453,1389.76,UPI,wrong_otp,Axis,17,4,0,1,0.442,1
txn_009454,775.71,Netbanking,insufficient_funds,Axis,23,0,0,1,0.65,0
txn_009455,2008.94,Credit Card,bank_server_down,IDFC,1,2,0,0,0.938,1
txn_009456,350.88,Debit Card,bank_server_down,HDFC,7,3,0,0,0.858,1
txn_009457,607.76,UPI,expired_card,ICICI,8,1,0,2,0.54,0
txn_009458,2448.02,Credit Card,network_timeout,Kotak,2,5,1,0,0.541,1
txn_009459,745.85,Credit Card,card_declined,ICICI,20,2,0,0,0.758,0
txn_009460,547.61,Credit Card,network_timeout,Yes Bank,3,2,0,0,0.751,1
txn_009461,80.25,Credit Card,risk_flagged,Axis,3,0,0,0,0.679,0
txn_009462,413.68,Credit Card,insufficient_funds,IDFC,7,5,1,0,0.886,1
txn_009463,394.6,UPI,card_declined,SBI,17,6,1,0,0.589,1
txn_009464,196.19,UPI,card_declined,Axis,15,5,1,1,0.69,0
txn_009465,664.74,Netbanking,insufficient_funds,SBI,17,5,1,1,0.825,1
txn_009466,1117.23,UPI,card_declined,Yes Bank,18,6,1,0,0.632,0
txn_009467,6815.07,Debit Card,network_timeout,Axis,3,2,0,0,0.684,0
txn_009468,982.16,Debit Card,network_timeout,Kotak,18,6,1,0,0.334,1
txn_009469,512.06,Debit Card,wrong_otp,IDFC,3,0,0,0,0.577,1
txn_009470,618.14,Debit Card,network_timeout,Axis,20,0,0,1,0.564,1
txn_009471,424.94,UPI,insufficient_funds,SBI,21,1,0,2,0.707,0
txn_009472,2177.25,Debit Card,network_timeout,HDFC,12,4,0,0,0.396,0
txn_009473,253.23,Debit Card,bank_server_down,Axis,15,0,0,3,0.829,1
txn_009474,671.51,UPI,card_declined,HDFC,22,6,1,1,0.502,1
txn_009475,144.13,UPI,risk_flagged,HDFC,2,3,0,0,0.682,0
txn_009476,343.77,UPI,network_timeout,Axis,11,1,0,2,0.599,0
txn_009477,75.11,Netbanking,expired_card,Axis,10,0,0,0,0.429,0
txn_009478,909.15,Credit Card,wrong_otp,Axis,8,2,0,1,0.798,0
txn_009479,1936.58,Debit Card,bank_server_down,ICICI,16,6,1,1,0.887,0
txn_009480,206.41,Credit Card,insufficient_funds,ICICI,2,5,1,0,0.442,0
txn_009481,1222.9,UPI,insufficient_funds,SBI,2,5,1,0,0.92,0
txn_009482,987.68,Netbanking,insufficient_funds,HDFC,2,6,1,1,0.942,0
txn_009483,650.06,Debit Card,insufficient_funds,Kotak,21,6,1,2,0.688,0
txn_009484,762.67,UPI,bank_server_down,Yes Bank,14,4,0,0,0.638,1
txn_009485,117.34,Credit Card,wrong_otp,ICICI,16,0,0,0,0.749,1
txn_009486,108.74,Credit Card,bank_server_down,Kotak,4,6,1,1,0.801,0
txn_009487,362.27,Wallet,insufficient_funds,ICICI,0,0,0,1,0.913,1
txn_009488,1576.15,UPI,insufficient_funds,Yes Bank,22,6,1,0,0.93,1
txn_009489,1752.22,Debit Card,wrong_otp,HDFC,22,3,0,1,0.789,0
txn_009490,987.89,UPI,wrong_otp,Axis,5,3,0,0,0.845,0
txn_009491,630.94,Credit Card,insufficient_funds,Axis,17,0,0,3,0.811,0
txn_009492,1280.4,UPI,wrong_otp,Axis,8,1,0,2,0.721,0
txn_009493,581.4,Debit Card,network_timeout,Axis,21,4,0,0,0.702,0
txn_009494,460.31,UPI,insufficient_funds,HDFC,12,2,0,0,0.71,0
txn_009495,399.07,Debit Card,risk_flagged,Kotak,22,4,0,0,0.638,0
txn_009496,896.4,Netbanking,network_timeout,Kotak,6,2,0,0,0.828,1
txn_009497,142.44,UPI,wrong_otp,SBI,23,1,0,1,0.695,1
txn_009498,1452.4,UPI,network_timeout,Axis,11,4,0,0,0.924,1
txn_009499,112.54,Debit Card,wrong_otp,IDFC,12,2,0,1,0.909,1
txn_009500,259.81,Credit Card,card_declined,SBI,20,5,1,0,0.766,0
txn_009501,1141.49,Credit Card,insufficient_funds,HDFC,16,1,0,3,0.919,0
txn_009502,381.02,UPI,card_declined,SBI,15,2,0,0,0.839,1
txn_009503,266.86,Debit Card,wrong_otp,Kotak,20,5,1,0,0.882,1
txn_009504,1017.45,Debit Card,network_timeout,Axis,23,4,0,0,0.94,1
txn_009505,1303.35,Credit Card,wrong_otp,HDFC,17,3,0,1,0.554,0
txn_009506,715.12,UPI,risk_flagged,Yes Bank,2,0,0,0,0.519,0
txn_009507,935.73,Debit Card,bank_server_down,Kotak,23,4,0,1,0.821,1
txn_009508,36.96,Credit Card,card_declined,Yes Bank,7,6,1,2,0.741,0
txn_009509,1162.26,UPI,bank_server_down,Yes Bank,4,6,1,0,0.578,1
txn_009510,906.31,Debit Card,wrong_otp,HDFC,22,5,1,1,0.824,0
txn_009511,591.84,UPI,network_timeout,Kotak,18,6,1,0,0.552,0
txn_009512,2265.74,UPI,risk_flagged,ICICI,11,6,1,1,0.789,0
txn_009513,1470.34,UPI,network_timeout,Kotak,16,5,1,1,0.96,1
txn_009514,356.1,UPI,insufficient_funds,SBI,12,4,0,1,0.725,0
txn_009515,1336.02,Netbanking,expired_card,Kotak,0,5,1,1,0.707,0
txn_009516,554.83,UPI,insufficient_funds,Kotak,15,0,0,1,0.696,1
txn_009517,1086.08,UPI,insufficient_funds,SBI,22,1,0,0,0.727,1
txn_009518,206.97,Credit Card,wrong_otp,Yes Bank,13,1,0,1,0.8,0
txn_009519,5283.54,Debit Card,wrong_otp,Kotak,11,6,1,0,0.673,0
txn_009520,439.06,Credit Card,risk_flagged,SBI,9,4,0,0,0.768,0
txn_009521,4312.39,UPI,bank_server_down,Axis,22,4,0,2,0.751,1
txn_009522,698.32,UPI,card_declined,SBI,2,6,1,2,0.583,0
txn_009523,3830.4,UPI,wrong_otp,SBI,21,6,1,1,0.406,0
txn_009524,567.73,Debit Card,insufficient_funds,Axis,9,5,1,0,0.939,0
txn_009525,645.55,Credit Card,wrong_otp,Yes Bank,4,6,1,0,0.573,0
txn_009526,1603.54,UPI,wrong_otp,ICICI,20,3,0,0,0.908,1
txn_009527,481.73,Debit Card,bank_server_down,IDFC,16,1,0,0,0.906,0
txn_009528,539.8,UPI,wrong_otp,Axis,17,4,0,1,0.832,1
txn_009529,1609.37,UPI,insufficient_funds,SBI,21,1,0,1,0.485,1
txn_009530,312.62,UPI,expired_card,Kotak,10,6,1,0,0.752,0
txn_009531,14307.5,Netbanking,card_declined,Yes Bank,2,6,1,0,0.784,1
txn_009532,241.65,Debit Card,insufficient_funds,SBI,2,0,0,0,0.979,1
txn_009533,4021.94,UPI,bank_server_down,IDFC,7,4,0,0,0.816,1
txn_009534,302.61,Debit Card,bank_server_down,SBI,12,5,1,2,0.864,0
txn_009535,357.25,Netbanking,expired_card,Yes Bank,8,5,1,1,0.779,0
txn_009536,1376.71,Debit Card,wrong_otp,SBI,3,5,1,0,0.727,1
txn_009537,4052.82,UPI,bank_server_down,HDFC,13,3,0,1,0.529,1
txn_009538,1978.24,Credit Card,expired_card,HDFC,15,3,0,0,0.864,1
txn_009539,676.65,Credit Card,insufficient_funds,SBI,3,5,1,1,0.808,1
txn_009540,1238.58,UPI,bank_server_down,ICICI,16,3,0,1,0.739,1
txn_009541,1419.65,Credit Card,network_timeout,Kotak,19,6,1,1,0.337,1
txn_009542,110.18,UPI,bank_server_down,SBI,14,1,0,0,0.808,1
txn_009543,865.57,Debit Card,network_timeout,Kotak,15,3,0,0,0.724,1
txn_009544,2443.7,Debit Card,insufficient_funds,Yes Bank,13,6,1,1,0.772,0
txn_009545,172.3,UPI,card_declined,Axis,17,0,0,0,0.747,1
txn_009546,359.86,UPI,card_declined,IDFC,2,2,0,1,0.949,1
txn_009547,33.12,UPI,bank_server_down,IDFC,16,2,0,1,0.854,1
txn_009548,1366.86,Netbanking,expired_card,HDFC,12,5,1,1,0.892,0
txn_009549,135.51,Credit Card,network_timeout,IDFC,6,2,0,0,0.814,1
txn_009550,247.29,Credit Card,insufficient_funds,SBI,10,5,1,0,0.688,0
txn_009551,444.17,Debit Card,bank_server_down,Kotak,1,2,0,1,0.634,1
txn_009552,156.06,UPI,wrong_otp,Kotak,20,0,0,0,0.397,1
txn_009553,316.71,UPI,card_declined,HDFC,19,0,0,1,0.562,0
txn_009554,453.91,UPI,insufficient_funds,IDFC,19,3,0,0,0.587,1
txn_009555,4023.55,Wallet,risk_flagged,Axis,13,3,0,1,0.838,0
txn_009556,221.94,UPI,insufficient_funds,HDFC,23,5,1,0,0.577,0
txn_009557,183.93,Debit Card,card_declined,ICICI,14,1,0,2,0.86,0
txn_009558,1714.74,Credit Card,network_timeout,Axis,2,4,0,0,0.61,0
txn_009559,556.04,UPI,network_timeout,SBI,5,3,0,0,0.856,1
txn_009560,737.5,UPI,wrong_otp,SBI,16,3,0,0,0.591,0
txn_009561,1349.39,Debit Card,bank_server_down,HDFC,19,1,0,2,0.709,1
txn_009562,238.21,UPI,expired_card,HDFC,7,0,0,0,0.655,0
txn_009563,1257.92,Credit Card,wrong_otp,Yes Bank,1,4,0,0,0.818,1
txn_009564,440.12,UPI,insufficient_funds,HDFC,10,0,0,1,0.74,0
txn_009565,248.96,Credit Card,card_declined,ICICI,2,1,0,1,0.803,1
txn_009566,153.15,UPI,bank_server_down,SBI,17,1,0,0,0.585,1
txn_009567,402.22,UPI,insufficient_funds,ICICI,8,2,0,1,0.881,1
txn_009568,168.09,Debit Card,card_declined,IDFC,21,0,0,1,0.886,0
txn_009569,879.13,Netbanking,expired_card,Kotak,16,4,0,0,0.965,0
txn_009570,2765.74,Debit Card,network_timeout,HDFC,15,2,0,0,0.39,0
txn_009571,989.41,Debit Card,network_timeout,Kotak,9,3,0,0,0.655,1
txn_009572,212.36,UPI,insufficient_funds,Axis,3,2,0,1,0.823,0
txn_009573,395.77,Credit Card,insufficient_funds,ICICI,4,1,0,1,0.888,1
txn_009574,3131.33,Debit Card,expired_card,Yes Bank,21,1,0,0,0.934,1
txn_009575,1001.97,UPI,insufficient_funds,HDFC,10,5,1,2,0.922,0
txn_009576,725.16,UPI,card_declined,IDFC,16,3,0,0,0.862,1
txn_009577,393.43,Netbanking,network_timeout,Axis,11,1,0,0,0.856,1
txn_009578,852.03,UPI,network_timeout,IDFC,3,0,0,1,0.811,1
txn_009579,164.35,Credit Card,card_declined,HDFC,3,0,0,0,0.569,0
txn_009580,291.95,UPI,bank_server_down,Axis,18,3,0,0,0.787,1
txn_009581,4316.46,Debit Card,network_timeout,Axis,8,6,1,1,0.85,0
txn_009582,1358.57,UPI,card_declined,Axis,17,2,0,0,0.849,1
txn_009583,1147.99,Netbanking,risk_flagged,Axis,9,3,0,1,0.733,1
txn_009584,674.2,Credit Card,insufficient_funds,Yes Bank,11,4,0,0,0.937,0
txn_009585,2320.47,Credit Card,card_declined,IDFC,22,0,0,1,0.356,1
txn_009586,1042.97,UPI,wrong_otp,IDFC,11,6,1,0,0.696,0
txn_009587,1300.87,Credit Card,expired_card,Axis,5,1,0,0,0.536,0
txn_009588,402.69,Debit Card,bank_server_down,Kotak,22,3,0,2,0.681,0
txn_009589,1105.7,UPI,insufficient_funds,ICICI,19,1,0,1,0.787,0
txn_009590,484.83,Debit Card,expired_card,HDFC,7,6,1,2,0.9,0
txn_009591,324.53,UPI,insufficient_funds,Yes Bank,2,1,0,3,0.725,0
txn_009592,307.35,UPI,bank_server_down,IDFC,14,2,0,4,0.622,0
txn_009593,488.09,Debit Card,network_timeout,Axis,4,2,0,0,0.484,1
txn_009594,985.93,Credit Card,insufficient_funds,SBI,9,3,0,0,0.387,0
txn_009595,1053.1,UPI,insufficient_funds,SBI,14,4,0,2,0.805,0
txn_009596,136.2,Netbanking,insufficient_funds,Axis,10,6,1,2,0.785,0
txn_009597,418.99,UPI,wrong_otp,Axis,0,3,0,0,0.94,0
txn_009598,1998.12,UPI,card_declined,HDFC,7,1,0,0,0.785,0
txn_009599,333.3,UPI,bank_server_down,Kotak,1,3,0,0,0.645,1
txn_009600,527.83,Netbanking,card_declined,Axis,21,0,0,0,0.59,1
txn_009601,3413.5,UPI,risk_flagged,IDFC,1,1,0,1,0.771,0
txn_009602,2075.78,Debit Card,insufficient_funds,SBI,23,6,1,0,0.607,0
txn_009603,1316.5,Debit Card,bank_server_down,IDFC,11,0,0,2,0.722,1
txn_009604,774.32,Credit Card,wrong_otp,ICICI,1,2,0,1,0.89,0
txn_009605,1150.2,Credit Card,network_timeout,Axis,2,1,0,0,0.524,1
txn_009606,2283.42,UPI,insufficient_funds,HDFC,0,4,0,2,0.954,0
txn_009607,748.67,Debit Card,card_declined,IDFC,22,0,0,1,0.392,0
txn_009608,1515.4,Netbanking,bank_server_down,Axis,8,3,0,0,0.582,1
txn_009609,559.72,UPI,card_declined,SBI,11,1,0,2,0.496,0
txn_009610,605.77,Debit Card,card_declined,Kotak,12,0,0,1,0.817,0
txn_009611,885.74,UPI,insufficient_funds,Kotak,6,5,1,1,0.883,0
txn_009612,299.81,UPI,bank_server_down,HDFC,0,5,1,1,0.861,1
txn_009613,7387.94,UPI,bank_server_down,IDFC,14,0,0,2,0.553,0
txn_009614,576.89,UPI,risk_flagged,Kotak,13,5,1,0,0.752,0
txn_009615,7064.6,Credit Card,risk_flagged,HDFC,9,4,0,0,0.978,0
txn_009616,207.25,Netbanking,risk_flagged,Axis,12,1,0,2,0.706,0
txn_009617,511.26,Credit Card,wrong_otp,SBI,2,0,0,1,0.713,0
txn_009618,621.36,Credit Card,bank_server_down,IDFC,8,6,1,1,0.166,1
txn_009619,1455.46,Netbanking,insufficient_funds,Yes Bank,2,1,0,0,0.917,0
txn_009620,518.2,Wallet,card_declined,Axis,7,2,0,0,0.362,1
txn_009621,133.14,UPI,insufficient_funds,Axis,19,4,0,0,0.932,1
txn_009622,154.25,Wallet,insufficient_funds,Yes Bank,11,2,0,1,0.962,1
txn_009623,308.65,Netbanking,network_timeout,SBI,17,2,0,0,0.581,0
txn_009624,433.66,Credit Card,risk_flagged,Axis,13,6,1,0,0.783,0
txn_009625,580.43,Credit Card,insufficient_funds,Axis,21,3,0,0,0.747,0
txn_009626,1317.04,Netbanking,expired_card,IDFC,20,0,0,1,0.667,0
txn_009627,682.06,UPI,wrong_otp,IDFC,0,0,0,0,0.501,0
txn_009628,168.99,UPI,bank_server_down,Yes Bank,22,2,0,0,0.745,0
txn_009629,3735.85,Debit Card,card_declined,Axis,0,4,0,0,0.804,0
txn_009630,1517.64,Credit Card,expired_card,Axis,6,3,0,2,0.432,0
txn_009631,1449.8,UPI,bank_server_down,SBI,17,0,0,0,0.66,1
txn_009632,694.07,UPI,network_timeout,IDFC,17,2,0,0,0.815,1
txn_009633,751.62,Wallet,card_declined,Kotak,3,4,0,1,0.354,1
txn_009634,1229.08,Debit Card,insufficient_funds,Axis,23,1,0,2,0.937,0
txn_009635,1528.85,UPI,insufficient_funds,Axis,19,5,1,0,0.619,1
txn_009636,231.71,UPI,wrong_otp,Kotak,12,0,0,1,0.699,0
txn_009637,775.79,Netbanking,expired_card,HDFC,14,2,0,1,0.761,1
txn_009638,651.51,Wallet,insufficient_funds,SBI,19,6,1,0,0.641,1
txn_009639,803.2,UPI,bank_server_down,IDFC,4,4,0,0,0.663,1
txn_009640,641.34,UPI,insufficient_funds,Kotak,22,3,0,1,0.836,0
txn_009641,2597.98,UPI,insufficient_funds,HDFC,16,3,0,0,0.797,1
txn_009642,929.83,Debit Card,insufficient_funds,Yes Bank,7,3,0,1,0.478,0
txn_009643,336.79,UPI,bank_server_down,Axis,0,3,0,0,0.613,1
txn_009644,435.25,UPI,insufficient_funds,Axis,17,1,0,2,0.381,1
txn_009645,2369.34,Debit Card,wrong_otp,ICICI,22,4,0,1,0.944,0
txn_009646,1285.42,UPI,bank_server_down,Yes Bank,5,4,0,0,0.547,1
txn_009647,537.72,Debit Card,insufficient_funds,ICICI,20,4,0,1,0.779,1
txn_009648,597.77,Netbanking,insufficient_funds,Axis,16,2,0,2,0.808,0
txn_009649,807.35,UPI,card_declined,SBI,21,3,0,0,0.388,0
txn_009650,672.23,Debit Card,insufficient_funds,Axis,2,6,1,0,0.626,0
txn_009651,229.21,UPI,network_timeout,Axis,14,6,1,1,0.72,1
txn_009652,1533.14,Credit Card,risk_flagged,ICICI,4,1,0,0,0.912,0
txn_009653,877.43,UPI,wrong_otp,Axis,8,3,0,1,0.651,0
txn_009654,937.57,Debit Card,card_declined,Yes Bank,16,4,0,2,0.385,0
txn_009655,1237.98,Debit Card,insufficient_funds,IDFC,13,3,0,1,0.716,0
txn_009656,1445.2,Credit Card,risk_flagged,SBI,4,4,0,0,0.705,0
txn_009657,1675.63,Credit Card,wrong_otp,Kotak,13,2,0,2,0.751,0
txn_009658,612.35,Debit Card,card_declined,ICICI,15,1,0,2,0.407,0
txn_009659,3325.44,Debit Card,wrong_otp,ICICI,3,6,1,3,0.518,0
txn_009660,218.38,Netbanking,card_declined,ICICI,11,6,1,1,0.426,0
txn_009661,3441.28,UPI,wrong_otp,Axis,21,0,0,0,0.919,1
txn_009662,149.97,UPI,expired_card,ICICI,10,6,1,1,0.904,1
txn_009663,786.21,Debit Card,bank_server_down,IDFC,12,5,1,0,0.841,0
txn_009664,1631.62,Debit Card,insufficient_funds,Yes Bank,9,6,1,1,0.955,1
txn_009665,3250.15,UPI,wrong_otp,SBI,17,5,1,2,0.724,1
txn_009666,684.69,Credit Card,bank_server_down,HDFC,0,0,0,0,0.95,0
txn_009667,1109.17,UPI,network_timeout,Yes Bank,15,5,1,1,0.745,1
txn_009668,640.49,Debit Card,insufficient_funds,ICICI,7,6,1,0,0.634,0
txn_009669,479.96,Debit Card,insufficient_funds,Axis,11,5,1,0,0.597,0
txn_009670,211.54,UPI,network_timeout,Kotak,13,1,0,0,0.898,1
txn_009671,745.21,Credit Card,insufficient_funds,IDFC,13,1,0,0,0.628,1
txn_009672,549.5,UPI,bank_server_down,Yes Bank,13,3,0,3,0.727,1
txn_009673,1967.48,UPI,card_declined,Yes Bank,12,6,1,0,0.977,0
txn_009674,1530.55,UPI,bank_server_down,IDFC,16,2,0,0,0.628,0
txn_009675,74.14,UPI,bank_server_down,Yes Bank,5,0,0,2,0.359,0
txn_009676,505.71,UPI,insufficient_funds,Axis,13,1,0,1,0.883,0
txn_009677,281.77,Credit Card,bank_server_down,Yes Bank,4,3,0,2,0.513,0
txn_009678,2792.89,Wallet,card_declined,IDFC,23,2,0,0,0.639,0
txn_009679,746.8,UPI,insufficient_funds,Kotak,20,3,0,0,0.491,0
txn_009680,74.23,Credit Card,card_declined,ICICI,20,1,0,1,0.899,1
txn_009681,442.43,Netbanking,network_timeout,Yes Bank,20,6,1,0,0.384,0
txn_009682,1270.35,UPI,network_timeout,Axis,19,4,0,0,0.751,1
txn_009683,1190.92,Credit Card,bank_server_down,Yes Bank,14,6,1,0,0.735,0
txn_009684,4181.33,UPI,network_timeout,Yes Bank,8,2,0,0,0.773,1
txn_009685,588.82,Wallet,insufficient_funds,SBI,4,1,0,0,0.933,0
txn_009686,115.32,UPI,bank_server_down,Kotak,23,5,1,0,0.954,1
txn_009687,544.56,UPI,card_declined,Kotak,13,6,1,0,0.658,0
txn_009688,307.29,Wallet,card_declined,Axis,3,4,0,1,0.782,0
txn_009689,737.16,UPI,expired_card,Kotak,23,3,0,0,0.835,1
txn_009690,1695.81,Netbanking,card_declined,Yes Bank,21,2,0,0,0.705,1
txn_009691,1015.71,UPI,insufficient_funds,ICICI,3,6,1,3,0.594,0
txn_009692,477.11,Credit Card,network_timeout,IDFC,14,0,0,0,0.771,1
txn_009693,512.73,Netbanking,card_declined,Yes Bank,16,2,0,2,0.794,0
txn_009694,298.63,UPI,insufficient_funds,Yes Bank,20,6,1,1,0.779,0
txn_009695,595.97,Netbanking,network_timeout,Kotak,22,5,1,0,0.213,1
txn_009696,175.25,UPI,network_timeout,ICICI,22,5,1,0,0.823,1
txn_009697,418.83,UPI,insufficient_funds,HDFC,9,5,1,0,0.772,1
txn_009698,696.63,UPI,card_declined,HDFC,17,0,0,0,0.7,0
txn_009699,648.44,UPI,risk_flagged,Yes Bank,9,4,0,1,0.83,0
txn_009700,2120.36,UPI,bank_server_down,Axis,15,0,0,1,0.63,1
txn_009701,2833.7,Debit Card,network_timeout,ICICI,4,0,0,0,0.8,1
txn_009702,306.28,Wallet,card_declined,ICICI,10,1,0,0,0.641,1
txn_009703,1106.88,Wallet,bank_server_down,SBI,11,5,1,0,0.537,0
txn_009704,314.34,Credit Card,bank_server_down,IDFC,1,0,0,0,0.693,1
txn_009705,815.84,UPI,wrong_otp,HDFC,18,3,0,0,0.942,1
txn_009706,189.16,Debit Card,bank_server_down,IDFC,9,0,0,2,0.723,1
txn_009707,379.99,UPI,card_declined,Yes Bank,14,0,0,1,0.667,1
txn_009708,55.98,Credit Card,network_timeout,SBI,4,4,0,0,0.742,1
txn_009709,1291.14,Netbanking,bank_server_down,ICICI,13,3,0,1,0.602,1
txn_009710,2660.08,Debit Card,risk_flagged,Kotak,15,1,0,0,0.545,0
txn_009711,421.29,Credit Card,expired_card,Axis,10,6,1,0,0.612,0
txn_009712,139.49,Credit Card,insufficient_funds,Yes Bank,1,4,0,0,0.476,1
txn_009713,795.56,Credit Card,card_declined,Axis,2,6,1,4,0.765,0
txn_009714,1916.12,UPI,insufficient_funds,Kotak,10,6,1,1,0.851,1
txn_009715,2038.81,UPI,network_timeout,ICICI,1,5,1,0,0.741,0
txn_009716,226.42,UPI,insufficient_funds,HDFC,8,6,1,1,0.629,0
txn_009717,436.8,Netbanking,risk_flagged,Axis,12,1,0,1,0.832,0
txn_009718,92.38,Wallet,insufficient_funds,IDFC,8,1,0,0,0.49,0
txn_009719,923.15,Wallet,risk_flagged,IDFC,8,4,0,1,0.749,0
txn_009720,267.71,Wallet,bank_server_down,Kotak,5,3,0,0,0.631,1
txn_009721,474.9,Netbanking,card_declined,Axis,10,4,0,0,0.589,1
txn_009722,554.42,Netbanking,network_timeout,Kotak,2,4,0,1,0.584,0
txn_009723,330.59,Credit Card,insufficient_funds,HDFC,6,6,1,0,0.877,0
txn_009724,252.02,Wallet,insufficient_funds,Kotak,1,6,1,0,0.703,0
txn_009725,997.81,UPI,risk_flagged,Axis,18,2,0,1,0.795,0
txn_009726,1785.4,Credit Card,network_timeout,SBI,16,4,0,1,0.944,1
txn_009727,1270.96,UPI,bank_server_down,IDFC,18,3,0,3,0.858,0
txn_009728,3165.66,UPI,insufficient_funds,SBI,0,1,0,0,0.992,0
txn_009729,2627.78,Wallet,risk_flagged,Yes Bank,2,5,1,0,0.74,0
txn_009730,806.37,Debit Card,expired_card,ICICI,8,6,1,3,0.442,0
txn_009731,1792.53,UPI,network_timeout,IDFC,2,3,0,0,0.744,0
txn_009732,122.38,UPI,expired_card,HDFC,3,0,0,1,0.512,1
txn_009733,1143.54,UPI,insufficient_funds,ICICI,17,0,0,0,0.939,1
txn_009734,835.46,UPI,bank_server_down,IDFC,2,1,0,1,0.676,1
txn_009735,613.79,UPI,insufficient_funds,Axis,0,0,0,1,0.685,1
txn_009736,864.71,Netbanking,insufficient_funds,ICICI,3,2,0,1,0.866,0
txn_009737,1198.53,UPI,wrong_otp,ICICI,3,0,0,1,0.591,1
txn_009738,294.45,UPI,bank_server_down,SBI,21,4,0,0,0.571,1
txn_009739,406.71,Debit Card,wrong_otp,ICICI,7,2,0,1,0.577,1
txn_009740,776.52,Debit Card,insufficient_funds,HDFC,17,0,0,0,0.6,0
txn_009741,481.56,UPI,network_timeout,Kotak,4,1,0,1,0.836,1
txn_009742,463.51,UPI,bank_server_down,Axis,5,5,1,0,0.877,1
txn_009743,546.37,UPI,bank_server_down,ICICI,14,5,1,0,0.426,1
txn_009744,159.71,Debit Card,network_timeout,Yes Bank,21,5,1,1,0.52,1
txn_009745,11403.65,Debit Card,bank_server_down,Kotak,7,2,0,1,0.562,0
txn_009746,602.22,Netbanking,wrong_otp,HDFC,9,4,0,3,0.775,0
txn_009747,485.84,UPI,wrong_otp,IDFC,12,5,1,0,0.968,1
txn_009748,228.96,Netbanking,insufficient_funds,IDFC,8,0,0,1,0.77,1
txn_009749,1540.52,UPI,bank_server_down,Yes Bank,0,5,1,1,0.504,1
txn_009750,1211.23,Credit Card,card_declined,IDFC,20,0,0,0,0.743,0
txn_009751,354.99,Credit Card,card_declined,SBI,2,3,0,0,0.596,0
txn_009752,583.87,Debit Card,card_declined,SBI,15,6,1,1,0.687,1
txn_009753,834.44,Debit Card,insufficient_funds,IDFC,10,2,0,2,0.804,0
txn_009754,756.72,UPI,card_declined,Kotak,3,1,0,0,0.914,1
txn_009755,938.41,UPI,network_timeout,SBI,10,5,1,1,0.702,0
txn_009756,1545.46,UPI,network_timeout,Yes Bank,20,2,0,0,0.775,1
txn_009757,1004.9,Debit Card,insufficient_funds,IDFC,5,0,0,0,0.757,0
txn_009758,546.89,Debit Card,wrong_otp,SBI,18,6,1,1,0.151,0
txn_009759,1280.14,Debit Card,insufficient_funds,IDFC,0,5,1,0,0.78,0
txn_009760,736.02,UPI,network_timeout,HDFC,10,1,0,1,0.712,1
txn_009761,405.55,Wallet,card_declined,Axis,21,6,1,0,0.827,1
txn_009762,918.85,Debit Card,insufficient_funds,Yes Bank,4,6,1,0,0.879,0
txn_009763,854.79,Wallet,risk_flagged,Yes Bank,18,5,1,1,0.642,0
txn_009764,1924.5,Credit Card,insufficient_funds,Yes Bank,23,3,0,0,0.369,1
txn_009765,396.65,Credit Card,risk_flagged,SBI,3,5,1,0,0.839,1
txn_009766,3216.96,UPI,expired_card,Yes Bank,1,4,0,0,0.652,0
txn_009767,747.8,Netbanking,wrong_otp,HDFC,2,0,0,1,0.996,1
txn_009768,3796.22,Debit Card,insufficient_funds,ICICI,4,5,1,1,0.986,0
txn_009769,659.16,UPI,network_timeout,ICICI,5,3,0,1,0.659,1
txn_009770,505.22,Debit Card,insufficient_funds,ICICI,12,5,1,1,0.517,0
txn_009771,783.17,UPI,card_declined,IDFC,11,0,0,0,0.789,0
txn_009772,637.81,Wallet,expired_card,Yes Bank,3,5,1,1,0.575,0
txn_009773,1894.67,Netbanking,wrong_otp,Axis,13,2,0,1,0.693,0
txn_009774,950.65,UPI,card_declined,HDFC,0,6,1,1,0.553,0
txn_009775,1890.6,Debit Card,bank_server_down,ICICI,0,4,0,0,0.754,0
txn_009776,851.83,UPI,risk_flagged,SBI,22,0,0,1,0.549,0
txn_009777,267.13,Debit Card,network_timeout,HDFC,17,0,0,0,0.861,1
txn_009778,314.03,UPI,expired_card,ICICI,16,6,1,0,0.867,0
txn_009779,2097.8,Credit Card,card_declined,Yes Bank,16,0,0,1,0.748,1
txn_009780,549.2,Wallet,insufficient_funds,IDFC,16,3,0,0,0.837,0
txn_009781,225.07,Debit Card,bank_server_down,ICICI,19,5,1,0,0.696,1
txn_009782,2704.09,Credit Card,insufficient_funds,Kotak,17,2,0,0,0.839,1
txn_009783,665.14,Debit Card,bank_server_down,HDFC,19,0,0,0,0.707,1
txn_009784,2535.6,UPI,network_timeout,Kotak,10,3,0,0,0.761,1
txn_009785,735.71,Debit Card,risk_flagged,SBI,1,2,0,0,0.474,0
txn_009786,905.68,Netbanking,card_declined,IDFC,22,6,1,0,0.289,0
txn_009787,709.58,UPI,card_declined,HDFC,11,6,1,1,0.818,1
txn_009788,1331.56,Credit Card,insufficient_funds,HDFC,17,3,0,1,0.516,0
txn_009789,506.09,Debit Card,insufficient_funds,Kotak,13,5,1,2,0.683,0
txn_009790,809.76,Credit Card,insufficient_funds,Kotak,23,5,1,0,0.578,1
txn_009791,252.0,Credit Card,bank_server_down,Axis,4,4,0,0,0.458,1
txn_009792,507.58,Debit Card,wrong_otp,HDFC,17,1,0,0,0.772,0
txn_009793,580.63,Credit Card,card_declined,Axis,23,0,0,1,0.429,1
txn_009794,961.95,UPI,network_timeout,Kotak,3,4,0,0,0.786,0
txn_009795,138.83,UPI,bank_server_down,Axis,6,5,1,1,0.848,1
txn_009796,61.23,UPI,insufficient_funds,IDFC,3,0,0,2,0.923,0
txn_009797,840.31,Debit Card,bank_server_down,HDFC,23,6,1,0,0.828,1
txn_009798,1252.59,UPI,expired_card,HDFC,19,6,1,0,0.544,0
txn_009799,241.8,UPI,insufficient_funds,SBI,12,3,0,0,0.486,1
txn_009800,565.07,UPI,insufficient_funds,SBI,1,2,0,0,0.722,1
txn_009801,909.54,Netbanking,network_timeout,Axis,5,6,1,2,0.774,1
txn_009802,435.37,Debit Card,risk_flagged,Kotak,21,3,0,0,0.46,1
txn_009803,599.16,UPI,risk_flagged,IDFC,10,4,0,4,0.865,0
txn_009804,602.38,UPI,bank_server_down,SBI,23,0,0,0,0.905,0
txn_009805,322.26,Credit Card,insufficient_funds,IDFC,10,5,1,1,0.67,0
txn_009806,274.47,UPI,insufficient_funds,Axis,13,2,0,1,0.784,0
txn_009807,469.97,Debit Card,bank_server_down,Axis,16,0,0,2,0.399,0
txn_009808,895.02,UPI,insufficient_funds,Yes Bank,9,3,0,0,0.517,0
txn_009809,1037.62,Debit Card,network_timeout,SBI,3,6,1,0,0.712,1
txn_009810,737.3,Netbanking,network_timeout,SBI,19,5,1,0,0.59,1
txn_009811,864.39,Netbanking,bank_server_down,IDFC,12,6,1,2,0.396,0
txn_009812,444.79,UPI,card_declined,ICICI,18,6,1,0,0.681,0
txn_009813,642.8,UPI,insufficient_funds,ICICI,15,5,1,1,0.775,0
txn_009814,2506.11,Debit Card,insufficient_funds,IDFC,1,4,0,0,0.9,0
txn_009815,3134.81,Credit Card,bank_server_down,Kotak,5,5,1,0,0.404,0
txn_009816,2419.61,Debit Card,bank_server_down,SBI,11,4,0,1,0.669,0
txn_009817,1120.52,Credit Card,card_declined,ICICI,9,6,1,0,0.585,1
txn_009818,45.13,Credit Card,risk_flagged,Axis,10,0,0,0,0.368,0
txn_009819,5671.71,UPI,network_timeout,IDFC,6,4,0,1,0.669,1
txn_009820,4641.73,UPI,card_declined,Kotak,15,1,0,1,0.557,0
txn_009821,253.43,Wallet,wrong_otp,Axis,7,6,1,2,0.684,0
txn_009822,1217.71,UPI,card_declined,Yes Bank,10,2,0,1,0.918,1
txn_009823,245.98,UPI,wrong_otp,Axis,4,6,1,0,0.896,0
txn_009824,1750.96,Debit Card,insufficient_funds,Kotak,18,1,0,2,0.685,0
txn_009825,1202.72,Credit Card,insufficient_funds,Axis,3,1,0,1,0.379,0
txn_009826,1687.59,UPI,card_declined,Kotak,20,4,0,0,0.828,0
txn_009827,213.35,Credit Card,card_declined,Yes Bank,17,0,0,0,0.796,1
txn_009828,747.07,UPI,insufficient_funds,HDFC,1,1,0,2,0.906,0
txn_009829,271.1,UPI,bank_server_down,Axis,20,0,0,0,0.854,1
txn_009830,1325.39,UPI,card_declined,ICICI,4,5,1,0,0.7,0
txn_009831,415.57,UPI,wrong_otp,SBI,4,4,0,0,0.969,0
txn_009832,241.39,Wallet,network_timeout,ICICI,11,3,0,2,0.92,0
txn_009833,907.68,Credit Card,card_declined,ICICI,4,5,1,1,0.68,0
txn_009834,2407.11,UPI,network_timeout,Kotak,17,1,0,1,0.788,0
txn_009835,345.6,UPI,risk_flagged,IDFC,8,2,0,0,0.762,0
txn_009836,166.8,UPI,bank_server_down,ICICI,15,1,0,1,0.638,0
txn_009837,3216.63,UPI,risk_flagged,IDFC,11,4,0,1,0.707,1
txn_009838,742.44,Debit Card,network_timeout,Axis,2,3,0,0,0.958,0
txn_009839,265.32,UPI,insufficient_funds,Axis,19,2,0,1,0.765,0
txn_009840,408.95,Wallet,network_timeout,SBI,17,3,0,1,0.745,1
txn_009841,1707.62,Debit Card,expired_card,Kotak,9,1,0,1,0.762,0
txn_009842,1037.19,Netbanking,insufficient_funds,ICICI,19,1,0,2,0.588,0
txn_009843,595.59,Netbanking,card_declined,HDFC,7,1,0,1,0.904,0
txn_009844,1337.64,Wallet,wrong_otp,HDFC,5,5,1,1,0.758,0
txn_009845,1065.25,Debit Card,wrong_otp,Axis,8,6,1,0,0.925,1
txn_009846,370.6,Debit Card,network_timeout,SBI,5,0,0,0,0.626,1
txn_009847,1107.47,Credit Card,bank_server_down,HDFC,21,6,1,1,0.556,1
txn_009848,200.08,UPI,card_declined,HDFC,13,0,0,0,0.755,0
txn_009849,1381.32,Credit Card,expired_card,SBI,3,5,1,1,0.932,0
txn_009850,584.17,UPI,wrong_otp,Kotak,16,1,0,1,0.758,1
txn_009851,2550.86,Debit Card,insufficient_funds,Axis,19,2,0,0,0.62,1
txn_009852,801.51,Netbanking,wrong_otp,ICICI,17,5,1,2,0.595,0
txn_009853,606.26,UPI,network_timeout,ICICI,18,2,0,0,0.685,1
txn_009854,101.1,UPI,insufficient_funds,Kotak,18,0,0,1,0.817,1
txn_009855,675.63,UPI,wrong_otp,Axis,23,5,1,1,0.732,1
txn_009856,3710.24,Netbanking,risk_flagged,ICICI,19,0,0,1,0.959,0
txn_009857,53.52,UPI,insufficient_funds,IDFC,22,4,0,2,0.706,0
txn_009858,153.37,UPI,network_timeout,Kotak,10,3,0,1,0.552,1
txn_009859,516.11,Netbanking,wrong_otp,IDFC,0,6,1,1,0.709,1
txn_009860,234.47,Credit Card,network_timeout,ICICI,5,1,0,0,0.545,0
txn_009861,368.21,UPI,card_declined,HDFC,10,5,1,0,0.703,0
txn_009862,155.24,UPI,insufficient_funds,IDFC,16,1,0,0,0.886,1
txn_009863,1374.79,Netbanking,bank_server_down,Kotak,15,4,0,0,0.794,1
txn_009864,137.67,UPI,risk_flagged,Axis,3,5,1,0,0.378,0
txn_009865,2908.11,Credit Card,card_declined,ICICI,6,2,0,0,0.706,0
txn_009866,4865.71,Credit Card,bank_server_down,ICICI,0,2,0,1,0.845,1
txn_009867,1942.71,UPI,risk_flagged,HDFC,5,1,0,2,0.79,0
txn_009868,427.59,UPI,wrong_otp,HDFC,23,2,0,4,0.589,0
txn_009869,288.54,UPI,insufficient_funds,IDFC,20,2,0,0,0.662,1
txn_009870,1055.51,Credit Card,bank_server_down,Axis,0,3,0,2,0.833,1
txn_009871,550.48,Netbanking,insufficient_funds,SBI,19,1,0,0,0.702,0
txn_009872,1568.78,Debit Card,network_timeout,ICICI,23,4,0,1,0.906,0
txn_009873,523.14,Debit Card,wrong_otp,ICICI,6,4,0,0,0.877,1
txn_009874,699.97,UPI,wrong_otp,HDFC,10,3,0,0,0.835,1
txn_009875,810.95,Credit Card,wrong_otp,HDFC,0,4,0,0,0.646,0
txn_009876,1505.92,Credit Card,insufficient_funds,HDFC,6,1,0,0,0.702,1
txn_009877,334.45,UPI,card_declined,ICICI,1,1,0,1,0.357,0
txn_009878,4062.62,Wallet,expired_card,ICICI,12,5,1,0,0.907,0
txn_009879,746.31,Debit Card,network_timeout,IDFC,4,1,0,1,0.882,1
txn_009880,93.65,UPI,bank_server_down,SBI,16,4,0,0,0.809,1
txn_009881,359.88,UPI,bank_server_down,SBI,2,6,1,0,0.614,0
txn_009882,186.67,Credit Card,wrong_otp,SBI,6,3,0,3,0.922,0
txn_009883,121.19,UPI,risk_flagged,SBI,7,1,0,0,0.696,0
txn_009884,271.81,Credit Card,card_declined,ICICI,10,6,1,0,0.839,1
txn_009885,1041.28,UPI,bank_server_down,Axis,11,0,0,0,0.837,0
txn_009886,440.09,Netbanking,bank_server_down,ICICI,16,5,1,2,0.766,0
txn_009887,342.25,UPI,bank_server_down,HDFC,1,6,1,0,0.754,1
txn_009888,749.4,UPI,risk_flagged,Kotak,22,6,1,1,0.88,0
txn_009889,526.66,Credit Card,network_timeout,HDFC,14,6,1,1,0.571,1
txn_009890,787.88,UPI,expired_card,Axis,23,3,0,1,0.821,0
txn_009891,693.71,UPI,insufficient_funds,Kotak,15,5,1,1,0.803,1
txn_009892,282.3,Credit Card,insufficient_funds,ICICI,5,1,0,0,0.823,0
txn_009893,110.62,UPI,bank_server_down,Axis,17,3,0,1,0.565,1
txn_009894,663.89,UPI,network_timeout,SBI,7,1,0,0,0.716,1
txn_009895,2470.55,Debit Card,bank_server_down,ICICI,15,5,1,1,0.725,1
txn_009896,671.98,UPI,risk_flagged,Yes Bank,18,4,0,2,0.775,0
txn_009897,157.71,UPI,card_declined,Yes Bank,15,3,0,1,0.626,0
txn_009898,338.1,UPI,insufficient_funds,SBI,15,0,0,1,0.626,0
txn_009899,162.16,Debit Card,network_timeout,SBI,23,2,0,0,0.859,0
txn_009900,2328.25,Credit Card,card_declined,Yes Bank,14,6,1,0,0.342,0
txn_009901,311.08,Wallet,network_timeout,Yes Bank,12,2,0,2,0.74,1
txn_009902,297.89,UPI,wrong_otp,HDFC,20,6,1,1,0.761,0
txn_009903,5224.91,UPI,insufficient_funds,Kotak,4,1,0,0,0.644,0
txn_009904,425.8,Wallet,network_timeout,Kotak,7,4,0,0,0.928,0
txn_009905,788.28,Debit Card,bank_server_down,Yes Bank,20,2,0,1,0.927,0
txn_009906,925.83,Credit Card,insufficient_funds,HDFC,21,5,1,1,0.613,1
txn_009907,307.39,UPI,insufficient_funds,Kotak,5,2,0,2,0.683,0
txn_009908,756.26,UPI,bank_server_down,ICICI,17,0,0,0,0.424,1
txn_009909,1160.22,Netbanking,card_declined,SBI,9,1,0,0,0.799,1
txn_009910,936.52,Debit Card,insufficient_funds,SBI,23,0,0,0,0.984,1
txn_009911,834.73,UPI,insufficient_funds,ICICI,19,5,1,1,0.636,0
txn_009912,1079.0,Credit Card,card_declined,HDFC,7,0,0,1,0.677,0
txn_009913,680.32,Debit Card,insufficient_funds,Axis,8,1,0,1,0.83,1
txn_009914,205.79,UPI,bank_server_down,ICICI,18,6,1,0,0.627,0
txn_009915,2778.07,UPI,insufficient_funds,IDFC,20,0,0,1,0.441,0
txn_009916,2763.22,UPI,bank_server_down,SBI,23,2,0,0,0.768,1
txn_009917,616.85,Netbanking,expired_card,Axis,0,6,1,1,0.753,1
txn_009918,1000.58,UPI,insufficient_funds,SBI,14,6,1,2,0.768,0
txn_009919,416.32,Debit Card,insufficient_funds,Kotak,13,4,0,2,0.57,0
txn_009920,3171.09,UPI,network_timeout,HDFC,7,5,1,1,0.872,1
txn_009921,1386.56,Wallet,expired_card,HDFC,9,6,1,0,0.827,0
txn_009922,420.43,Credit Card,insufficient_funds,IDFC,22,4,0,4,0.555,0
txn_009923,865.32,Netbanking,wrong_otp,IDFC,4,0,0,0,0.791,0
txn_009924,251.61,UPI,risk_flagged,HDFC,0,6,1,2,0.664,0
txn_009925,631.68,UPI,bank_server_down,Axis,10,2,0,0,0.853,1
txn_009926,582.7,Debit Card,card_declined,HDFC,16,4,0,0,0.845,1
txn_009927,1150.58,Debit Card,insufficient_funds,HDFC,0,1,0,1,0.514,1
txn_009928,303.6,Credit Card,card_declined,Kotak,3,3,0,0,0.617,0
txn_009929,1429.22,UPI,expired_card,HDFC,7,4,0,0,0.746,0
txn_009930,509.6,Netbanking,card_declined,IDFC,2,2,0,1,0.721,0
txn_009931,389.81,Debit Card,wrong_otp,Kotak,6,0,0,0,0.784,0
txn_009932,432.58,Credit Card,insufficient_funds,SBI,11,1,0,1,0.761,0
txn_009933,1813.55,Netbanking,bank_server_down,Yes Bank,10,2,0,0,0.715,1
txn_009934,375.17,Credit Card,bank_server_down,ICICI,12,3,0,0,0.704,1
txn_009935,1289.91,UPI,insufficient_funds,Kotak,20,0,0,1,0.697,0
txn_009936,3574.96,Wallet,wrong_otp,SBI,20,2,0,0,0.87,1
txn_009937,366.61,UPI,bank_server_down,HDFC,8,5,1,0,0.809,1
txn_009938,778.81,Credit Card,insufficient_funds,SBI,6,0,0,2,0.813,0
txn_009939,561.26,UPI,risk_flagged,HDFC,22,2,0,1,0.692,0
txn_009940,549.84,Wallet,insufficient_funds,Kotak,16,0,0,0,0.607,0
txn_009941,710.64,Debit Card,card_declined,SBI,16,3,0,0,0.659,1
txn_009942,768.31,Debit Card,network_timeout,SBI,22,6,1,1,0.95,1
txn_009943,343.27,Wallet,wrong_otp,Axis,17,5,1,1,0.813,1
txn_009944,1158.91,Wallet,risk_flagged,Yes Bank,18,6,1,1,0.638,0
txn_009945,134.61,UPI,bank_server_down,IDFC,9,1,0,1,0.767,1
txn_009946,1210.0,UPI,card_declined,Yes Bank,12,3,0,0,0.3,1
txn_009947,164.83,Netbanking,card_declined,Yes Bank,18,1,0,0,0.798,0
txn_009948,77.74,UPI,bank_server_down,ICICI,4,3,0,1,0.877,1
txn_009949,203.85,Wallet,bank_server_down,Yes Bank,15,5,1,2,0.737,1
txn_009950,144.34,Credit Card,card_declined,IDFC,3,5,1,0,0.789,0
txn_009951,469.58,Wallet,risk_flagged,Axis,3,5,1,0,0.536,0
txn_009952,2562.38,Debit Card,bank_server_down,Yes Bank,21,2,0,0,0.296,1
txn_009953,509.53,Netbanking,card_declined,Kotak,20,0,0,1,0.694,1
txn_009954,879.64,Netbanking,network_timeout,Yes Bank,20,0,0,0,0.782,0
txn_009955,813.29,Debit Card,bank_server_down,ICICI,1,4,0,0,0.711,1
txn_009956,538.89,Debit Card,card_declined,Yes Bank,3,6,1,0,0.564,0
txn_009957,249.37,UPI,wrong_otp,IDFC,3,1,0,0,0.283,0
txn_009958,632.44,Debit Card,insufficient_funds,Yes Bank,0,1,0,1,0.705,1
txn_009959,678.1,UPI,risk_flagged,SBI,10,2,0,1,0.649,0
txn_009960,693.34,UPI,network_timeout,IDFC,0,2,0,0,0.781,1
txn_009961,2796.13,Netbanking,network_timeout,HDFC,16,6,1,1,0.447,1
txn_009962,948.84,UPI,bank_server_down,Yes Bank,5,3,0,1,0.712,1
txn_009963,419.77,UPI,bank_server_down,SBI,5,4,0,0,0.647,0
txn_009964,767.43,UPI,card_declined,HDFC,1,4,0,0,0.814,0
txn_009965,1690.06,UPI,bank_server_down,ICICI,19,6,1,0,0.628,1
txn_009966,1959.42,Netbanking,insufficient_funds,Yes Bank,18,4,0,1,0.799,0
txn_009967,6636.26,UPI,risk_flagged,ICICI,19,1,0,1,0.605,0
txn_009968,712.49,Credit Card,wrong_otp,Kotak,12,2,0,0,0.749,0
txn_009969,830.91,Debit Card,insufficient_funds,Yes Bank,13,0,0,0,0.359,0
txn_009970,1063.73,Wallet,insufficient_funds,IDFC,1,0,0,2,0.61,0
txn_009971,455.28,UPI,expired_card,SBI,15,2,0,2,0.274,0
txn_009972,1582.59,UPI,wrong_otp,SBI,1,4,0,1,0.517,0
txn_009973,5923.67,Credit Card,expired_card,ICICI,20,4,0,0,0.433,0
txn_009974,132.22,Credit Card,card_declined,Yes Bank,13,6,1,0,0.856,1
txn_009975,1560.41,Credit Card,card_declined,SBI,15,6,1,0,0.505,0
txn_009976,553.55,UPI,insufficient_funds,IDFC,23,3,0,0,0.85,0
txn_009977,1014.4,Debit Card,network_timeout,ICICI,0,5,1,1,0.836,0
txn_009978,1096.4,Debit Card,expired_card,SBI,16,0,0,1,0.696,0
txn_009979,1391.1,Netbanking,card_declined,Kotak,20,3,0,0,0.584,0
txn_009980,267.09,Credit Card,expired_card,SBI,3,2,0,1,0.659,0
txn_009981,325.86,Debit Card,insufficient_funds,IDFC,10,6,1,0,0.765,0
txn_009982,904.41,UPI,bank_server_down,SBI,8,3,0,0,0.967,1
txn_009983,1238.02,UPI,insufficient_funds,SBI,20,1,0,0,0.517,0
txn_009984,144.68,UPI,insufficient_funds,Kotak,14,5,1,2,0.677,0
txn_009985,947.44,UPI,bank_server_down,ICICI,21,6,1,0,0.329,1
txn_009986,166.91,Credit Card,network_timeout,SBI,20,2,0,0,0.538,1
txn_009987,41.13,UPI,network_timeout,Kotak,14,0,0,0,0.972,1
txn_009988,251.7,Debit Card,network_timeout,IDFC,14,4,0,1,0.577,1
txn_009989,3899.57,UPI,card_declined,Axis,4,2,0,0,0.696,1
txn_009990,225.84,Credit Card,risk_flagged,SBI,15,4,0,1,0.839,1
txn_009991,3844.65,Credit Card,wrong_otp,Kotak,14,0,0,0,0.546,0
txn_009992,317.32,Debit Card,wrong_otp,Yes Bank,17,5,1,1,0.97,1
txn_009993,959.15,UPI,insufficient_funds,ICICI,19,5,1,0,0.903,0
txn_009994,2132.07,Credit Card,bank_server_down,Kotak,2,1,0,1,0.83,0
txn_009995,249.91,UPI,insufficient_funds,Yes Bank,16,3,0,0,0.596,0
txn_009996,933.55,UPI,insufficient_funds,Axis,22,4,0,1,0.813,0
txn_009997,375.95,Netbanking,insufficient_funds,Axis,23,1,0,0,0.961,0
txn_009998,3690.61,Debit Card,insufficient_funds,Yes Bank,1,5,1,2,0.763,0
txn_009999,1189.5,Credit Card,bank_server_down,Axis,13,6,1,1,0.818,0
txn_010000,172.42,UPI,bank_server_down,SBI,13,3,0,1,0.678,1
txn_010001,1145.62,Credit Card,risk_flagged,HDFC,23,3,0,1,0.85,0
txn_010002,1200.32,Credit Card,bank_server_down,HDFC,0,3,0,1,0.603,1
txn_010003,172.18,UPI,insufficient_funds,SBI,23,6,1,1,0.433,0
txn_010004,546.23,UPI,network_timeout,Kotak,6,3,0,1,0.732,1
txn_010005,873.22,Netbanking,network_timeout,Yes Bank,21,3,0,0,0.903,1
txn_010006,374.59,UPI,insufficient_funds,SBI,18,6,1,0,0.714,0
txn_010007,3133.86,Debit Card,insufficient_funds,Axis,18,4,0,1,0.936,1
txn_010008,3132.91,UPI,bank_server_down,ICICI,22,1,0,1,0.821,0
txn_010009,243.33,UPI,wrong_otp,Axis,4,1,0,0,0.956,0
txn_010010,354.02,Debit Card,wrong_otp,IDFC,11,2,0,0,0.925,0
txn_010011,1188.85,UPI,card_declined,Kotak,16,2,0,0,0.806,1
txn_010012,99.27,UPI,network_timeout,IDFC,20,3,0,1,0.823,1
txn_010013,133.23,UPI,insufficient_funds,IDFC,15,2,0,1,0.584,0
txn_010014,219.95,Wallet,insufficient_funds,HDFC,7,1,0,0,0.812,0
txn_010015,157.58,Debit Card,bank_server_down,IDFC,16,6,1,0,0.726,1
txn_010016,726.68,Credit Card,bank_server_down,Kotak,18,5,1,1,0.638,1
txn_010017,6495.34,Credit Card,card_declined,ICICI,5,6,1,1,0.832,0
txn_010018,671.06,Credit Card,network_timeout,IDFC,2,0,0,0,0.604,0
txn_010019,135.16,UPI,card_declined,IDFC,6,5,1,0,0.715,0
txn_010020,5231.23,Credit Card,card_declined,Kotak,16,0,0,1,0.4,0
txn_010021,913.92,Debit Card,insufficient_funds,IDFC,4,5,1,2,0.788,0
txn_010022,281.79,Credit Card,insufficient_funds,Yes Bank,17,1,0,0,0.922,0
txn_010023,391.97,Wallet,insufficient_funds,Kotak,6,3,0,1,0.787,0
txn_010024,788.07,UPI,network_timeout,ICICI,3,3,0,0,0.603,0
txn_010025,1717.35,UPI,bank_server_down,ICICI,0,1,0,0,0.596,0
txn_010026,306.49,Credit Card,risk_flagged,HDFC,22,6,1,1,0.794,0
txn_010027,515.54,Debit Card,bank_server_down,ICICI,10,3,0,0,0.937,0
txn_010028,382.27,Credit Card,insufficient_funds,ICICI,7,0,0,2,0.794,0
txn_010029,277.09,UPI,risk_flagged,Axis,11,3,0,0,0.881,0
txn_010030,347.66,UPI,insufficient_funds,Axis,14,1,0,0,0.858,0
txn_010031,337.33,Credit Card,insufficient_funds,IDFC,17,5,1,2,0.404,0
txn_010032,6345.66,Credit Card,wrong_otp,HDFC,5,6,1,0,0.831,1
txn_010033,262.92,Netbanking,risk_flagged,Kotak,11,3,0,1,0.737,1
txn_010034,2073.74,UPI,insufficient_funds,IDFC,21,2,0,2,0.846,0
txn_010035,121.07,UPI,insufficient_funds,ICICI,16,0,0,0,0.744,0
txn_010036,709.27,UPI,network_timeout,Yes Bank,5,4,0,0,0.877,1
txn_010037,332.73,Credit Card,insufficient_funds,Yes Bank,20,2,0,0,0.645,0
txn_010038,167.04,Credit Card,insufficient_funds,Axis,22,2,0,2,0.951,0
txn_010039,93.3,Debit Card,network_timeout,SBI,3,5,1,3,0.962,0
txn_010040,533.15,Credit Card,bank_server_down,HDFC,14,5,1,1,0.914,1
txn_010041,128.97,UPI,wrong_otp,SBI,15,3,0,0,0.932,0
txn_010042,2273.49,Credit Card,bank_server_down,SBI,2,3,0,1,0.495,0
txn_010043,1249.32,UPI,bank_server_down,ICICI,9,4,0,0,0.707,1
txn_010044,996.82,UPI,insufficient_funds,Yes Bank,8,0,0,0,0.965,0
txn_010045,90.55,Debit Card,card_declined,Yes Bank,16,4,0,1,0.871,0
txn_010046,489.61,Netbanking,network_timeout,HDFC,7,5,1,3,0.929,0
txn_010047,265.87,Debit Card,bank_server_down,HDFC,10,6,1,0,0.817,1
txn_010048,923.56,Netbanking,card_declined,SBI,18,2,0,0,0.874,1
txn_010049,640.43,Credit Card,wrong_otp,SBI,9,1,0,1,0.603,1
txn_010050,700.64,Debit Card,expired_card,SBI,1,1,0,0,0.558,0
txn_010051,1612.51,UPI,network_timeout,ICICI,13,3,0,0,0.792,1
txn_010052,212.72,Credit Card,bank_server_down,ICICI,5,1,0,0,0.806,0
txn_010053,987.04,UPI,insufficient_funds,Kotak,22,3,0,0,0.244,1
txn_010054,369.44,Credit Card,insufficient_funds,ICICI,10,4,0,1,0.808,1
txn_010055,384.56,Debit Card,network_timeout,Axis,8,6,1,1,0.749,1
txn_010056,151.18,Debit Card,wrong_otp,IDFC,20,3,0,2,0.704,0
txn_010057,520.96,Wallet,wrong_otp,Kotak,12,4,0,1,0.76,0
txn_010058,1341.74,UPI,bank_server_down,ICICI,15,5,1,2,0.467,0
txn_010059,400.91,Netbanking,network_timeout,SBI,15,0,0,0,0.879,0
txn_010060,767.22,Debit Card,insufficient_funds,Kotak,19,1,0,1,0.465,0
txn_010061,1250.33,Debit Card,insufficient_funds,ICICI,3,6,1,1,0.467,0
txn_010062,220.2,Wallet,wrong_otp,IDFC,3,3,0,0,0.591,0
txn_010063,377.08,Credit Card,card_declined,IDFC,17,4,0,0,0.712,1
txn_010064,929.81,Credit Card,insufficient_funds,Kotak,10,1,0,0,0.489,1
txn_010065,154.45,Wallet,insufficient_funds,Yes Bank,10,2,0,1,0.607,0
txn_010066,469.3,Netbanking,insufficient_funds,HDFC,6,4,0,1,0.864,0
txn_010067,516.74,Debit Card,insufficient_funds,Axis,8,3,0,2,0.703,1
txn_010068,105.33,Debit Card,card_declined,ICICI,4,1,0,1,0.679,0
txn_010069,515.93,Credit Card,card_declined,Kotak,19,0,0,0,0.731,0
txn_010070,869.02,UPI,wrong_otp,Yes Bank,8,1,0,0,0.401,1
txn_010071,402.35,UPI,wrong_otp,IDFC,15,5,1,0,0.937,1
txn_010072,172.66,Wallet,wrong_otp,HDFC,16,0,0,0,0.773,0
txn_010073,1442.59,Netbanking,wrong_otp,ICICI,0,1,0,4,0.586,0
txn_010074,506.49,Debit Card,bank_server_down,Axis,17,0,0,1,0.573,1
txn_010075,4858.61,UPI,bank_server_down,Axis,3,1,0,1,0.401,1
txn_010076,1048.68,Debit Card,insufficient_funds,Axis,18,1,0,0,0.902,0
txn_010077,525.59,Debit Card,bank_server_down,ICICI,7,0,0,2,0.577,1
txn_010078,475.62,UPI,insufficient_funds,ICICI,7,5,1,0,0.542,0
txn_010079,1381.78,UPI,risk_flagged,SBI,17,2,0,0,0.593,0
txn_010080,3034.08,Credit Card,bank_server_down,SBI,13,2,0,0,0.614,1
txn_010081,468.89,Debit Card,wrong_otp,ICICI,16,3,0,0,0.711,0
txn_010082,1500.61,UPI,bank_server_down,ICICI,1,4,0,1,0.635,0
txn_010083,1467.61,Netbanking,card_declined,Kotak,12,1,0,0,0.834,1
txn_010084,1048.36,Debit Card,network_timeout,IDFC,6,3,0,0,0.744,1
txn_010085,148.89,Netbanking,wrong_otp,IDFC,6,3,0,1,0.432,0
txn_010086,264.85,UPI,insufficient_funds,IDFC,18,5,1,0,0.758,0
txn_010087,2002.35,UPI,bank_server_down,IDFC,22,5,1,1,0.932,1
txn_010088,812.37,Debit Card,network_timeout,ICICI,15,0,0,0,0.92,0
txn_010089,112.6,UPI,risk_flagged,HDFC,18,2,0,0,0.667,0
txn_010090,709.38,Credit Card,wrong_otp,Axis,2,3,0,0,0.78,0
txn_010091,327.82,Credit Card,card_declined,ICICI,14,6,1,0,0.463,1
txn_010092,275.17,UPI,bank_server_down,Yes Bank,9,3,0,2,0.432,0
txn_010093,793.26,Debit Card,insufficient_funds,Yes Bank,7,3,0,0,0.745,0
txn_010094,66.69,UPI,wrong_otp,Yes Bank,20,6,1,0,0.688,0
txn_010095,1179.73,Credit Card,bank_server_down,ICICI,3,4,0,0,0.758,1
txn_010096,415.31,Debit Card,bank_server_down,Yes Bank,21,0,0,1,0.822,1
txn_010097,360.89,UPI,wrong_otp,Yes Bank,20,3,0,0,0.681,0
txn_010098,679.66,UPI,wrong_otp,Axis,22,0,0,0,0.452,0
txn_010099,734.5,Credit Card,network_timeout,SBI,5,5,1,0,0.577,1
txn_010100,229.18,Debit Card,insufficient_funds,Axis,23,0,0,0,0.624,0
txn_010101,239.79,Credit Card,bank_server_down,Axis,1,0,0,1,0.855,1
txn_010102,404.49,UPI,card_declined,Kotak,9,2,0,2,0.865,0
txn_010103,2669.57,UPI,network_timeout,Kotak,22,0,0,1,0.786,1
txn_010104,2797.94,UPI,bank_server_down,Axis,13,4,0,0,0.923,1
txn_010105,536.95,UPI,card_declined,Yes Bank,6,4,0,0,0.396,0
txn_010106,375.87,UPI,bank_server_down,Axis,19,4,0,1,0.669,1
txn_010107,1232.21,UPI,bank_server_down,Kotak,2,0,0,0,0.685,1
txn_010108,34.79,Debit Card,insufficient_funds,HDFC,7,4,0,0,0.732,1
txn_010109,965.6,Wallet,card_declined,Yes Bank,20,2,0,3,0.564,0
txn_010110,438.18,UPI,bank_server_down,SBI,18,4,0,0,0.629,1
txn_010111,4046.46,UPI,bank_server_down,IDFC,2,5,1,1,0.613,1
txn_010112,439.31,Netbanking,network_timeout,SBI,17,6,1,0,0.913,1
txn_010113,1082.28,UPI,bank_server_down,IDFC,15,3,0,1,0.749,1
txn_010114,1854.42,Debit Card,insufficient_funds,Kotak,16,4,0,1,0.663,0
txn_010115,298.72,UPI,network_timeout,HDFC,23,5,1,0,0.822,1
txn_010116,1066.06,Debit Card,insufficient_funds,ICICI,16,2,0,3,0.77,0
txn_010117,776.65,Credit Card,expired_card,HDFC,5,2,0,0,0.336,0
txn_010118,1546.65,UPI,insufficient_funds,HDFC,10,6,1,0,0.726,1
txn_010119,70.94,UPI,bank_server_down,Kotak,3,5,1,1,0.739,0
txn_010120,2566.38,Wallet,wrong_otp,Kotak,22,5,1,1,0.386,1
txn_010121,342.04,Debit Card,expired_card,IDFC,12,6,1,0,0.901,0
txn_010122,429.14,Debit Card,risk_flagged,Kotak,17,6,1,1,0.513,0
txn_010123,893.22,Credit Card,network_timeout,IDFC,7,1,0,1,0.876,0
txn_010124,1103.38,Debit Card,insufficient_funds,Yes Bank,1,0,0,0,0.799,1
txn_010125,796.45,Debit Card,card_declined,SBI,15,1,0,0,0.383,0
txn_010126,538.2,Debit Card,expired_card,Kotak,19,2,0,1,0.618,0
txn_010127,423.47,UPI,expired_card,Kotak,19,6,1,2,0.632,0
txn_010128,64.17,UPI,bank_server_down,Yes Bank,4,5,1,0,0.784,1
txn_010129,25.17,Credit Card,risk_flagged,Kotak,5,3,0,1,0.836,0
txn_010130,816.27,Wallet,wrong_otp,Axis,13,5,1,0,0.875,0
txn_010131,479.86,UPI,network_timeout,SBI,14,3,0,0,0.272,0
txn_010132,160.33,UPI,bank_server_down,IDFC,17,1,0,0,0.7,1
txn_010133,572.68,Debit Card,risk_flagged,ICICI,23,5,1,1,0.303,0
txn_010134,1058.69,Debit Card,card_declined,Axis,23,3,0,0,0.515,0
txn_010135,369.3,Credit Card,card_declined,ICICI,2,3,0,0,0.515,0
txn_010136,1620.75,Credit Card,insufficient_funds,Axis,5,5,1,0,0.624,0
txn_010137,2137.3,UPI,card_declined,Yes Bank,18,5,1,0,0.751,1
txn_010138,506.01,UPI,insufficient_funds,Kotak,18,4,0,0,0.766,1
txn_010139,523.32,UPI,bank_server_down,ICICI,4,4,0,1,0.819,1
txn_010140,1737.93,Credit Card,network_timeout,Yes Bank,3,1,0,0,0.538,0
txn_010141,1050.99,Credit Card,network_timeout,Yes Bank,23,4,0,2,0.673,1
txn_010142,3516.55,UPI,wrong_otp,SBI,0,6,1,2,0.904,0
txn_010143,232.86,Debit Card,bank_server_down,Kotak,9,1,0,0,0.802,1
txn_010144,492.97,Debit Card,insufficient_funds,HDFC,3,2,0,1,0.909,1
txn_010145,410.7,Credit Card,insufficient_funds,ICICI,8,1,0,1,0.678,0
txn_010146,47.76,Credit Card,wrong_otp,Kotak,14,6,1,0,0.849,1
txn_010147,585.53,UPI,card_declined,Yes Bank,11,2,0,0,0.865,0
txn_010148,610.85,UPI,bank_server_down,SBI,5,4,0,2,0.936,0
txn_010149,777.8,UPI,card_declined,Axis,13,0,0,0,0.731,0
txn_010150,407.36,UPI,bank_server_down,SBI,17,0,0,1,0.821,1
txn_010151,651.22,Debit Card,wrong_otp,Yes Bank,18,0,0,1,0.746,0
txn_010152,1026.56,Debit Card,wrong_otp,Kotak,18,1,0,2,0.635,1
txn_010153,732.56,Debit Card,network_timeout,Yes Bank,0,4,0,2,0.523,0
txn_010154,152.58,Netbanking,network_timeout,ICICI,2,5,1,1,0.817,1
txn_010155,2003.51,UPI,risk_flagged,HDFC,6,2,0,2,0.776,0
txn_010156,170.78,UPI,card_declined,IDFC,23,3,0,1,0.531,1
txn_010157,236.43,UPI,insufficient_funds,Yes Bank,22,1,0,1,0.821,1
txn_010158,411.2,Debit Card,wrong_otp,Axis,9,2,0,3,0.548,0
txn_010159,512.13,Netbanking,network_timeout,IDFC,21,6,1,0,0.864,1
txn_010160,2377.1,Netbanking,bank_server_down,Kotak,9,3,0,0,0.513,0
txn_010161,576.17,UPI,wrong_otp,ICICI,4,2,0,2,0.848,0
txn_010162,472.36,UPI,wrong_otp,IDFC,3,3,0,0,0.465,0
txn_010163,2196.3,UPI,network_timeout,Axis,10,0,0,1,0.613,0
txn_010164,417.91,UPI,wrong_otp,HDFC,23,6,1,0,0.481,0
txn_010165,806.64,UPI,bank_server_down,SBI,7,4,0,1,0.36,0
txn_010166,1444.41,UPI,network_timeout,IDFC,2,2,0,0,0.56,1
txn_010167,2596.33,UPI,wrong_otp,SBI,17,5,1,1,0.734,0
txn_010168,1419.31,Debit Card,network_timeout,Axis,17,6,1,0,0.528,0
txn_010169,336.3,UPI,card_declined,Axis,5,6,1,0,0.567,0
txn_010170,1626.95,Netbanking,insufficient_funds,HDFC,0,1,0,2,0.569,0
txn_010171,8242.28,UPI,insufficient_funds,Axis,11,0,0,0,0.803,0
txn_010172,297.11,UPI,network_timeout,Kotak,3,5,1,0,0.715,1
txn_010173,669.73,Netbanking,bank_server_down,IDFC,15,6,1,1,0.584,1
txn_010174,2549.6,Debit Card,card_declined,SBI,21,4,0,1,0.952,0
txn_010175,742.13,UPI,card_declined,ICICI,12,5,1,1,0.84,1
txn_010176,197.87,Debit Card,insufficient_funds,Axis,7,6,1,1,0.626,0
txn_010177,207.15,Netbanking,network_timeout,HDFC,10,2,0,0,0.402,1
txn_010178,312.59,UPI,insufficient_funds,SBI,21,2,0,0,0.776,1
txn_010179,3018.39,Debit Card,network_timeout,Yes Bank,14,5,1,1,0.528,1
txn_010180,1567.74,Wallet,insufficient_funds,Kotak,21,0,0,0,0.787,0
txn_010181,1141.13,Credit Card,insufficient_funds,Axis,6,5,1,0,0.768,0
txn_010182,1045.82,Credit Card,card_declined,Kotak,22,5,1,2,0.968,0
txn_010183,177.48,Credit Card,bank_server_down,ICICI,12,2,0,1,0.978,0
txn_010184,238.73,Wallet,insufficient_funds,Axis,3,5,1,1,0.632,0
txn_010185,635.27,UPI,risk_flagged,Yes Bank,22,3,0,1,0.468,0
txn_010186,2935.64,Debit Card,card_declined,ICICI,14,2,0,2,0.749,0
txn_010187,3089.92,UPI,insufficient_funds,SBI,14,3,0,0,0.62,0
txn_010188,96.51,Credit Card,wrong_otp,ICICI,12,3,0,1,0.606,0
txn_010189,752.12,Credit Card,card_declined,IDFC,2,2,0,2,0.732,0
txn_010190,280.32,UPI,card_declined,IDFC,5,2,0,2,0.684,0
txn_010191,378.45,UPI,network_timeout,Yes Bank,5,5,1,0,0.775,0
txn_010192,187.27,Debit Card,network_timeout,Axis,3,3,0,1,0.619,1
txn_010193,2689.87,Credit Card,bank_server_down,Axis,9,4,0,1,0.468,0
txn_010194,264.92,Credit Card,insufficient_funds,ICICI,3,5,1,1,0.774,0
txn_010195,1125.7,UPI,insufficient_funds,HDFC,9,5,1,3,0.303,0
txn_010196,649.62,UPI,insufficient_funds,Kotak,0,0,0,0,0.767,1
txn_010197,263.02,UPI,insufficient_funds,ICICI,4,0,0,1,0.903,0
txn_010198,826.32,UPI,bank_server_down,IDFC,12,1,0,2,0.974,0
txn_010199,1153.99,Netbanking,network_timeout,SBI,15,4,0,0,0.581,1
txn_010200,76.7,Debit Card,insufficient_funds,ICICI,15,4,0,2,0.675,0
txn_010201,375.91,UPI,insufficient_funds,SBI,12,1,0,1,0.768,0
txn_010202,191.88,UPI,insufficient_funds,HDFC,22,1,0,0,0.376,0
txn_010203,4082.68,Credit Card,network_timeout,Yes Bank,18,1,0,2,0.894,1
txn_010204,215.9,Credit Card,expired_card,Yes Bank,5,0,0,2,0.192,0
txn_010205,540.1,Debit Card,insufficient_funds,HDFC,14,3,0,0,0.898,0
txn_010206,1243.99,UPI,insufficient_funds,Yes Bank,2,5,1,2,0.475,0
txn_010207,2472.78,UPI,network_timeout,Kotak,11,2,0,0,0.703,1
txn_010208,147.03,Netbanking,insufficient_funds,IDFC,8,0,0,0,0.711,0
txn_010209,3300.84,Debit Card,card_declined,SBI,22,3,0,1,0.735,1
txn_010210,308.86,Debit Card,network_timeout,Axis,20,4,0,1,0.847,0
txn_010211,3384.26,UPI,card_declined,Axis,2,2,0,1,0.939,1
txn_010212,452.88,Netbanking,wrong_otp,ICICI,1,2,0,1,0.746,1
txn_010213,443.82,Debit Card,insufficient_funds,Yes Bank,21,2,0,0,0.883,0
txn_010214,997.85,UPI,bank_server_down,ICICI,23,5,1,0,0.757,1
txn_010215,422.18,Credit Card,bank_server_down,IDFC,21,4,0,0,0.306,1
txn_010216,398.23,UPI,expired_card,IDFC,20,5,1,3,0.936,0
txn_010217,337.18,Debit Card,insufficient_funds,SBI,13,1,0,0,0.885,0
txn_010218,59.16,UPI,expired_card,Axis,14,0,0,0,0.767,0
txn_010219,322.1,Netbanking,insufficient_funds,Yes Bank,9,6,1,0,0.698,0
txn_010220,547.16,UPI,insufficient_funds,Axis,12,5,1,0,0.683,0
txn_010221,1616.93,UPI,insufficient_funds,ICICI,4,2,0,0,0.327,0
txn_010222,1696.13,Netbanking,network_timeout,ICICI,2,4,0,1,0.414,1
txn_010223,216.34,UPI,insufficient_funds,IDFC,21,1,0,0,0.897,1
txn_010224,227.32,UPI,expired_card,Axis,1,2,0,0,0.703,0
txn_010225,3434.78,UPI,insufficient_funds,Axis,6,3,0,0,0.761,1
txn_010226,534.05,Wallet,network_timeout,Yes Bank,7,2,0,0,0.738,1
txn_010227,42.84,Debit Card,insufficient_funds,ICICI,4,3,0,1,0.892,1
txn_010228,572.61,Debit Card,wrong_otp,Axis,7,0,0,1,0.59,0
txn_010229,598.58,Debit Card,bank_server_down,HDFC,6,6,1,1,0.888,1
txn_010230,2592.88,Credit Card,bank_server_down,Axis,5,1,0,2,0.843,0
txn_010231,673.63,Wallet,network_timeout,HDFC,22,2,0,0,0.532,0
txn_010232,399.84,Credit Card,card_declined,SBI,1,4,0,0,0.725,0
txn_010233,304.54,Debit Card,network_timeout,Kotak,11,2,0,0,0.728,1
txn_010234,478.43,Credit Card,bank_server_down,Kotak,10,6,1,1,0.526,0
txn_010235,4267.33,UPI,insufficient_funds,Axis,12,3,0,2,0.863,0
txn_010236,327.43,Debit Card,network_timeout,Yes Bank,14,2,0,0,0.85,1
txn_010237,990.81,UPI,network_timeout,IDFC,4,3,0,0,0.56,0
txn_010238,3976.18,UPI,expired_card,IDFC,7,3,0,1,0.64,0
txn_010239,2765.31,Wallet,network_timeout,ICICI,5,2,0,1,0.669,1
txn_010240,1821.53,Debit Card,bank_server_down,HDFC,20,3,0,0,0.813,1
txn_010241,3252.49,UPI,insufficient_funds,ICICI,7,3,0,0,0.75,0
txn_010242,1390.0,UPI,wrong_otp,Yes Bank,4,1,0,1,0.684,1
txn_010243,1245.65,Debit Card,risk_flagged,ICICI,12,1,0,2,0.693,0
txn_010244,1244.8,UPI,insufficient_funds,Axis,12,1,0,2,0.423,0
txn_010245,373.57,Netbanking,insufficient_funds,Yes Bank,23,2,0,0,0.68,0
txn_010246,300.37,Debit Card,insufficient_funds,IDFC,16,6,1,1,0.495,1
txn_010247,701.28,UPI,insufficient_funds,IDFC,13,0,0,1,0.554,0
txn_010248,4391.44,UPI,card_declined,Axis,20,0,0,0,0.82,0
txn_010249,549.25,Debit Card,insufficient_funds,SBI,14,6,1,1,0.886,0
txn_010250,415.43,UPI,network_timeout,ICICI,21,1,0,0,0.689,1
txn_010251,1610.78,Netbanking,bank_server_down,SBI,19,2,0,0,0.903,1
txn_010252,2784.88,Credit Card,network_timeout,SBI,23,6,1,0,0.848,1
txn_010253,777.9,UPI,insufficient_funds,ICICI,1,6,1,2,0.556,0
txn_010254,867.76,Credit Card,risk_flagged,Yes Bank,0,0,0,2,0.711,0
txn_010255,463.97,UPI,insufficient_funds,Axis,14,0,0,1,0.639,0
txn_010256,3208.66,Wallet,bank_server_down,HDFC,16,0,0,0,0.656,1
txn_010257,147.0,UPI,insufficient_funds,Yes Bank,8,0,0,1,0.901,1
txn_010258,199.57,Debit Card,insufficient_funds,Axis,5,5,1,1,0.67,0
txn_010259,1708.29,UPI,bank_server_down,HDFC,8,4,0,2,0.937,1
txn_010260,140.91,Credit Card,card_declined,ICICI,23,1,0,0,0.66,0
txn_010261,808.6,UPI,bank_server_down,IDFC,3,4,0,3,0.836,0
txn_010262,506.37,UPI,bank_server_down,Axis,8,3,0,1,0.709,1
txn_010263,571.61,UPI,bank_server_down,HDFC,20,5,1,3,0.852,1
txn_010264,1279.51,Netbanking,expired_card,SBI,10,3,0,0,0.731,0
txn_010265,370.45,Wallet,wrong_otp,HDFC,17,5,1,0,0.687,1
txn_010266,3045.05,UPI,wrong_otp,Kotak,4,1,0,5,0.781,0
txn_010267,585.29,Netbanking,insufficient_funds,IDFC,9,5,1,0,0.684,0
txn_010268,2689.21,UPI,wrong_otp,Yes Bank,5,0,0,0,0.657,1
txn_010269,228.08,UPI,bank_server_down,HDFC,8,5,1,1,0.737,1
txn_010270,244.4,UPI,wrong_otp,ICICI,11,0,0,0,0.731,1
txn_010271,976.74,UPI,card_declined,Kotak,8,4,0,1,0.919,0
txn_010272,2178.0,Credit Card,insufficient_funds,HDFC,20,0,0,0,0.184,0
txn_010273,849.15,UPI,insufficient_funds,Axis,16,6,1,0,0.866,1
txn_010274,839.65,UPI,insufficient_funds,Kotak,20,1,0,1,0.825,0
txn_010275,647.92,UPI,insufficient_funds,HDFC,0,4,0,0,0.584,1
txn_010276,218.36,UPI,insufficient_funds,SBI,6,1,0,1,0.662,1
txn_010277,71.13,Credit Card,card_declined,Kotak,9,4,0,2,0.59,0
txn_010278,1855.03,Debit Card,bank_server_down,Kotak,21,2,0,0,0.773,1
txn_010279,1315.51,UPI,bank_server_down,Axis,14,0,0,2,0.789,0
txn_010280,908.67,UPI,network_timeout,HDFC,3,6,1,0,0.801,1
txn_010281,235.27,UPI,insufficient_funds,SBI,14,0,0,1,0.833,0
txn_010282,3807.81,Credit Card,network_timeout,HDFC,19,2,0,2,0.704,0
txn_010283,163.22,UPI,network_timeout,IDFC,17,5,1,0,0.862,1
txn_010284,1229.12,Netbanking,card_declined,ICICI,16,1,0,1,0.887,1
txn_010285,237.55,Debit Card,network_timeout,SBI,23,1,0,0,0.494,0
txn_010286,332.05,Debit Card,insufficient_funds,Axis,2,2,0,0,0.836,0
txn_010287,212.59,Debit Card,card_declined,IDFC,23,3,0,1,0.74,1
txn_010288,157.67,UPI,bank_server_down,Yes Bank,5,5,1,2,0.458,1
txn_010289,1162.22,Credit Card,expired_card,SBI,15,6,1,2,0.857,0
txn_010290,223.08,UPI,bank_server_down,Yes Bank,11,2,0,0,0.891,1
txn_010291,508.32,UPI,card_declined,Axis,15,4,0,0,0.797,1
txn_010292,750.72,Debit Card,network_timeout,SBI,2,6,1,0,0.745,0
txn_010293,338.66,UPI,card_declined,HDFC,5,2,0,0,0.89,0
txn_010294,1057.16,UPI,wrong_otp,SBI,2,0,0,2,0.23,0
txn_010295,221.51,Debit Card,card_declined,SBI,4,2,0,0,0.493,1
txn_010296,1931.82,Netbanking,card_declined,HDFC,0,6,1,1,0.637,0
txn_010297,727.02,Credit Card,bank_server_down,SBI,10,4,0,2,0.829,0
txn_010298,1953.81,Wallet,bank_server_down,ICICI,6,3,0,1,0.478,0
txn_010299,462.69,Debit Card,network_timeout,Kotak,18,0,0,1,0.646,1
txn_010300,553.01,Debit Card,bank_server_down,Axis,11,5,1,1,0.983,0
txn_010301,853.88,UPI,expired_card,Axis,11,0,0,0,0.667,0
txn_010302,480.61,Debit Card,card_declined,ICICI,2,6,1,0,0.773,0
txn_010303,191.6,Netbanking,insufficient_funds,IDFC,23,6,1,1,0.908,0
txn_010304,2869.24,UPI,card_declined,Yes Bank,20,2,0,0,0.776,1
txn_010305,596.22,Debit Card,bank_server_down,IDFC,14,1,0,0,0.498,1
txn_010306,1232.44,UPI,wrong_otp,Yes Bank,20,1,0,0,0.659,0
txn_010307,400.28,UPI,risk_flagged,IDFC,1,1,0,2,0.837,0
txn_010308,1815.95,UPI,expired_card,Axis,15,5,1,0,0.828,1
txn_010309,882.74,UPI,wrong_otp,HDFC,14,5,1,0,0.594,1
txn_010310,1571.81,Netbanking,risk_flagged,Axis,12,5,1,0,0.888,0
txn_010311,61.52,Credit Card,network_timeout,HDFC,9,5,1,1,0.801,1
txn_010312,2608.33,Netbanking,risk_flagged,SBI,20,6,1,0,0.529,0
txn_010313,845.13,Debit Card,bank_server_down,Kotak,17,1,0,0,0.872,1
txn_010314,724.82,Netbanking,insufficient_funds,SBI,7,3,0,0,0.791,1
txn_010315,6055.93,UPI,bank_server_down,SBI,21,4,0,0,0.705,1
txn_010316,367.79,Credit Card,card_declined,ICICI,7,4,0,0,0.487,0
txn_010317,2473.03,Credit Card,expired_card,Kotak,21,3,0,0,0.787,1
txn_010318,192.4,Credit Card,wrong_otp,IDFC,16,1,0,0,0.553,0
txn_010319,1168.77,Credit Card,insufficient_funds,ICICI,21,3,0,0,0.771,0
txn_010320,742.54,Debit Card,expired_card,Yes Bank,6,3,0,0,0.802,0
txn_010321,130.62,Wallet,network_timeout,Yes Bank,18,4,0,0,0.498,1
txn_010322,1969.84,UPI,network_timeout,IDFC,7,5,1,1,0.932,1
txn_010323,314.0,UPI,network_timeout,Axis,7,3,0,2,0.567,1
txn_010324,337.41,UPI,wrong_otp,IDFC,17,3,0,1,0.713,1
txn_010325,3742.33,UPI,expired_card,Axis,10,1,0,0,0.725,1
txn_010326,261.39,UPI,wrong_otp,Yes Bank,2,3,0,0,0.777,1
txn_010327,520.72,Netbanking,wrong_otp,ICICI,18,2,0,0,0.835,1
txn_010328,907.68,Debit Card,network_timeout,HDFC,16,6,1,0,0.462,1
txn_010329,599.03,UPI,wrong_otp,IDFC,7,3,0,2,0.902,0
txn_010330,628.09,Debit Card,insufficient_funds,SBI,4,1,0,1,0.791,0
txn_010331,163.6,Debit Card,wrong_otp,HDFC,19,6,1,3,0.546,0
txn_010332,1973.99,Debit Card,insufficient_funds,IDFC,16,5,1,0,0.886,0
txn_010333,218.13,UPI,expired_card,Yes Bank,17,0,0,1,0.877,0
txn_010334,1613.27,Debit Card,bank_server_down,HDFC,18,0,0,3,0.682,1
txn_010335,657.75,UPI,insufficient_funds,ICICI,17,0,0,1,0.785,1
txn_010336,247.02,Netbanking,insufficient_funds,IDFC,7,0,0,1,0.6,0
txn_010337,450.89,Debit Card,risk_flagged,Kotak,14,0,0,0,0.872,0
txn_010338,453.15,Credit Card,network_timeout,Yes Bank,16,4,0,1,0.542,1
txn_010339,212.38,UPI,network_timeout,Axis,6,1,0,0,0.823,0
txn_010340,775.03,UPI,card_declined,Yes Bank,13,4,0,2,0.594,0
txn_010341,578.2,UPI,card_declined,HDFC,6,5,1,0,0.79,0
txn_010342,522.15,Debit Card,card_declined,Kotak,17,3,0,0,0.926,1
txn_010343,2483.91,UPI,insufficient_funds,Yes Bank,2,2,0,0,0.673,1
txn_010344,321.21,Credit Card,card_declined,Axis,15,6,1,0,0.789,0
txn_010345,406.41,Debit Card,insufficient_funds,Yes Bank,9,0,0,2,0.471,0
txn_010346,228.5,Credit Card,insufficient_funds,Kotak,2,0,0,2,0.298,0
txn_010347,631.99,Wallet,expired_card,Axis,2,4,0,1,0.652,0
txn_010348,1244.02,UPI,insufficient_funds,Axis,19,3,0,0,0.704,0
txn_010349,166.51,Credit Card,bank_server_down,Yes Bank,13,6,1,1,0.956,1
txn_010350,572.12,Debit Card,card_declined,Kotak,22,0,0,1,0.903,0
txn_010351,165.7,UPI,insufficient_funds,SBI,20,0,0,1,0.65,1
txn_010352,766.42,Debit Card,insufficient_funds,IDFC,1,6,1,0,0.39,1
txn_010353,595.26,UPI,network_timeout,Axis,0,4,0,1,0.766,1
txn_010354,206.17,UPI,insufficient_funds,ICICI,9,2,0,0,0.376,0
txn_010355,371.22,UPI,insufficient_funds,IDFC,1,5,1,0,0.775,0
txn_010356,487.79,UPI,card_declined,HDFC,5,1,0,0,0.315,0
txn_010357,674.57,UPI,wrong_otp,Kotak,12,2,0,1,0.971,1
txn_010358,392.7,Debit Card,wrong_otp,SBI,23,0,0,1,0.751,1
txn_010359,56.91,UPI,insufficient_funds,HDFC,22,5,1,0,0.684,0
txn_010360,1859.89,UPI,insufficient_funds,Yes Bank,13,1,0,2,0.496,0
txn_010361,370.69,UPI,card_declined,Yes Bank,18,2,0,1,0.652,1
txn_010362,1615.6,UPI,insufficient_funds,Axis,9,2,0,0,0.337,0
txn_010363,232.53,UPI,insufficient_funds,Yes Bank,15,2,0,0,0.83,0
txn_010364,1976.82,Credit Card,network_timeout,SBI,10,1,0,1,0.887,0
txn_010365,411.37,UPI,risk_flagged,ICICI,7,2,0,2,0.323,0
txn_010366,3784.76,Debit Card,bank_server_down,SBI,21,6,1,0,0.659,0
txn_010367,464.8,UPI,insufficient_funds,HDFC,20,6,1,1,0.835,1
txn_010368,464.09,UPI,bank_server_down,IDFC,23,3,0,1,0.969,1
txn_010369,5059.24,Wallet,card_declined,HDFC,11,5,1,1,0.702,1
txn_010370,1022.33,UPI,insufficient_funds,Axis,18,3,0,2,0.62,0
txn_010371,195.76,Credit Card,insufficient_funds,Kotak,4,1,0,2,0.842,0
txn_010372,671.7,Netbanking,insufficient_funds,IDFC,19,6,1,2,0.472,1
txn_010373,451.82,UPI,wrong_otp,HDFC,16,5,1,0,0.885,1
txn_010374,419.87,UPI,card_declined,HDFC,1,3,0,2,0.712,0
txn_010375,390.78,UPI,insufficient_funds,IDFC,1,1,0,0,0.728,0
txn_010376,289.65,Wallet,card_declined,SBI,9,0,0,2,0.744,0
txn_010377,654.96,Credit Card,bank_server_down,ICICI,0,1,0,2,0.637,0
txn_010378,210.76,Debit Card,wrong_otp,HDFC,1,3,0,1,0.659,1
txn_010379,1660.27,Debit Card,bank_server_down,ICICI,1,3,0,0,0.509,0
txn_010380,4983.27,Debit Card,insufficient_funds,IDFC,3,2,0,0,0.62,0
txn_010381,1308.68,UPI,insufficient_funds,HDFC,6,3,0,1,0.612,0
txn_010382,2422.79,Credit Card,risk_flagged,IDFC,16,4,0,2,0.625,0
txn_010383,912.71,Credit Card,insufficient_funds,Yes Bank,14,5,1,0,0.68,0
txn_010384,476.37,UPI,network_timeout,Axis,12,5,1,2,0.639,0
txn_010385,310.72,Netbanking,wrong_otp,SBI,23,2,0,1,0.767,1
txn_010386,343.19,UPI,bank_server_down,Axis,8,6,1,1,0.814,0
txn_010387,692.63,UPI,network_timeout,HDFC,5,2,0,1,0.764,1
txn_010388,4836.54,Credit Card,card_declined,ICICI,6,1,0,0,0.857,1
txn_010389,170.11,Debit Card,network_timeout,SBI,7,4,0,1,0.804,1
txn_010390,198.13,UPI,insufficient_funds,HDFC,14,6,1,0,0.896,0
txn_010391,4585.46,Wallet,insufficient_funds,IDFC,11,6,1,0,0.702,1
txn_010392,103.58,Debit Card,card_declined,ICICI,15,4,0,0,0.687,0
txn_010393,1419.96,Netbanking,risk_flagged,IDFC,11,4,0,0,0.642,0
txn_010394,559.02,UPI,insufficient_funds,Kotak,9,3,0,0,0.713,0
txn_010395,1329.89,Wallet,network_timeout,HDFC,23,1,0,1,0.78,1
txn_010396,1020.36,UPI,bank_server_down,Axis,5,4,0,0,0.821,1
txn_010397,169.42,Debit Card,insufficient_funds,IDFC,1,0,0,1,0.373,0
txn_010398,1042.26,Debit Card,insufficient_funds,Axis,0,3,0,0,0.918,0
txn_010399,366.17,Debit Card,risk_flagged,Yes Bank,4,4,0,1,0.459,0
txn_010400,587.8,Netbanking,wrong_otp,Axis,16,5,1,1,0.715,0
txn_010401,212.49,UPI,bank_server_down,ICICI,19,5,1,1,0.495,0
txn_010402,1294.18,UPI,network_timeout,SBI,9,6,1,2,0.804,0
txn_010403,2236.98,UPI,expired_card,Kotak,0,1,0,1,0.474,0
txn_010404,1143.05,UPI,wrong_otp,Axis,19,1,0,1,0.89,1
txn_010405,155.61,UPI,card_declined,ICICI,1,0,0,1,0.881,0
txn_010406,879.62,UPI,insufficient_funds,Axis,6,2,0,2,0.772,0
txn_010407,1070.52,Wallet,insufficient_funds,Axis,18,1,0,0,0.953,1
txn_010408,556.75,Debit Card,insufficient_funds,SBI,11,1,0,0,0.482,0
txn_010409,237.33,Debit Card,insufficient_funds,HDFC,4,4,0,0,0.895,1
txn_010410,998.84,Credit Card,risk_flagged,Kotak,0,1,0,0,0.64,0
txn_010411,763.27,UPI,wrong_otp,ICICI,6,2,0,1,0.875,1
txn_010412,2400.79,Credit Card,insufficient_funds,SBI,14,6,1,0,0.565,1
txn_010413,1670.85,Wallet,wrong_otp,Yes Bank,13,3,0,0,0.682,0
txn_010414,3674.21,Debit Card,wrong_otp,IDFC,22,3,0,1,0.636,0
txn_010415,5025.98,UPI,network_timeout,IDFC,22,3,0,2,0.479,0
txn_010416,263.66,Debit Card,card_declined,ICICI,21,2,0,1,0.847,0
txn_010417,620.31,UPI,wrong_otp,IDFC,22,0,0,0,0.766,0
txn_010418,1519.19,Debit Card,insufficient_funds,Kotak,19,5,1,0,0.783,1
txn_010419,1027.22,UPI,risk_flagged,SBI,6,6,1,1,0.672,1
txn_010420,7857.71,UPI,insufficient_funds,IDFC,9,5,1,0,0.962,0
txn_010421,706.97,UPI,risk_flagged,Kotak,3,3,0,1,0.847,0
txn_010422,1916.22,UPI,wrong_otp,HDFC,16,3,0,0,0.617,1
txn_010423,1814.9,UPI,wrong_otp,HDFC,13,5,1,1,0.676,1
txn_010424,109.32,UPI,insufficient_funds,IDFC,14,4,0,3,0.97,0
txn_010425,4619.8,UPI,card_declined,IDFC,6,6,1,0,0.913,0
txn_010426,113.86,Credit Card,insufficient_funds,Axis,5,1,0,2,0.892,0
txn_010427,110.63,Debit Card,bank_server_down,ICICI,13,3,0,1,0.698,1
txn_010428,967.91,Netbanking,bank_server_down,SBI,0,2,0,1,0.855,0
txn_010429,579.64,UPI,risk_flagged,ICICI,23,3,0,0,0.476,0
txn_010430,1907.87,Debit Card,insufficient_funds,Yes Bank,18,2,0,1,0.824,0
txn_010431,600.91,Netbanking,risk_flagged,HDFC,13,0,0,0,0.653,1
txn_010432,561.67,Debit Card,bank_server_down,ICICI,4,1,0,0,0.44,1
txn_010433,4318.52,UPI,insufficient_funds,ICICI,17,2,0,0,0.676,0
txn_010434,117.35,Credit Card,network_timeout,Kotak,21,5,1,1,0.854,1
txn_010435,1196.99,UPI,insufficient_funds,IDFC,23,3,0,0,0.785,1
txn_010436,1842.29,UPI,network_timeout,Axis,17,2,0,1,0.894,0
txn_010437,308.86,Netbanking,bank_server_down,HDFC,4,3,0,0,0.655,1
txn_010438,1005.18,UPI,network_timeout,Axis,5,4,0,0,0.692,1
txn_010439,894.3,Debit Card,network_timeout,IDFC,21,6,1,0,0.703,0
txn_010440,409.27,Netbanking,network_timeout,Axis,7,2,0,1,0.754,1
txn_010441,439.18,Credit Card,bank_server_down,HDFC,20,3,0,0,0.587,1
txn_010442,6043.03,Debit Card,insufficient_funds,Yes Bank,5,1,0,0,0.847,0
txn_010443,1786.26,Credit Card,wrong_otp,Kotak,17,0,0,0,0.688,1
txn_010444,405.22,Credit Card,insufficient_funds,Axis,17,1,0,1,0.732,0
txn_010445,245.84,UPI,bank_server_down,SBI,13,4,0,0,0.555,1
txn_010446,599.21,UPI,bank_server_down,ICICI,17,4,0,1,0.346,1
txn_010447,1497.5,Credit Card,insufficient_funds,Yes Bank,11,6,1,0,0.82,0
txn_010448,562.77,Debit Card,network_timeout,SBI,21,4,0,0,0.648,1
txn_010449,670.23,UPI,card_declined,Axis,3,0,0,1,0.71,1
txn_010450,2022.96,UPI,risk_flagged,Kotak,15,2,0,1,0.762,1
txn_010451,926.13,Credit Card,insufficient_funds,ICICI,8,4,0,2,0.629,0
txn_010452,2640.86,Wallet,network_timeout,Yes Bank,0,6,1,1,0.774,1
txn_010453,1150.58,Wallet,card_declined,IDFC,14,6,1,0,0.813,1
txn_010454,2131.38,Netbanking,card_declined,IDFC,18,3,0,0,0.861,0
txn_010455,541.75,Netbanking,insufficient_funds,HDFC,2,1,0,1,0.806,0
txn_010456,1169.86,Debit Card,insufficient_funds,Kotak,21,6,1,1,0.858,0
txn_010457,1101.61,UPI,risk_flagged,Yes Bank,2,6,1,0,0.744,0
txn_010458,521.84,Debit Card,insufficient_funds,ICICI,17,1,0,0,0.46,1
txn_010459,668.19,Credit Card,insufficient_funds,IDFC,12,2,0,1,0.885,0
txn_010460,319.46,Credit Card,bank_server_down,Axis,7,3,0,4,0.889,1
txn_010461,6290.14,UPI,card_declined,Axis,8,0,0,0,0.585,1
txn_010462,352.88,Debit Card,wrong_otp,SBI,15,6,1,1,0.677,0
txn_010463,131.6,Netbanking,card_declined,Axis,15,3,0,0,0.32,0
txn_010464,331.09,Credit Card,insufficient_funds,SBI,7,4,0,1,0.69,0
txn_010465,238.82,Credit Card,insufficient_funds,IDFC,3,6,1,0,0.79,0
txn_010466,666.15,UPI,expired_card,HDFC,13,0,0,1,0.297,0
txn_010467,853.89,Credit Card,card_declined,IDFC,23,2,0,0,0.949,0
txn_010468,370.02,UPI,network_timeout,Yes Bank,19,4,0,2,0.88,0
txn_010469,274.94,Netbanking,insufficient_funds,ICICI,14,2,0,1,0.763,0
txn_010470,201.65,UPI,expired_card,Yes Bank,6,5,1,0,0.766,0
txn_010471,215.02,Credit Card,insufficient_funds,IDFC,10,1,0,1,0.451,0
txn_010472,564.54,Netbanking,insufficient_funds,IDFC,1,6,1,0,0.841,1
txn_010473,811.02,UPI,risk_flagged,Kotak,3,3,0,0,0.747,0
txn_010474,237.36,Credit Card,bank_server_down,Kotak,15,6,1,1,0.605,1
txn_010475,314.17,UPI,card_declined,Yes Bank,20,3,0,0,0.529,1
txn_010476,45.58,UPI,insufficient_funds,IDFC,1,3,0,0,0.745,0
txn_010477,4887.0,UPI,network_timeout,Axis,22,0,0,0,0.879,1
txn_010478,268.31,UPI,bank_server_down,Axis,20,3,0,0,0.402,0
txn_010479,2920.84,UPI,bank_server_down,Axis,2,1,0,0,0.631,0
txn_010480,423.65,Debit Card,bank_server_down,IDFC,16,1,0,2,0.811,1
txn_010481,363.56,Credit Card,insufficient_funds,Yes Bank,17,4,0,0,0.745,1
txn_010482,144.08,Credit Card,network_timeout,SBI,0,0,0,1,0.881,0
txn_010483,1637.24,Netbanking,insufficient_funds,ICICI,21,3,0,1,0.713,0
txn_010484,988.2,UPI,wrong_otp,Axis,3,2,0,1,0.807,1
txn_010485,4574.02,UPI,risk_flagged,HDFC,6,5,1,3,0.813,0
txn_010486,1705.57,UPI,insufficient_funds,Kotak,20,1,0,0,0.964,1
txn_010487,196.68,Credit Card,risk_flagged,Yes Bank,5,6,1,1,0.664,0
txn_010488,449.79,Netbanking,card_declined,Kotak,12,4,0,0,0.742,0
txn_010489,2729.67,UPI,card_declined,SBI,0,6,1,2,0.414,1
txn_010490,810.47,Debit Card,insufficient_funds,HDFC,14,5,1,2,0.552,0
txn_010491,1860.34,Wallet,bank_server_down,HDFC,8,5,1,2,0.323,1
txn_010492,221.96,UPI,bank_server_down,HDFC,18,0,0,1,0.69,1
txn_010493,2523.13,Netbanking,card_declined,Yes Bank,11,0,0,1,0.723,0
txn_010494,289.98,Debit Card,bank_server_down,HDFC,5,5,1,2,0.718,0
txn_010495,1460.62,UPI,card_declined,Yes Bank,13,3,0,1,0.644,1
txn_010496,914.44,UPI,insufficient_funds,Kotak,0,6,1,1,0.864,0
txn_010497,825.82,UPI,insufficient_funds,ICICI,8,4,0,0,0.691,0
txn_010498,1899.91,Debit Card,insufficient_funds,SBI,6,6,1,0,0.763,0
txn_010499,352.83,UPI,network_timeout,SBI,16,5,1,0,0.967,1
txn_010500,2016.25,Debit Card,card_declined,Yes Bank,4,1,0,0,0.469,1
txn_010501,588.41,UPI,insufficient_funds,IDFC,3,6,1,0,0.737,0
txn_010502,141.46,UPI,network_timeout,IDFC,16,0,0,1,0.856,0
txn_010503,330.69,Credit Card,insufficient_funds,Yes Bank,16,2,0,1,0.391,1
txn_010504,368.53,UPI,card_declined,SBI,13,4,0,1,0.518,1
txn_010505,351.09,UPI,insufficient_funds,Axis,9,4,0,1,0.887,1
txn_010506,467.98,Debit Card,card_declined,Yes Bank,7,4,0,3,0.633,0
txn_010507,43.03,UPI,bank_server_down,SBI,16,1,0,1,0.851,0
txn_010508,1205.0,Credit Card,network_timeout,IDFC,3,3,0,0,0.821,1
txn_010509,830.52,Debit Card,network_timeout,Kotak,11,3,0,1,0.722,1
txn_010510,794.19,Netbanking,card_declined,Kotak,17,3,0,1,0.491,0
txn_010511,228.49,Credit Card,wrong_otp,Yes Bank,17,6,1,3,0.644,0
txn_010512,2435.47,UPI,bank_server_down,HDFC,18,5,1,0,0.759,0
txn_010513,450.97,Credit Card,risk_flagged,Kotak,9,4,0,0,0.966,0
txn_010514,677.97,UPI,risk_flagged,Axis,8,0,0,1,0.584,0
txn_010515,1138.67,Netbanking,insufficient_funds,HDFC,5,0,0,1,0.83,0
txn_010516,2019.69,Debit Card,wrong_otp,IDFC,16,3,0,3,0.787,0
txn_010517,651.01,UPI,wrong_otp,HDFC,9,1,0,0,0.769,1
txn_010518,536.01,UPI,insufficient_funds,HDFC,4,6,1,0,0.807,1
txn_010519,501.57,Credit Card,card_declined,IDFC,23,5,1,0,0.825,0
txn_010520,109.81,Netbanking,bank_server_down,Kotak,10,3,0,1,0.802,1
txn_010521,526.54,Debit Card,insufficient_funds,IDFC,0,3,0,1,0.464,0
txn_010522,229.03,Credit Card,risk_flagged,IDFC,18,3,0,1,0.6,0
txn_010523,782.75,Wallet,bank_server_down,ICICI,9,4,0,0,0.653,1
txn_010524,2074.97,Netbanking,network_timeout,ICICI,15,0,0,2,0.905,1
txn_010525,1625.42,Credit Card,bank_server_down,SBI,18,1,0,0,0.603,0
txn_010526,252.75,Debit Card,network_timeout,ICICI,13,5,1,1,0.842,0
txn_010527,2205.83,UPI,bank_server_down,HDFC,4,0,0,0,0.761,1
txn_010528,752.63,Debit Card,insufficient_funds,IDFC,17,6,1,0,0.673,0
txn_010529,646.22,UPI,card_declined,ICICI,6,4,0,0,0.376,0
txn_010530,243.08,UPI,insufficient_funds,HDFC,3,3,0,2,0.692,0
txn_010531,186.15,UPI,bank_server_down,Axis,11,6,1,1,0.418,1
txn_010532,1334.59,Netbanking,risk_flagged,Axis,16,0,0,0,0.863,1
txn_010533,3182.94,Debit Card,insufficient_funds,Axis,16,0,0,2,0.67,0
txn_010534,678.45,UPI,bank_server_down,Kotak,23,1,0,1,0.687,1
txn_010535,216.45,Credit Card,insufficient_funds,HDFC,11,6,1,0,0.857,1
txn_010536,785.7,Debit Card,bank_server_down,Yes Bank,11,2,0,1,0.845,1
txn_010537,339.01,Debit Card,network_timeout,Axis,3,3,0,0,0.903,1
txn_010538,1600.14,Debit Card,wrong_otp,HDFC,17,1,0,0,0.711,0
txn_010539,1982.54,Credit Card,insufficient_funds,SBI,10,0,0,3,0.607,0
txn_010540,2634.42,UPI,network_timeout,IDFC,16,5,1,0,0.555,1
txn_010541,2429.9,Debit Card,network_timeout,ICICI,16,6,1,1,0.818,0
txn_010542,7131.45,Credit Card,insufficient_funds,Axis,8,3,0,1,0.799,0
txn_010543,332.65,UPI,card_declined,ICICI,1,6,1,0,0.722,0
txn_010544,536.53,UPI,insufficient_funds,Kotak,12,1,0,1,0.886,0
txn_010545,463.74,UPI,insufficient_funds,SBI,12,2,0,0,0.552,0
txn_010546,283.27,Credit Card,insufficient_funds,Axis,8,5,1,0,0.702,0
txn_010547,709.14,UPI,card_declined,IDFC,15,3,0,0,0.787,1
txn_010548,1036.05,UPI,insufficient_funds,HDFC,5,2,0,0,0.712,1
txn_010549,684.57,Credit Card,bank_server_down,IDFC,4,0,0,1,0.853,1
txn_010550,999.5,UPI,bank_server_down,SBI,1,5,1,2,0.679,1
txn_010551,896.84,Wallet,insufficient_funds,HDFC,18,0,0,1,0.85,1
txn_010552,333.99,UPI,expired_card,Kotak,19,5,1,3,0.701,0
txn_010553,214.39,Debit Card,wrong_otp,IDFC,14,0,0,0,0.508,1
txn_010554,1154.09,UPI,insufficient_funds,SBI,14,4,0,0,0.587,0
txn_010555,594.93,UPI,card_declined,IDFC,6,2,0,0,0.723,1
txn_010556,288.25,UPI,insufficient_funds,Kotak,9,6,1,1,0.635,1
txn_010557,465.89,UPI,card_declined,Yes Bank,18,6,1,0,0.358,0
txn_010558,239.67,Credit Card,insufficient_funds,HDFC,14,3,0,1,0.76,0
txn_010559,1025.5,Debit Card,card_declined,IDFC,10,0,0,1,0.822,0
txn_010560,2804.79,Credit Card,insufficient_funds,ICICI,3,4,0,3,0.756,0
txn_010561,911.04,UPI,network_timeout,ICICI,4,0,0,2,0.713,0
txn_010562,386.22,UPI,risk_flagged,ICICI,4,6,1,0,0.697,0
txn_010563,851.12,Debit Card,insufficient_funds,Yes Bank,12,6,1,0,0.803,0
txn_010564,799.19,Netbanking,card_declined,IDFC,3,2,0,0,0.82,1
txn_010565,387.44,UPI,wrong_otp,IDFC,19,3,0,3,0.901,1
txn_010566,215.12,UPI,insufficient_funds,Axis,23,2,0,1,0.327,0
txn_010567,1200.61,UPI,expired_card,HDFC,4,1,0,1,0.61,1
txn_010568,942.74,Credit Card,expired_card,Axis,20,3,0,0,0.845,0
txn_010569,3727.27,Debit Card,insufficient_funds,ICICI,21,5,1,1,0.946,0
txn_010570,766.47,Credit Card,bank_server_down,Axis,8,4,0,1,0.759,1
txn_010571,610.54,UPI,insufficient_funds,IDFC,0,6,1,1,0.706,1
txn_010572,1498.94,UPI,network_timeout,Kotak,22,5,1,1,0.738,1
txn_010573,679.69,UPI,card_declined,SBI,23,1,0,1,0.822,0
txn_010574,676.61,Credit Card,expired_card,SBI,1,6,1,0,0.859,0
txn_010575,255.54,UPI,network_timeout,Kotak,11,2,0,1,0.507,1
txn_010576,245.43,Debit Card,card_declined,Axis,1,1,0,2,0.821,0
txn_010577,216.29,UPI,expired_card,ICICI,3,4,0,2,0.508,0
txn_010578,1014.89,Netbanking,insufficient_funds,IDFC,2,4,0,0,0.671,0
txn_010579,1316.13,UPI,bank_server_down,Kotak,2,3,0,0,0.533,1
txn_010580,2241.57,UPI,risk_flagged,Yes Bank,15,3,0,1,0.757,1
txn_010581,375.37,UPI,insufficient_funds,Axis,3,1,0,1,0.924,1
txn_010582,499.68,Credit Card,wrong_otp,SBI,5,6,1,1,0.73,0
txn_010583,389.23,Netbanking,card_declined,Kotak,23,4,0,0,0.819,0
txn_010584,397.3,Debit Card,wrong_otp,SBI,18,2,0,1,0.514,0
txn_010585,4418.36,UPI,bank_server_down,IDFC,14,2,0,1,0.644,1
txn_010586,779.42,Credit Card,insufficient_funds,Axis,21,0,0,0,0.662,0
txn_010587,140.12,Wallet,network_timeout,SBI,23,5,1,1,0.919,1
txn_010588,771.27,Netbanking,card_declined,HDFC,18,1,0,1,0.604,0
txn_010589,4137.82,UPI,wrong_otp,Yes Bank,9,6,1,0,0.664,1
txn_010590,1192.09,UPI,network_timeout,Axis,13,3,0,0,0.65,1
txn_010591,308.77,UPI,wrong_otp,ICICI,11,2,0,0,0.946,1
txn_010592,348.44,UPI,insufficient_funds,HDFC,8,6,1,0,0.825,1
txn_010593,298.86,Debit Card,card_declined,Axis,9,6,1,1,0.648,1
txn_010594,1956.88,UPI,risk_flagged,SBI,7,1,0,1,0.553,0
txn_010595,424.25,UPI,network_timeout,SBI,7,6,1,0,0.8,1
txn_010596,545.05,Debit Card,insufficient_funds,Yes Bank,2,2,0,0,0.793,1
txn_010597,485.57,Netbanking,wrong_otp,IDFC,12,4,0,1,0.933,0
txn_010598,8449.18,UPI,network_timeout,Yes Bank,18,1,0,1,0.961,1
txn_010599,137.04,Debit Card,wrong_otp,Yes Bank,6,4,0,1,0.72,1
txn_010600,169.95,Debit Card,insufficient_funds,ICICI,15,5,1,0,0.778,0
txn_010601,394.25,UPI,expired_card,HDFC,5,1,0,1,0.805,0
txn_010602,868.46,UPI,expired_card,Yes Bank,20,3,0,1,0.722,0
txn_010603,147.64,UPI,card_declined,IDFC,7,6,1,1,0.52,0
txn_010604,2353.5,Wallet,insufficient_funds,SBI,1,1,0,0,0.922,0
txn_010605,497.42,UPI,insufficient_funds,HDFC,14,5,1,0,0.381,0
txn_010606,491.67,UPI,insufficient_funds,Yes Bank,3,2,0,0,0.726,1
txn_010607,3898.53,Wallet,insufficient_funds,SBI,11,1,0,1,0.702,0
txn_010608,479.18,Wallet,risk_flagged,ICICI,1,6,1,0,0.88,1
txn_010609,1302.67,UPI,insufficient_funds,ICICI,16,3,0,0,0.509,1
txn_010610,286.26,UPI,bank_server_down,ICICI,23,3,0,0,0.767,1
txn_010611,455.96,Netbanking,risk_flagged,Kotak,9,1,0,0,0.753,1
txn_010612,401.52,Wallet,bank_server_down,IDFC,16,0,0,0,0.472,0
txn_010613,172.22,Credit Card,bank_server_down,SBI,20,3,0,0,0.894,0
txn_010614,1396.48,Netbanking,wrong_otp,HDFC,6,6,1,0,0.661,1
txn_010615,2999.47,UPI,card_declined,Axis,19,3,0,2,0.646,0
txn_010616,3683.41,UPI,bank_server_down,IDFC,0,6,1,0,0.86,1
txn_010617,1089.22,Wallet,insufficient_funds,Yes Bank,16,1,0,2,0.928,1
txn_010618,369.23,Debit Card,card_declined,ICICI,6,1,0,1,0.714,0
txn_010619,879.44,Credit Card,expired_card,IDFC,17,5,1,0,0.895,0
txn_010620,1396.76,UPI,wrong_otp,HDFC,5,5,1,0,0.359,0
txn_010621,2539.55,Credit Card,network_timeout,IDFC,22,1,0,0,0.584,1
txn_010622,330.01,Debit Card,network_timeout,Kotak,5,6,1,0,0.748,1
txn_010623,1504.24,UPI,wrong_otp,Kotak,13,4,0,1,0.573,0
txn_010624,784.02,UPI,wrong_otp,Axis,16,1,0,1,0.731,1
txn_010625,755.56,UPI,network_timeout,HDFC,5,4,0,1,0.408,1
txn_010626,236.66,Credit Card,insufficient_funds,SBI,12,4,0,1,0.869,0
txn_010627,2044.98,UPI,bank_server_down,HDFC,12,5,1,3,0.793,1
txn_010628,467.05,Credit Card,card_declined,IDFC,14,0,0,0,0.666,0
txn_010629,372.38,UPI,card_declined,Axis,6,4,0,1,0.583,0
txn_010630,399.06,UPI,insufficient_funds,Kotak,10,1,0,2,0.658,0
txn_010631,166.01,UPI,insufficient_funds,ICICI,18,0,0,0,0.807,1
txn_010632,280.51,Credit Card,insufficient_funds,Kotak,20,1,0,1,0.968,1
txn_010633,167.09,Netbanking,wrong_otp,HDFC,4,6,1,0,0.987,0
txn_010634,194.88,Netbanking,wrong_otp,SBI,15,4,0,0,0.728,1
txn_010635,488.81,UPI,bank_server_down,HDFC,2,0,0,2,0.669,1
txn_010636,1071.61,Credit Card,network_timeout,SBI,3,6,1,0,0.494,0
txn_010637,1182.16,Credit Card,wrong_otp,Axis,2,4,0,2,0.729,1
txn_010638,565.81,UPI,card_declined,HDFC,21,5,1,1,0.546,0
txn_010639,440.05,Wallet,bank_server_down,Kotak,7,1,0,1,0.67,0
txn_010640,4572.18,Debit Card,insufficient_funds,SBI,3,5,1,0,0.627,0
txn_010641,267.36,Credit Card,network_timeout,SBI,9,1,0,1,0.813,1
txn_010642,788.92,Debit Card,network_timeout,HDFC,9,4,0,1,0.816,0
txn_010643,253.09,Debit Card,wrong_otp,IDFC,18,4,0,1,0.69,0
txn_010644,232.93,UPI,wrong_otp,Axis,21,2,0,1,0.643,1
txn_010645,602.01,Debit Card,wrong_otp,SBI,9,0,0,0,0.76,0
txn_010646,541.85,Debit Card,insufficient_funds,SBI,12,0,0,0,0.487,0
txn_010647,2641.89,Credit Card,network_timeout,SBI,12,3,0,2,0.88,1
txn_010648,270.99,UPI,card_declined,IDFC,22,3,0,2,0.673,0
txn_010649,361.69,Credit Card,bank_server_down,HDFC,1,6,1,1,0.699,1
txn_010650,1476.47,UPI,insufficient_funds,Axis,9,5,1,1,0.979,0
txn_010651,83.65,UPI,card_declined,Kotak,23,3,0,0,0.862,0
txn_010652,829.78,Debit Card,insufficient_funds,HDFC,13,0,0,1,0.45,1
txn_010653,1234.96,Debit Card,insufficient_funds,IDFC,9,4,0,2,0.648,0
txn_010654,705.45,Credit Card,card_declined,Yes Bank,8,3,0,1,0.771,1
txn_010655,326.36,Debit Card,card_declined,Axis,12,1,0,2,0.46,0
txn_010656,2368.99,UPI,insufficient_funds,IDFC,11,6,1,0,0.698,0
txn_010657,173.54,Wallet,card_declined,HDFC,11,3,0,2,0.433,1
txn_010658,1103.95,Credit Card,bank_server_down,HDFC,15,3,0,2,0.576,0
txn_010659,339.72,UPI,bank_server_down,ICICI,12,3,0,1,0.928,1
txn_010660,130.82,Credit Card,network_timeout,Kotak,14,3,0,0,0.866,1
txn_010661,1076.89,UPI,bank_server_down,HDFC,13,5,1,1,0.703,1
txn_010662,1888.52,UPI,insufficient_funds,HDFC,23,2,0,0,0.839,1
txn_010663,1469.41,Credit Card,insufficient_funds,ICICI,5,1,0,1,0.673,1
txn_010664,409.93,Credit Card,network_timeout,Yes Bank,18,3,0,1,0.537,1
txn_010665,396.44,UPI,card_declined,ICICI,5,5,1,3,0.917,0
txn_010666,1262.51,UPI,network_timeout,Kotak,5,4,0,0,0.864,0
txn_010667,2187.08,Netbanking,insufficient_funds,ICICI,1,2,0,0,0.799,1
txn_010668,1901.01,UPI,risk_flagged,Kotak,18,4,0,1,0.837,1
txn_010669,397.89,Wallet,insufficient_funds,ICICI,20,1,0,0,0.722,0
txn_010670,293.01,Debit Card,insufficient_funds,IDFC,10,6,1,1,0.587,0
txn_010671,468.27,Debit Card,expired_card,HDFC,7,3,0,1,0.828,0
txn_010672,525.52,UPI,insufficient_funds,Kotak,1,5,1,0,0.659,0
txn_010673,3733.63,Credit Card,insufficient_funds,Yes Bank,12,6,1,0,0.605,0
txn_010674,900.38,Debit Card,bank_server_down,HDFC,19,0,0,0,0.51,0
txn_010675,113.76,UPI,insufficient_funds,SBI,12,5,1,0,0.837,0
txn_010676,1073.18,Debit Card,card_declined,HDFC,7,5,1,0,0.777,1
txn_010677,2014.9,UPI,network_timeout,HDFC,21,4,0,4,0.945,1
txn_010678,1427.31,UPI,risk_flagged,Kotak,5,3,0,1,0.842,1
txn_010679,2110.09,UPI,insufficient_funds,Yes Bank,21,5,1,0,0.562,0
txn_010680,229.68,Credit Card,network_timeout,ICICI,1,2,0,1,0.806,1
txn_010681,1018.16,Netbanking,risk_flagged,Axis,6,4,0,0,0.85,0
txn_010682,116.62,UPI,network_timeout,SBI,8,0,0,4,0.56,0
txn_010683,1376.55,UPI,bank_server_down,Kotak,22,2,0,0,0.933,1
txn_010684,1191.77,Credit Card,bank_server_down,SBI,2,4,0,2,0.848,1
txn_010685,1383.93,Credit Card,wrong_otp,Kotak,12,3,0,0,0.872,1
txn_010686,409.63,UPI,wrong_otp,Yes Bank,3,2,0,0,0.924,1
txn_010687,573.51,Credit Card,network_timeout,HDFC,6,0,0,1,0.66,1
txn_010688,206.04,Wallet,insufficient_funds,Kotak,3,2,0,3,0.61,0
txn_010689,973.87,Credit Card,card_declined,Kotak,10,4,0,1,0.306,1
txn_010690,377.2,Debit Card,network_timeout,Yes Bank,4,1,0,2,0.748,0
txn_010691,398.71,UPI,risk_flagged,Axis,9,0,0,1,0.74,0
txn_010692,1238.52,UPI,expired_card,HDFC,9,3,0,1,0.905,1
txn_010693,1010.04,Debit Card,insufficient_funds,HDFC,18,5,1,1,0.569,0
txn_010694,773.47,UPI,insufficient_funds,HDFC,11,0,0,1,0.476,1
txn_010695,1085.33,Credit Card,bank_server_down,HDFC,4,5,1,0,0.83,1
txn_010696,295.39,Credit Card,insufficient_funds,Yes Bank,9,6,1,0,0.707,0
txn_010697,3389.47,UPI,bank_server_down,HDFC,15,6,1,0,0.837,0
txn_010698,635.98,UPI,bank_server_down,ICICI,23,5,1,1,0.645,1
txn_010699,3533.8,Netbanking,network_timeout,Yes Bank,4,5,1,0,0.677,1
txn_010700,384.57,Debit Card,network_timeout,HDFC,8,5,1,1,0.741,1
txn_010701,1298.98,Netbanking,card_declined,Kotak,18,4,0,2,0.757,1
txn_010702,528.2,Debit Card,insufficient_funds,Axis,20,6,1,0,0.553,0
txn_010703,1312.79,UPI,insufficient_funds,HDFC,23,2,0,1,0.651,1
txn_010704,1065.24,UPI,bank_server_down,IDFC,19,3,0,1,0.797,1
txn_010705,3542.74,Credit Card,card_declined,Yes Bank,22,5,1,1,0.717,1
txn_010706,393.42,Netbanking,expired_card,Axis,16,2,0,2,0.807,0
txn_010707,456.41,Credit Card,insufficient_funds,ICICI,0,1,0,1,0.803,0
txn_010708,877.18,UPI,insufficient_funds,Kotak,8,6,1,1,0.601,0
txn_010709,859.4,Debit Card,insufficient_funds,Yes Bank,17,5,1,0,0.765,0
txn_010710,1503.66,UPI,insufficient_funds,HDFC,22,4,0,0,0.409,1
txn_010711,323.31,Netbanking,network_timeout,Kotak,4,5,1,1,0.485,1
txn_010712,2942.03,Credit Card,bank_server_down,ICICI,2,5,1,1,0.857,1
txn_010713,429.47,UPI,insufficient_funds,Axis,12,0,0,1,0.987,0
txn_010714,4461.45,UPI,risk_flagged,ICICI,17,2,0,1,0.898,0
txn_010715,726.48,UPI,card_declined,SBI,2,3,0,1,0.876,1
txn_010716,676.23,Debit Card,bank_server_down,Axis,11,5,1,2,0.46,0
txn_010717,982.02,UPI,wrong_otp,HDFC,13,2,0,0,0.606,0
txn_010718,526.26,Credit Card,bank_server_down,ICICI,3,5,1,0,0.862,0
txn_010719,997.04,Wallet,bank_server_down,Axis,0,4,0,1,0.756,1
txn_010720,2128.85,UPI,network_timeout,ICICI,23,2,0,0,0.718,1
txn_010721,1500.3,UPI,expired_card,ICICI,13,3,0,1,0.882,0
txn_010722,946.72,Credit Card,network_timeout,Kotak,9,6,1,0,0.441,1
txn_010723,3447.11,Debit Card,expired_card,SBI,8,4,0,1,0.555,0
txn_010724,89.86,Debit Card,wrong_otp,Axis,16,5,1,0,0.707,1
txn_010725,2718.75,UPI,bank_server_down,IDFC,21,5,1,1,0.547,1
txn_010726,1640.23,Credit Card,bank_server_down,Axis,23,1,0,0,0.706,1
txn_010727,758.52,Netbanking,wrong_otp,Kotak,22,4,0,0,0.965,1
txn_010728,1265.84,UPI,insufficient_funds,Axis,1,1,0,3,0.689,0
txn_010729,531.78,Credit Card,insufficient_funds,Axis,7,4,0,2,0.781,0
txn_010730,1771.06,Debit Card,insufficient_funds,ICICI,6,5,1,0,0.68,0
txn_010731,335.25,UPI,network_timeout,Yes Bank,8,1,0,0,0.863,1
txn_010732,157.8,UPI,wrong_otp,SBI,14,0,0,1,0.687,0
txn_010733,556.12,UPI,insufficient_funds,IDFC,2,5,1,0,0.709,1
txn_010734,427.13,Debit Card,wrong_otp,HDFC,12,3,0,3,0.655,0
txn_010735,365.28,Wallet,wrong_otp,IDFC,23,3,0,1,0.697,0
txn_010736,754.1,UPI,bank_server_down,HDFC,5,4,0,1,0.899,0
txn_010737,517.83,Netbanking,wrong_otp,Axis,0,1,0,0,0.77,1
txn_010738,225.62,Wallet,risk_flagged,ICICI,18,4,0,3,0.956,0
txn_010739,1126.32,Credit Card,bank_server_down,SBI,12,1,0,1,0.869,1
txn_010740,237.99,UPI,risk_flagged,Kotak,23,5,1,0,0.702,0
txn_010741,4708.65,Debit Card,network_timeout,IDFC,0,5,1,2,0.896,0
txn_010742,121.6,UPI,network_timeout,IDFC,15,1,0,0,0.611,0
txn_010743,1186.4,Debit Card,card_declined,Axis,10,3,0,2,0.872,0
txn_010744,2504.32,UPI,card_declined,Kotak,3,2,0,0,0.896,0
txn_010745,402.57,UPI,network_timeout,Kotak,1,6,1,0,0.537,0
txn_010746,1026.67,Debit Card,bank_server_down,ICICI,18,3,0,0,0.432,1
txn_010747,472.23,UPI,card_declined,Yes Bank,20,5,1,0,0.563,1
txn_010748,1560.36,Debit Card,network_timeout,IDFC,16,1,0,0,0.873,1
txn_010749,343.17,Debit Card,network_timeout,SBI,11,5,1,1,0.831,0
txn_010750,145.49,Debit Card,risk_flagged,Yes Bank,20,5,1,1,0.89,0
txn_010751,768.96,Debit Card,wrong_otp,Axis,17,5,1,0,0.754,0
txn_010752,59.32,UPI,insufficient_funds,Axis,13,2,0,2,0.628,0
txn_010753,8144.0,UPI,expired_card,ICICI,10,4,0,0,0.751,0
txn_010754,425.54,Credit Card,insufficient_funds,IDFC,1,5,1,1,0.615,0
txn_010755,1533.39,UPI,insufficient_funds,IDFC,9,4,0,0,0.96,0
txn_010756,974.96,Wallet,wrong_otp,IDFC,6,2,0,0,0.491,0
txn_010757,136.63,UPI,card_declined,IDFC,16,2,0,0,0.512,1
txn_010758,1715.57,UPI,insufficient_funds,IDFC,16,4,0,1,0.419,0
txn_010759,1728.58,UPI,network_timeout,Axis,0,4,0,0,0.723,1
txn_010760,271.55,Credit Card,bank_server_down,SBI,20,6,1,0,0.876,1
txn_010761,1003.62,UPI,wrong_otp,Kotak,0,1,0,1,0.529,0
txn_010762,1749.2,UPI,network_timeout,ICICI,13,3,0,1,0.668,1
txn_010763,917.42,Credit Card,insufficient_funds,HDFC,3,5,1,2,0.744,0
txn_010764,3696.52,Debit Card,bank_server_down,ICICI,13,1,0,1,0.737,1
txn_010765,488.94,Debit Card,wrong_otp,Kotak,21,4,0,1,0.719,0
txn_010766,7680.4,UPI,network_timeout,Yes Bank,5,1,0,3,0.78,0
txn_010767,1778.45,UPI,wrong_otp,SBI,18,0,0,1,0.758,1
txn_010768,1697.34,UPI,network_timeout,SBI,17,2,0,2,0.817,1
txn_010769,532.87,Debit Card,bank_server_down,ICICI,17,2,0,0,0.771,0
txn_010770,100.0,Wallet,insufficient_funds,Axis,18,3,0,0,0.92,0
txn_010771,2070.86,UPI,insufficient_funds,IDFC,10,1,0,0,0.7,1
txn_010772,1136.06,UPI,risk_flagged,ICICI,12,1,0,0,0.764,1
txn_010773,685.38,Debit Card,insufficient_funds,ICICI,9,5,1,0,0.82,0
txn_010774,549.07,UPI,insufficient_funds,SBI,6,3,0,1,0.955,1
txn_010775,526.87,Netbanking,insufficient_funds,Yes Bank,3,0,0,2,0.53,0
txn_010776,513.61,Netbanking,wrong_otp,HDFC,22,4,0,0,0.885,0
txn_010777,953.86,Netbanking,network_timeout,SBI,17,2,0,1,0.627,1
txn_010778,293.71,Netbanking,wrong_otp,HDFC,13,6,1,0,0.767,0
txn_010779,166.94,UPI,insufficient_funds,Yes Bank,9,5,1,1,0.488,0
txn_010780,560.73,Credit Card,card_declined,HDFC,6,1,0,1,0.819,1
txn_010781,1361.57,Debit Card,insufficient_funds,Kotak,16,5,1,0,0.687,1
txn_010782,626.89,Netbanking,wrong_otp,HDFC,2,0,0,3,0.905,0
txn_010783,1237.42,UPI,card_declined,IDFC,13,0,0,1,0.775,1
txn_010784,380.73,UPI,insufficient_funds,Yes Bank,19,1,0,0,0.592,0
txn_010785,534.43,UPI,insufficient_funds,Kotak,23,6,1,1,0.875,0
txn_010786,1427.85,UPI,risk_flagged,Yes Bank,17,4,0,0,0.895,0
txn_010787,176.17,Credit Card,card_declined,SBI,6,6,1,2,0.74,0
txn_010788,393.13,Credit Card,wrong_otp,IDFC,12,0,0,0,0.627,1
txn_010789,216.01,Debit Card,card_declined,IDFC,5,1,0,0,0.871,0
txn_010790,173.26,Debit Card,card_declined,IDFC,16,1,0,0,0.574,0
txn_010791,736.3,UPI,insufficient_funds,SBI,0,0,0,0,0.754,1
txn_010792,364.72,Wallet,network_timeout,Kotak,6,0,0,1,0.512,0
txn_010793,2914.69,UPI,network_timeout,Kotak,19,3,0,0,0.493,0
txn_010794,902.5,Credit Card,network_timeout,Kotak,15,5,1,1,0.63,0
txn_010795,2072.3,Debit Card,bank_server_down,HDFC,20,0,0,0,0.634,0
txn_010796,245.62,Debit Card,wrong_otp,Yes Bank,22,6,1,1,0.878,1
txn_010797,646.75,Debit Card,insufficient_funds,Yes Bank,23,1,0,1,0.424,1
txn_010798,308.36,Netbanking,bank_server_down,SBI,10,0,0,1,0.608,1
txn_010799,2093.6,Netbanking,insufficient_funds,SBI,13,5,1,0,0.504,0
txn_010800,309.8,Credit Card,wrong_otp,Axis,4,6,1,3,0.863,0
txn_010801,1510.09,Debit Card,insufficient_funds,Kotak,20,4,0,1,0.964,0
txn_010802,172.33,Debit Card,network_timeout,HDFC,17,6,1,2,0.924,0
txn_010803,453.2,UPI,bank_server_down,ICICI,15,0,0,0,0.669,1
txn_010804,1926.24,UPI,wrong_otp,Axis,11,6,1,1,0.613,0
txn_010805,125.75,Netbanking,insufficient_funds,Axis,16,1,0,2,0.58,0
txn_010806,1265.23,Debit Card,insufficient_funds,ICICI,11,0,0,0,0.547,0
txn_010807,1528.51,Credit Card,network_timeout,Axis,8,1,0,0,0.575,1
txn_010808,341.64,Credit Card,insufficient_funds,ICICI,3,6,1,1,0.881,0
txn_010809,356.88,UPI,risk_flagged,Yes Bank,7,0,0,0,0.807,0
txn_010810,253.74,UPI,risk_flagged,Kotak,13,3,0,0,0.464,0
txn_010811,669.74,Credit Card,wrong_otp,Kotak,5,1,0,1,0.781,0
txn_010812,1563.6,Debit Card,risk_flagged,Yes Bank,7,0,0,1,0.815,0
txn_010813,1515.08,Debit Card,expired_card,Axis,9,0,0,0,0.672,0
txn_010814,1182.73,UPI,risk_flagged,Axis,8,6,1,0,0.724,1
txn_010815,621.69,UPI,expired_card,Kotak,18,4,0,0,0.644,1
txn_010816,779.04,UPI,network_timeout,IDFC,21,2,0,0,0.524,0
txn_010817,966.94,UPI,insufficient_funds,HDFC,6,2,0,1,0.933,0
txn_010818,659.05,UPI,insufficient_funds,Kotak,13,3,0,1,0.54,1
txn_010819,1147.53,UPI,insufficient_funds,Yes Bank,11,5,1,0,0.798,0
txn_010820,260.88,UPI,card_declined,IDFC,12,0,0,1,0.801,0
txn_010821,1118.14,Debit Card,network_timeout,ICICI,19,4,0,1,0.89,0
txn_010822,325.58,Netbanking,card_declined,ICICI,4,0,0,1,0.567,1
txn_010823,289.33,Debit Card,network_timeout,Yes Bank,17,0,0,0,0.921,1
txn_010824,71.27,UPI,card_declined,HDFC,2,6,1,1,0.971,1
txn_010825,1535.71,Debit Card,bank_server_down,ICICI,19,4,0,1,0.633,0
txn_010826,347.36,UPI,insufficient_funds,SBI,0,6,1,2,0.925,0
txn_010827,1018.55,UPI,insufficient_funds,Axis,20,5,1,2,0.762,0
txn_010828,220.4,Credit Card,insufficient_funds,Axis,11,4,0,0,0.892,1
txn_010829,3098.62,Debit Card,insufficient_funds,Kotak,22,5,1,2,0.724,0
txn_010830,729.5,UPI,card_declined,HDFC,17,5,1,2,0.798,1
txn_010831,2225.77,Netbanking,network_timeout,Yes Bank,2,3,0,0,0.672,0
txn_010832,3027.19,Credit Card,wrong_otp,Axis,10,5,1,0,0.598,0
txn_010833,326.57,UPI,network_timeout,Axis,0,0,0,0,0.908,1
txn_010834,590.08,UPI,card_declined,Kotak,12,0,0,0,0.884,1
txn_010835,3068.77,Credit Card,card_declined,HDFC,21,1,0,2,0.932,1
txn_010836,511.2,Debit Card,network_timeout,Yes Bank,10,2,0,1,0.92,0
txn_010837,677.18,Debit Card,bank_server_down,Axis,14,1,0,1,0.309,1
txn_010838,175.89,Netbanking,wrong_otp,Yes Bank,17,0,0,2,0.859,1
txn_010839,1093.41,UPI,risk_flagged,Yes Bank,1,3,0,1,0.65,0
txn_010840,69.54,UPI,insufficient_funds,SBI,13,1,0,1,0.667,1
txn_010841,398.98,Credit Card,insufficient_funds,Axis,4,6,1,2,0.915,0
txn_010842,364.57,Netbanking,insufficient_funds,ICICI,4,4,0,1,0.872,0
txn_010843,62.9,UPI,bank_server_down,SBI,18,2,0,0,0.663,1
txn_010844,545.99,UPI,card_declined,ICICI,15,6,1,2,0.806,0
txn_010845,553.8,Debit Card,insufficient_funds,Kotak,0,6,1,0,0.644,0
txn_010846,110.53,Debit Card,network_timeout,IDFC,14,2,0,1,0.908,1
txn_010847,130.29,UPI,insufficient_funds,IDFC,16,5,1,0,0.94,0
txn_010848,312.28,Debit Card,network_timeout,HDFC,2,6,1,1,0.792,1
txn_010849,1758.6,UPI,insufficient_funds,Axis,1,3,0,1,0.675,0
txn_010850,135.26,UPI,card_declined,IDFC,13,4,0,1,0.687,0
txn_010851,314.76,UPI,network_timeout,SBI,13,0,0,0,0.52,0
txn_010852,995.19,UPI,insufficient_funds,Yes Bank,13,3,0,0,0.882,1
txn_010853,195.99,Credit Card,card_declined,HDFC,9,2,0,0,0.667,0
txn_010854,7413.91,Debit Card,insufficient_funds,Yes Bank,18,6,1,0,0.747,0
txn_010855,1502.97,Debit Card,network_timeout,Axis,1,6,1,2,0.981,0
txn_010856,1833.14,Debit Card,risk_flagged,HDFC,16,3,0,1,0.628,0
txn_010857,1314.99,Netbanking,card_declined,SBI,13,5,1,0,0.638,0
txn_010858,717.42,Netbanking,card_declined,IDFC,15,4,0,1,0.625,1
txn_010859,2406.5,Netbanking,risk_flagged,Yes Bank,0,5,1,0,0.643,0
txn_010860,839.97,UPI,risk_flagged,SBI,8,4,0,0,0.908,0
txn_010861,507.63,UPI,bank_server_down,ICICI,5,5,1,0,0.592,0
txn_010862,1478.4,UPI,wrong_otp,HDFC,5,3,0,0,0.751,0
txn_010863,423.95,Netbanking,wrong_otp,Yes Bank,12,1,0,0,0.934,1
txn_010864,144.54,Credit Card,network_timeout,Axis,22,1,0,0,0.526,1
txn_010865,611.22,Credit Card,wrong_otp,ICICI,7,1,0,0,0.744,0
txn_010866,767.28,UPI,expired_card,Kotak,15,3,0,0,0.558,0
txn_010867,1126.47,Netbanking,wrong_otp,Axis,10,1,0,0,0.839,0
txn_010868,1397.59,Netbanking,insufficient_funds,Kotak,22,4,0,0,0.898,0
txn_010869,552.64,UPI,expired_card,Yes Bank,6,0,0,0,0.975,0
txn_010870,622.21,Netbanking,bank_server_down,SBI,2,5,1,0,0.656,0
txn_010871,150.75,Netbanking,insufficient_funds,Axis,22,2,0,3,0.649,0
txn_010872,1297.82,UPI,insufficient_funds,ICICI,5,2,0,0,0.423,1
txn_010873,2505.73,Debit Card,insufficient_funds,Yes Bank,2,1,0,0,0.571,1
txn_010874,610.91,Debit Card,wrong_otp,Yes Bank,16,3,0,1,0.87,1
txn_010875,661.97,Wallet,bank_server_down,Yes Bank,5,6,1,0,0.502,1
txn_010876,121.31,UPI,risk_flagged,Axis,10,1,0,1,0.28,0
txn_010877,1719.44,Wallet,insufficient_funds,Yes Bank,18,1,0,0,0.556,0
txn_010878,2521.84,UPI,wrong_otp,Axis,19,2,0,1,0.726,1
txn_010879,767.12,Debit Card,card_declined,SBI,1,3,0,0,0.904,1
txn_010880,305.49,Credit Card,risk_flagged,Kotak,3,1,0,1,0.821,0
txn_010881,1276.35,Wallet,wrong_otp,Kotak,9,1,0,0,0.929,0
txn_010882,322.52,UPI,insufficient_funds,Yes Bank,21,3,0,1,0.976,1
txn_010883,821.27,Netbanking,bank_server_down,SBI,9,3,0,0,0.772,0
txn_010884,316.65,Debit Card,network_timeout,Yes Bank,16,1,0,1,0.802,1
txn_010885,1485.67,Credit Card,insufficient_funds,ICICI,12,5,1,1,0.34,0
txn_010886,241.59,Debit Card,insufficient_funds,IDFC,12,4,0,0,0.79,1
txn_010887,604.19,Credit Card,insufficient_funds,ICICI,16,3,0,1,0.739,0
txn_010888,508.21,UPI,insufficient_funds,ICICI,6,6,1,0,0.63,0
txn_010889,535.58,UPI,risk_flagged,SBI,21,4,0,2,0.564,0
txn_010890,233.57,UPI,wrong_otp,ICICI,11,4,0,0,0.737,1
txn_010891,188.51,Debit Card,wrong_otp,Axis,0,2,0,0,0.91,1
txn_010892,849.02,Credit Card,insufficient_funds,Axis,18,0,0,0,0.771,1
txn_010893,420.99,UPI,insufficient_funds,Axis,18,2,0,0,0.734,0
txn_010894,2024.32,UPI,bank_server_down,Axis,1,5,1,0,0.402,0
txn_010895,1630.75,UPI,insufficient_funds,IDFC,21,6,1,2,0.801,0
txn_010896,799.39,Debit Card,card_declined,ICICI,15,0,0,0,0.366,0
txn_010897,2454.15,UPI,insufficient_funds,Axis,19,0,0,0,0.82,0
txn_010898,923.02,UPI,bank_server_down,Yes Bank,15,3,0,3,0.909,1
txn_010899,990.72,Debit Card,bank_server_down,Kotak,23,3,0,0,0.716,0
txn_010900,304.13,Debit Card,wrong_otp,HDFC,9,3,0,1,0.815,0
txn_010901,153.87,Wallet,expired_card,Axis,9,1,0,1,0.884,0
txn_010902,687.78,UPI,bank_server_down,Kotak,17,4,0,0,0.904,1
txn_010903,459.96,Debit Card,card_declined,SBI,21,6,1,3,0.202,0
txn_010904,1731.08,UPI,network_timeout,Yes Bank,3,4,0,0,0.914,0
txn_010905,120.23,UPI,card_declined,SBI,13,6,1,3,0.911,0
txn_010906,1050.31,UPI,network_timeout,SBI,12,5,1,0,0.857,1
txn_010907,3308.41,Credit Card,card_declined,Kotak,3,6,1,2,0.585,0
txn_010908,333.69,Credit Card,card_declined,IDFC,1,2,0,4,0.58,0
txn_010909,3290.11,Netbanking,risk_flagged,Kotak,3,4,0,2,0.667,0
txn_010910,426.61,Netbanking,bank_server_down,HDFC,6,0,0,1,0.735,1
txn_010911,217.59,Netbanking,network_timeout,Yes Bank,21,4,0,0,0.373,1
txn_010912,195.41,UPI,network_timeout,SBI,14,6,1,0,0.875,1
txn_010913,4388.37,UPI,card_declined,Kotak,8,6,1,0,0.572,0
txn_010914,1317.45,Wallet,insufficient_funds,IDFC,9,2,0,1,0.75,0
txn_010915,450.41,UPI,bank_server_down,IDFC,23,1,0,0,0.848,1
txn_010916,1431.13,UPI,wrong_otp,SBI,1,1,0,1,0.72,0
txn_010917,1646.34,UPI,network_timeout,Yes Bank,2,6,1,1,0.506,1
txn_010918,870.81,Debit Card,network_timeout,HDFC,14,0,0,0,0.9,1
txn_010919,495.07,UPI,insufficient_funds,ICICI,15,3,0,0,0.944,0
txn_010920,982.16,UPI,bank_server_down,Kotak,10,4,0,0,0.472,1
txn_010921,755.7,UPI,card_declined,Kotak,20,3,0,0,0.595,1
txn_010922,751.95,Credit Card,bank_server_down,Kotak,17,2,0,0,0.664,1
txn_010923,898.93,Debit Card,card_declined,IDFC,1,2,0,2,0.868,1
txn_010924,1941.14,Credit Card,insufficient_funds,HDFC,1,5,1,1,0.734,0
txn_010925,547.94,Credit Card,card_declined,Axis,4,2,0,0,0.438,0
txn_010926,2483.39,UPI,bank_server_down,Kotak,17,3,0,0,0.604,0
txn_010927,301.48,UPI,bank_server_down,Yes Bank,6,1,0,1,0.741,1
txn_010928,888.7,Debit Card,card_declined,IDFC,22,4,0,2,0.669,0
txn_010929,1772.01,Debit Card,insufficient_funds,Kotak,1,5,1,2,0.763,0
txn_010930,102.53,Debit Card,wrong_otp,HDFC,22,4,0,0,0.673,1
txn_010931,335.01,Credit Card,card_declined,SBI,11,0,0,1,0.669,1
txn_010932,140.78,Debit Card,insufficient_funds,HDFC,21,3,0,0,0.437,0
txn_010933,1400.74,UPI,bank_server_down,SBI,23,1,0,0,0.383,0
txn_010934,699.02,Credit Card,bank_server_down,HDFC,15,1,0,1,0.845,0
txn_010935,748.45,Debit Card,wrong_otp,SBI,11,1,0,1,0.809,1
txn_010936,1336.69,Debit Card,insufficient_funds,Yes Bank,14,4,0,0,0.571,0
txn_010937,2171.31,Credit Card,insufficient_funds,HDFC,0,2,0,0,0.68,0
txn_010938,285.04,UPI,insufficient_funds,HDFC,9,2,0,2,0.798,1
txn_010939,472.71,Credit Card,insufficient_funds,Kotak,15,6,1,1,0.861,1
txn_010940,611.7,Debit Card,risk_flagged,ICICI,22,0,0,0,0.807,0
txn_010941,1073.5,Credit Card,network_timeout,HDFC,2,5,1,1,0.751,1
txn_010942,1109.15,Credit Card,insufficient_funds,IDFC,23,6,1,0,0.805,0
txn_010943,276.67,Credit Card,bank_server_down,Yes Bank,3,3,0,0,0.715,0
txn_010944,1815.68,Credit Card,network_timeout,ICICI,23,2,0,0,0.875,0
txn_010945,197.91,Debit Card,wrong_otp,HDFC,17,6,1,2,0.763,0
txn_010946,205.57,UPI,risk_flagged,ICICI,22,5,1,1,0.338,0
txn_010947,143.42,Credit Card,insufficient_funds,Kotak,11,2,0,1,0.657,0
txn_010948,1733.99,Credit Card,bank_server_down,Axis,16,2,0,2,0.544,1
txn_010949,1335.2,Netbanking,bank_server_down,IDFC,16,5,1,1,0.683,1
txn_010950,1816.71,Wallet,bank_server_down,HDFC,10,2,0,1,0.893,1
txn_010951,343.65,Credit Card,insufficient_funds,SBI,21,3,0,0,0.658,0
txn_010952,8114.48,Wallet,bank_server_down,Kotak,6,2,0,0,0.819,0
txn_010953,3663.04,UPI,card_declined,Yes Bank,5,4,0,0,0.803,0
txn_010954,643.94,Netbanking,insufficient_funds,HDFC,10,4,0,0,0.536,0
txn_010955,1590.64,Netbanking,bank_server_down,SBI,7,5,1,1,0.911,1
txn_010956,406.21,Netbanking,wrong_otp,HDFC,8,1,0,1,0.789,0
txn_010957,79.72,UPI,card_declined,Kotak,8,2,0,2,0.925,0
txn_010958,825.16,UPI,card_declined,HDFC,9,5,1,2,0.671,0
txn_010959,3856.57,UPI,network_timeout,ICICI,14,2,0,1,0.918,1
txn_010960,1722.38,Debit Card,bank_server_down,Axis,2,5,1,2,0.55,1
txn_010961,566.87,UPI,insufficient_funds,ICICI,21,6,1,1,0.937,1
txn_010962,3218.34,UPI,network_timeout,HDFC,3,5,1,2,0.747,0
txn_010963,984.2,UPI,bank_server_down,Kotak,8,5,1,1,0.543,1
txn_010964,3471.48,Debit Card,insufficient_funds,IDFC,8,6,1,1,0.787,1
txn_010965,2009.03,UPI,risk_flagged,Axis,0,5,1,1,0.618,0
txn_010966,179.23,UPI,network_timeout,Axis,21,1,0,0,0.334,1
txn_010967,3474.54,UPI,wrong_otp,Yes Bank,21,0,0,0,0.604,1
txn_010968,1745.0,UPI,card_declined,Axis,11,0,0,0,0.925,1
txn_010969,1704.74,Wallet,bank_server_down,HDFC,3,5,1,1,0.903,1
txn_010970,1381.03,Wallet,risk_flagged,HDFC,8,2,0,0,0.891,1
txn_010971,478.38,UPI,wrong_otp,ICICI,11,6,1,1,0.853,1
txn_010972,19165.46,UPI,wrong_otp,IDFC,21,0,0,1,0.681,0
txn_010973,2754.03,UPI,wrong_otp,IDFC,21,5,1,0,0.85,0
txn_010974,768.7,Netbanking,network_timeout,ICICI,19,2,0,3,0.608,0
txn_010975,161.3,Credit Card,insufficient_funds,ICICI,4,4,0,0,0.744,0
txn_010976,771.38,UPI,bank_server_down,Axis,6,5,1,2,0.795,0
txn_010977,272.34,UPI,network_timeout,Axis,8,5,1,0,0.652,1
txn_010978,1422.92,UPI,insufficient_funds,SBI,15,2,0,0,0.546,1
txn_010979,2120.38,UPI,insufficient_funds,ICICI,21,1,0,2,0.68,0
txn_010980,564.32,UPI,card_declined,IDFC,20,2,0,2,0.951,0
txn_010981,1268.32,UPI,expired_card,IDFC,23,0,0,0,0.503,0
txn_010982,6268.67,Netbanking,bank_server_down,HDFC,11,5,1,1,0.678,1
txn_010983,98.16,UPI,insufficient_funds,Yes Bank,11,6,1,0,0.694,0
txn_010984,232.62,UPI,bank_server_down,HDFC,11,4,0,0,0.702,0
txn_010985,423.08,UPI,risk_flagged,Yes Bank,8,2,0,1,0.343,0
txn_010986,1163.7,Netbanking,wrong_otp,Axis,3,3,0,1,0.631,1
txn_010987,706.99,Netbanking,card_declined,ICICI,17,4,0,0,0.831,0
txn_010988,304.01,UPI,network_timeout,HDFC,19,6,1,1,0.949,1
txn_010989,229.98,Debit Card,network_timeout,ICICI,16,0,0,1,0.897,0
txn_010990,238.11,Debit Card,network_timeout,SBI,2,6,1,1,0.503,0
txn_010991,136.54,Debit Card,risk_flagged,Yes Bank,1,6,1,0,0.55,0
txn_010992,1635.75,UPI,bank_server_down,IDFC,16,3,0,0,0.736,1
txn_010993,819.55,Netbanking,bank_server_down,HDFC,18,4,0,0,0.781,1
txn_010994,1431.87,Debit Card,bank_server_down,Axis,6,6,1,1,0.577,1
txn_010995,2428.7,Credit Card,bank_server_down,HDFC,6,5,1,0,0.72,0
txn_010996,142.83,UPI,network_timeout,Yes Bank,14,2,0,2,0.832,1
txn_010997,388.58,Netbanking,card_declined,HDFC,6,2,0,0,0.525,1
txn_010998,1669.9,Wallet,insufficient_funds,ICICI,0,0,0,1,0.681,0
txn_010999,107.68,Wallet,insufficient_funds,IDFC,8,6,1,1,0.812,0
txn_011000,59.51,Debit Card,network_timeout,Yes Bank,23,4,0,2,0.63,0
txn_011001,2684.8,UPI,card_declined,HDFC,18,2,0,4,0.633,0
txn_011002,194.49,UPI,insufficient_funds,ICICI,12,4,0,1,0.718,0
txn_011003,323.61,UPI,card_declined,HDFC,13,4,0,0,0.635,0
txn_011004,528.58,UPI,card_declined,Kotak,18,6,1,0,0.653,0
txn_011005,486.71,UPI,network_timeout,Axis,7,5,1,0,0.726,1
txn_011006,392.11,Credit Card,wrong_otp,Kotak,4,4,0,1,0.88,0
txn_011007,508.56,Debit Card,insufficient_funds,ICICI,3,6,1,2,0.788,0
txn_011008,1730.18,Debit Card,bank_server_down,IDFC,12,3,0,0,0.656,1
txn_011009,83.06,UPI,network_timeout,SBI,6,2,0,0,0.55,1
txn_011010,4317.16,Credit Card,bank_server_down,HDFC,17,5,1,1,0.472,1
txn_011011,328.57,UPI,wrong_otp,Axis,20,0,0,0,0.82,1
txn_011012,359.52,UPI,wrong_otp,Kotak,12,3,0,0,0.836,0
txn_011013,225.48,UPI,network_timeout,Kotak,8,2,0,0,0.891,0
txn_011014,911.1,Debit Card,insufficient_funds,Yes Bank,4,6,1,2,0.73,0
txn_011015,378.44,Wallet,bank_server_down,Kotak,19,6,1,1,0.897,1
txn_011016,1201.96,Debit Card,network_timeout,SBI,15,1,0,1,0.798,1
txn_011017,916.78,UPI,card_declined,ICICI,20,4,0,0,0.791,0
txn_011018,1937.58,Debit Card,network_timeout,ICICI,20,4,0,0,0.624,1
txn_011019,2150.34,UPI,insufficient_funds,Yes Bank,5,0,0,1,0.799,0
txn_011020,1269.92,Netbanking,network_timeout,Yes Bank,19,6,1,0,0.937,1
txn_011021,2202.62,UPI,card_declined,Yes Bank,16,0,0,1,0.874,1
txn_011022,734.08,Debit Card,bank_server_down,SBI,23,6,1,1,0.829,1
txn_011023,1244.01,Netbanking,bank_server_down,SBI,17,0,0,0,0.579,1
txn_011024,289.4,UPI,wrong_otp,IDFC,4,2,0,0,0.896,1
txn_011025,195.66,Credit Card,bank_server_down,IDFC,3,1,0,3,0.823,1
txn_011026,836.66,Credit Card,insufficient_funds,ICICI,0,3,0,2,0.407,0
txn_011027,509.82,Credit Card,insufficient_funds,ICICI,22,6,1,1,0.664,0
txn_011028,1538.44,UPI,wrong_otp,Kotak,0,1,0,0,0.692,0
txn_011029,1200.08,Credit Card,expired_card,ICICI,8,5,1,3,0.685,0
txn_011030,441.08,UPI,bank_server_down,SBI,8,6,1,0,0.416,0
txn_011031,262.98,Debit Card,wrong_otp,ICICI,17,6,1,1,0.731,0
txn_011032,167.81,UPI,card_declined,Yes Bank,5,5,1,0,0.752,0
txn_011033,227.85,UPI,bank_server_down,Kotak,21,4,0,1,0.259,0
txn_011034,2055.86,Debit Card,wrong_otp,Yes Bank,17,6,1,2,0.58,0
txn_011035,2508.61,Wallet,card_declined,IDFC,11,0,0,1,0.903,0
txn_011036,383.84,UPI,card_declined,SBI,23,0,0,0,0.796,1
txn_011037,3057.85,UPI,insufficient_funds,ICICI,19,0,0,0,0.697,1
txn_011038,886.8,Netbanking,risk_flagged,Axis,16,4,0,0,0.562,0
txn_011039,1540.71,UPI,expired_card,SBI,2,6,1,0,0.924,0
txn_011040,854.86,Wallet,insufficient_funds,Yes Bank,7,3,0,1,0.56,0
txn_011041,499.2,UPI,network_timeout,IDFC,14,0,0,2,0.69,0
txn_011042,819.5,Debit Card,wrong_otp,ICICI,15,4,0,2,0.678,0
txn_011043,859.79,Credit Card,card_declined,IDFC,5,1,0,1,0.728,0
txn_011044,200.43,UPI,insufficient_funds,ICICI,3,6,1,0,0.617,1
txn_011045,620.42,Credit Card,risk_flagged,IDFC,13,5,1,1,0.316,0
txn_011046,1685.01,UPI,insufficient_funds,HDFC,1,5,1,0,0.727,0
txn_011047,224.84,UPI,bank_server_down,Kotak,5,6,1,2,0.858,1
txn_011048,1908.89,UPI,risk_flagged,Kotak,5,3,0,0,0.53,0
txn_011049,1882.74,UPI,network_timeout,Yes Bank,15,5,1,0,0.758,1
txn_011050,446.97,Credit Card,insufficient_funds,Kotak,3,1,0,0,0.766,0
txn_011051,2856.21,Debit Card,risk_flagged,ICICI,2,1,0,0,0.351,0
txn_011052,1198.08,Credit Card,insufficient_funds,Kotak,0,0,0,3,0.64,0
txn_011053,230.3,Netbanking,insufficient_funds,Kotak,11,5,1,1,0.765,0
txn_011054,712.99,Netbanking,insufficient_funds,ICICI,19,6,1,1,0.694,0
txn_011055,357.34,UPI,network_timeout,IDFC,15,2,0,1,0.845,0
txn_011056,105.0,Netbanking,bank_server_down,Yes Bank,4,1,0,0,0.742,1
txn_011057,1099.83,UPI,bank_server_down,HDFC,0,2,0,1,0.589,1
txn_011058,343.76,UPI,insufficient_funds,IDFC,8,0,0,1,0.905,1
txn_011059,539.4,Debit Card,bank_server_down,SBI,23,4,0,1,0.823,1
txn_011060,301.9,Credit Card,network_timeout,SBI,6,0,0,0,0.961,1
txn_011061,1577.89,UPI,insufficient_funds,Kotak,22,2,0,1,0.517,0
txn_011062,649.06,UPI,card_declined,ICICI,14,5,1,0,0.737,0
txn_011063,1078.74,Credit Card,card_declined,Axis,2,1,0,0,0.58,0
txn_011064,2047.53,Credit Card,expired_card,Kotak,23,0,0,0,0.82,0
txn_011065,1359.58,UPI,insufficient_funds,HDFC,13,5,1,0,0.689,0
txn_011066,255.92,Credit Card,bank_server_down,Axis,13,0,0,1,0.784,1
txn_011067,848.49,UPI,card_declined,Kotak,0,2,0,1,0.702,1
txn_011068,19714.47,Debit Card,card_declined,HDFC,15,5,1,1,0.845,0
txn_011069,554.61,Debit Card,card_declined,Yes Bank,19,5,1,1,0.51,0
txn_011070,702.02,Debit Card,expired_card,Kotak,1,1,0,0,0.915,0
txn_011071,1470.23,UPI,network_timeout,Yes Bank,17,3,0,1,0.732,1
txn_011072,234.23,Netbanking,bank_server_down,Axis,7,1,0,1,0.819,0
txn_011073,610.64,UPI,insufficient_funds,ICICI,16,5,1,3,0.877,0
txn_011074,6590.98,Debit Card,bank_server_down,Kotak,7,5,1,1,0.399,1
txn_011075,1796.63,Debit Card,network_timeout,IDFC,2,5,1,3,0.572,0
txn_011076,399.85,UPI,card_declined,HDFC,21,3,0,0,0.69,1
txn_011077,1248.23,Netbanking,bank_server_down,SBI,7,1,0,0,0.93,0
txn_011078,5122.15,UPI,risk_flagged,IDFC,0,5,1,0,0.813,0
txn_011079,993.15,Credit Card,wrong_otp,Axis,6,4,0,0,0.892,1
txn_011080,412.56,Wallet,insufficient_funds,Kotak,9,4,0,2,0.704,1
txn_011081,6149.92,Credit Card,bank_server_down,Kotak,19,2,0,0,0.803,0
txn_011082,1005.99,Debit Card,card_declined,Kotak,18,5,1,0,0.725,0
txn_011083,694.36,UPI,risk_flagged,Yes Bank,18,6,1,0,0.604,0
txn_011084,105.63,UPI,bank_server_down,ICICI,8,5,1,1,0.766,1
txn_011085,253.95,UPI,bank_server_down,Kotak,22,1,0,2,0.709,0
txn_011086,2131.67,UPI,insufficient_funds,IDFC,16,3,0,1,0.703,0
txn_011087,114.72,UPI,card_declined,ICICI,9,5,1,1,0.899,1
txn_011088,1125.23,Netbanking,insufficient_funds,Yes Bank,16,3,0,0,0.905,0
txn_011089,1768.08,UPI,risk_flagged,IDFC,23,1,0,0,0.452,0
txn_011090,2606.98,Credit Card,network_timeout,ICICI,5,3,0,3,0.472,0
txn_011091,44.34,Debit Card,card_declined,Kotak,7,6,1,0,0.726,0
txn_011092,90.43,UPI,expired_card,HDFC,7,2,0,2,0.36,0
txn_011093,163.31,Debit Card,insufficient_funds,ICICI,5,0,0,1,0.85,1
txn_011094,328.85,UPI,bank_server_down,ICICI,3,5,1,2,0.722,0
txn_011095,249.98,Credit Card,card_declined,IDFC,6,5,1,2,0.868,0
txn_011096,178.5,UPI,bank_server_down,SBI,8,0,0,1,0.848,0
txn_011097,503.47,Credit Card,bank_server_down,Kotak,15,1,0,1,0.573,1
txn_011098,247.39,UPI,wrong_otp,HDFC,3,2,0,0,0.596,1
txn_011099,982.5,Credit Card,expired_card,Yes Bank,18,6,1,2,0.579,0
txn_011100,922.91,Debit Card,insufficient_funds,Kotak,1,0,0,1,0.751,0
txn_011101,199.93,Credit Card,insufficient_funds,IDFC,12,0,0,1,0.721,0
txn_011102,337.33,UPI,bank_server_down,Axis,16,5,1,1,0.708,1
txn_011103,746.29,UPI,risk_flagged,Axis,19,3,0,1,0.553,1
txn_011104,1121.2,Netbanking,wrong_otp,HDFC,22,1,0,3,0.67,0
txn_011105,733.13,UPI,insufficient_funds,ICICI,0,6,1,3,0.593,0
txn_011106,977.17,UPI,insufficient_funds,ICICI,22,6,1,0,0.755,1
txn_011107,555.09,UPI,bank_server_down,Yes Bank,16,5,1,0,0.75,1
txn_011108,268.24,Credit Card,insufficient_funds,Axis,17,4,0,1,0.658,0
txn_011109,362.45,Credit Card,insufficient_funds,ICICI,9,6,1,0,0.428,0
txn_011110,297.36,Credit Card,insufficient_funds,HDFC,14,1,0,1,0.495,0
txn_011111,135.44,UPI,card_declined,HDFC,5,2,0,0,0.85,1
txn_011112,621.26,UPI,bank_server_down,HDFC,14,3,0,1,0.632,0
txn_011113,539.71,Credit Card,expired_card,Yes Bank,14,1,0,2,0.762,0
txn_011114,1188.04,UPI,wrong_otp,Kotak,9,3,0,0,0.646,0
txn_011115,5873.11,Credit Card,bank_server_down,SBI,5,5,1,0,0.704,0
txn_011116,976.83,Credit Card,insufficient_funds,Kotak,1,2,0,1,0.727,0
txn_011117,429.33,Debit Card,wrong_otp,IDFC,18,6,1,1,0.467,1
txn_011118,1125.61,Credit Card,bank_server_down,HDFC,14,2,0,0,0.663,1
txn_011119,822.11,UPI,insufficient_funds,SBI,10,2,0,0,0.786,1
txn_011120,262.74,UPI,risk_flagged,SBI,20,2,0,1,0.614,0
txn_011121,1447.49,UPI,card_declined,Yes Bank,9,5,1,0,0.841,0
txn_011122,106.43,UPI,bank_server_down,SBI,5,2,0,1,0.606,1
txn_011123,1116.96,UPI,wrong_otp,IDFC,0,4,0,0,0.912,1
txn_011124,818.6,Debit Card,insufficient_funds,Axis,14,5,1,0,0.722,1
txn_011125,278.91,Debit Card,insufficient_funds,IDFC,22,5,1,0,0.807,0
txn_011126,454.83,Debit Card,network_timeout,IDFC,14,3,0,0,0.825,0
txn_011127,768.12,Credit Card,network_timeout,Axis,4,3,0,2,0.559,0
txn_011128,1385.58,UPI,bank_server_down,Yes Bank,5,5,1,1,0.632,0
txn_011129,684.21,UPI,wrong_otp,HDFC,22,2,0,1,0.897,1
txn_011130,314.77,Credit Card,insufficient_funds,ICICI,3,0,0,1,0.382,0
txn_011131,455.99,Wallet,network_timeout,SBI,3,4,0,0,0.911,1
txn_011132,935.92,UPI,bank_server_down,SBI,11,5,1,0,0.593,1
txn_011133,696.09,Credit Card,insufficient_funds,Kotak,5,2,0,0,0.738,0
txn_011134,1375.84,Netbanking,insufficient_funds,ICICI,10,4,0,1,0.931,1
txn_011135,308.12,Debit Card,bank_server_down,Yes Bank,16,0,0,2,0.892,0
txn_011136,454.17,UPI,insufficient_funds,Kotak,3,3,0,1,0.877,0
txn_011137,607.57,Credit Card,risk_flagged,ICICI,15,2,0,0,0.778,0
txn_011138,174.38,UPI,card_declined,HDFC,21,5,1,0,0.822,0
txn_011139,74.63,UPI,bank_server_down,HDFC,23,4,0,0,0.713,0
txn_011140,1212.2,UPI,network_timeout,SBI,2,2,0,0,0.844,1
txn_011141,1010.6,UPI,card_declined,SBI,16,6,1,0,0.651,1
txn_011142,820.83,Netbanking,card_declined,IDFC,2,6,1,0,0.345,0
txn_011143,597.71,UPI,risk_flagged,Kotak,3,3,0,1,0.757,1
txn_011144,801.76,UPI,bank_server_down,Yes Bank,7,6,1,1,0.847,1
txn_011145,803.8,UPI,risk_flagged,IDFC,9,5,1,2,0.197,0
txn_011146,292.95,UPI,bank_server_down,Kotak,7,3,0,0,0.846,1
txn_011147,1010.15,UPI,wrong_otp,ICICI,11,2,0,2,0.782,1
txn_011148,157.55,Netbanking,bank_server_down,Yes Bank,6,5,1,0,0.607,1
txn_011149,143.16,UPI,insufficient_funds,Yes Bank,13,0,0,0,0.504,0
txn_011150,236.86,UPI,bank_server_down,Yes Bank,16,5,1,0,0.776,1
txn_011151,1620.27,Debit Card,bank_server_down,SBI,7,5,1,4,0.33,0
txn_011152,571.58,UPI,insufficient_funds,SBI,6,0,0,1,0.864,1
txn_011153,3449.16,UPI,wrong_otp,Kotak,22,1,0,0,0.679,1
txn_011154,554.07,Debit Card,bank_server_down,Kotak,4,0,0,1,0.923,1
txn_011155,3176.91,Debit Card,card_declined,Kotak,5,0,0,0,0.65,1
txn_011156,1387.45,UPI,bank_server_down,HDFC,23,1,0,1,0.669,0
txn_011157,1819.43,UPI,insufficient_funds,ICICI,5,0,0,2,0.916,0
txn_011158,231.85,Credit Card,expired_card,Axis,6,1,0,1,0.517,0
txn_011159,1877.64,UPI,insufficient_funds,Yes Bank,14,6,1,0,0.731,1
txn_011160,1631.79,Debit Card,wrong_otp,ICICI,15,6,1,0,0.31,1
txn_011161,373.7,Wallet,bank_server_down,ICICI,10,3,0,0,0.855,0
txn_011162,1254.4,UPI,insufficient_funds,HDFC,14,5,1,0,0.826,0
txn_011163,2071.58,UPI,insufficient_funds,SBI,15,3,0,0,0.907,0
txn_011164,9415.74,Wallet,network_timeout,Kotak,16,1,0,0,0.91,1
txn_011165,921.62,UPI,card_declined,HDFC,20,6,1,2,0.822,1
txn_011166,91.58,Netbanking,bank_server_down,HDFC,18,0,0,0,0.951,1
txn_011167,286.56,UPI,card_declined,Axis,12,0,0,1,0.83,0
txn_011168,1829.12,Credit Card,expired_card,Kotak,6,0,0,0,0.449,0
txn_011169,288.21,Debit Card,wrong_otp,HDFC,17,3,0,0,0.773,0
txn_011170,1167.05,Credit Card,insufficient_funds,Yes Bank,5,3,0,0,0.945,0
txn_011171,227.9,Debit Card,insufficient_funds,SBI,14,2,0,2,0.542,0
txn_011172,1618.46,Debit Card,card_declined,ICICI,7,5,1,1,0.689,1
txn_011173,464.81,UPI,insufficient_funds,HDFC,21,6,1,1,0.565,1
txn_011174,518.0,UPI,card_declined,HDFC,13,6,1,1,0.4,1
txn_011175,1108.6,UPI,bank_server_down,Yes Bank,5,4,0,1,0.905,0
txn_011176,706.02,UPI,network_timeout,IDFC,5,6,1,1,0.751,1
txn_011177,681.88,Debit Card,card_declined,Kotak,9,4,0,1,0.944,1
txn_011178,636.45,UPI,wrong_otp,HDFC,6,3,0,0,0.241,0
txn_011179,1226.55,Debit Card,card_declined,Yes Bank,4,1,0,0,0.966,0
txn_011180,418.1,Wallet,insufficient_funds,Yes Bank,4,2,0,1,0.691,1
txn_011181,142.86,Credit Card,card_declined,SBI,17,2,0,2,0.729,0
txn_011182,908.83,UPI,card_declined,Kotak,4,2,0,1,0.547,0
txn_011183,784.45,Credit Card,insufficient_funds,HDFC,18,2,0,0,0.892,1
txn_011184,1874.24,Credit Card,insufficient_funds,Axis,22,4,0,1,0.702,1
txn_011185,3845.58,Debit Card,wrong_otp,Yes Bank,23,3,0,0,0.556,1
txn_011186,466.77,Debit Card,insufficient_funds,SBI,20,4,0,1,0.755,0
txn_011187,265.09,UPI,card_declined,SBI,14,1,0,0,0.689,0
txn_011188,239.63,Debit Card,card_declined,IDFC,8,0,0,0,0.624,1
txn_011189,1297.97,Credit Card,risk_flagged,HDFC,21,3,0,0,0.827,0
txn_011190,391.62,UPI,card_declined,HDFC,18,5,1,1,0.979,0
txn_011191,281.38,Credit Card,risk_flagged,Axis,12,1,0,0,0.72,0
txn_011192,3541.77,Netbanking,wrong_otp,HDFC,23,3,0,0,0.709,0
txn_011193,1305.95,UPI,insufficient_funds,IDFC,3,3,0,0,0.446,0
txn_011194,10699.06,UPI,card_declined,ICICI,23,1,0,0,0.661,0
txn_011195,3315.32,UPI,insufficient_funds,Yes Bank,19,0,0,3,0.772,0
txn_011196,556.08,UPI,insufficient_funds,SBI,11,2,0,2,0.566,0
txn_011197,410.81,Debit Card,risk_flagged,IDFC,12,2,0,1,0.571,0
txn_011198,694.85,Credit Card,expired_card,HDFC,15,1,0,0,0.91,1
txn_011199,234.78,UPI,wrong_otp,SBI,14,4,0,1,0.771,1
txn_011200,1636.85,UPI,insufficient_funds,Yes Bank,19,1,0,0,0.474,0
txn_011201,1356.03,Netbanking,bank_server_down,Axis,15,5,1,1,0.796,1
txn_011202,123.49,UPI,bank_server_down,IDFC,20,5,1,0,0.694,1
txn_011203,900.09,UPI,bank_server_down,HDFC,23,1,0,1,0.805,1
txn_011204,545.11,Debit Card,network_timeout,ICICI,9,6,1,1,0.651,1
txn_011205,879.38,Debit Card,insufficient_funds,ICICI,19,0,0,1,0.709,0
txn_011206,560.27,UPI,risk_flagged,ICICI,12,4,0,0,0.743,1
txn_011207,252.86,Netbanking,card_declined,SBI,7,2,0,1,0.735,0
txn_011208,298.19,UPI,insufficient_funds,Yes Bank,21,4,0,0,0.456,1
txn_011209,1151.15,Netbanking,insufficient_funds,Kotak,6,5,1,0,0.976,0
txn_011210,898.92,Debit Card,bank_server_down,Kotak,18,2,0,0,0.631,0
txn_011211,161.65,Credit Card,expired_card,ICICI,6,4,0,0,0.927,0
txn_011212,516.67,Debit Card,card_declined,Kotak,8,3,0,0,0.821,0
txn_011213,319.01,Netbanking,bank_server_down,Axis,16,5,1,1,0.447,1
txn_011214,308.67,UPI,insufficient_funds,HDFC,16,2,0,3,0.652,0
txn_011215,2574.24,Credit Card,bank_server_down,Kotak,12,5,1,0,0.805,1
txn_011216,519.09,UPI,network_timeout,Kotak,3,5,1,0,0.886,0
txn_011217,381.51,UPI,bank_server_down,Kotak,4,6,1,0,0.909,1
txn_011218,145.07,Debit Card,card_declined,Kotak,9,4,0,0,0.78,1
txn_011219,669.05,UPI,insufficient_funds,Yes Bank,10,4,0,0,0.514,0
txn_011220,800.3,UPI,card_declined,HDFC,15,3,0,0,0.684,1
txn_011221,744.04,UPI,expired_card,Yes Bank,17,3,0,1,0.797,0
txn_011222,791.34,UPI,insufficient_funds,SBI,14,5,1,1,0.799,0
txn_011223,2582.51,Debit Card,insufficient_funds,Kotak,13,6,1,0,0.843,1
txn_011224,3461.9,UPI,insufficient_funds,HDFC,19,6,1,2,0.876,0
txn_011225,660.21,Credit Card,wrong_otp,Kotak,14,3,0,1,0.77,1
txn_011226,1326.76,Credit Card,bank_server_down,Kotak,10,1,0,0,0.792,0
txn_011227,635.36,Wallet,wrong_otp,SBI,20,3,0,2,0.872,0
txn_011228,6788.13,Debit Card,insufficient_funds,Yes Bank,5,6,1,1,0.934,1
txn_011229,1605.67,Credit Card,card_declined,SBI,2,4,0,0,0.781,1
txn_011230,279.82,Credit Card,risk_flagged,Kotak,17,4,0,1,0.796,0
txn_011231,1731.49,UPI,wrong_otp,Axis,7,5,1,2,0.592,0
txn_011232,868.33,Debit Card,wrong_otp,Yes Bank,22,2,0,1,0.738,1
txn_011233,945.81,UPI,insufficient_funds,IDFC,0,0,0,0,0.914,0
txn_011234,725.98,UPI,expired_card,SBI,9,1,0,1,0.737,1
txn_011235,459.76,UPI,insufficient_funds,Yes Bank,9,4,0,2,0.734,0
txn_011236,211.3,Debit Card,bank_server_down,Kotak,6,2,0,1,0.543,0
txn_011237,441.03,Credit Card,network_timeout,ICICI,13,3,0,0,0.855,1
txn_011238,581.63,UPI,card_declined,Yes Bank,13,0,0,0,0.857,1
txn_011239,1793.66,Credit Card,insufficient_funds,Axis,11,2,0,1,0.923,0
txn_011240,517.39,Credit Card,card_declined,Yes Bank,21,6,1,1,0.64,0
txn_011241,950.42,Debit Card,insufficient_funds,Kotak,7,2,0,1,0.82,0
txn_011242,1787.76,Credit Card,bank_server_down,ICICI,6,5,1,0,0.601,1
txn_011243,1625.11,Debit Card,risk_flagged,HDFC,11,4,0,1,0.815,0
txn_011244,338.38,Credit Card,card_declined,Yes Bank,10,1,0,1,0.833,1
txn_011245,1507.99,Wallet,wrong_otp,Kotak,21,1,0,2,0.789,0
txn_011246,1169.03,UPI,network_timeout,HDFC,21,3,0,1,0.889,1
txn_011247,91.82,Debit Card,network_timeout,Kotak,20,1,0,1,0.878,1
txn_011248,370.34,Debit Card,expired_card,ICICI,11,0,0,1,0.929,0
txn_011249,920.46,Debit Card,insufficient_funds,ICICI,1,0,0,0,0.626,0
txn_011250,5296.06,Netbanking,card_declined,IDFC,11,2,0,1,0.872,0
txn_011251,531.82,UPI,insufficient_funds,ICICI,1,4,0,0,0.931,0
txn_011252,3423.59,Netbanking,bank_server_down,IDFC,22,4,0,0,0.736,1
txn_011253,67.75,Credit Card,insufficient_funds,SBI,11,4,0,0,0.641,1
txn_011254,1970.91,Credit Card,risk_flagged,Kotak,13,4,0,1,0.856,1
txn_011255,2789.83,Credit Card,expired_card,IDFC,7,0,0,0,0.646,0
txn_011256,5424.83,UPI,insufficient_funds,HDFC,7,1,0,0,0.786,0
txn_011257,867.85,Netbanking,wrong_otp,SBI,21,2,0,0,0.772,1
txn_011258,606.71,UPI,insufficient_funds,Yes Bank,17,6,1,0,0.601,0
txn_011259,268.06,UPI,insufficient_funds,SBI,10,5,1,2,0.786,1
txn_011260,1935.78,UPI,expired_card,Axis,20,1,0,0,0.631,1
txn_011261,243.78,Debit Card,bank_server_down,SBI,7,0,0,0,0.522,1
txn_011262,101.35,Credit Card,network_timeout,Yes Bank,14,6,1,0,0.28,1
txn_011263,322.17,UPI,card_declined,IDFC,9,3,0,2,0.895,0
txn_011264,5421.29,Debit Card,bank_server_down,HDFC,9,0,0,1,0.683,0
txn_011265,1892.7,Debit Card,wrong_otp,ICICI,10,3,0,0,0.606,0
txn_011266,1398.34,UPI,insufficient_funds,Kotak,5,0,0,0,0.503,1
txn_011267,724.1,Debit Card,bank_server_down,Yes Bank,16,4,0,1,0.848,1
txn_011268,1062.63,Debit Card,insufficient_funds,Yes Bank,11,2,0,1,0.201,0
txn_011269,870.88,UPI,wrong_otp,ICICI,9,0,0,0,0.696,1
txn_011270,345.36,Credit Card,insufficient_funds,Yes Bank,6,3,0,0,0.529,0
txn_011271,2792.38,Debit Card,network_timeout,IDFC,1,6,1,0,0.634,0
txn_011272,755.47,UPI,card_declined,HDFC,15,1,0,0,0.784,1
txn_011273,420.93,Wallet,wrong_otp,SBI,13,3,0,0,0.645,0
txn_011274,1076.71,UPI,insufficient_funds,Yes Bank,16,1,0,0,0.683,1
txn_011275,277.08,Debit Card,wrong_otp,SBI,21,0,0,0,0.797,0
txn_011276,1124.87,Credit Card,bank_server_down,SBI,21,2,0,1,0.793,1
txn_011277,872.75,Debit Card,network_timeout,IDFC,9,4,0,1,0.583,0
txn_011278,1167.51,Wallet,insufficient_funds,Kotak,8,4,0,2,0.64,0
txn_011279,77.35,UPI,card_declined,ICICI,13,3,0,0,0.832,0
txn_011280,905.12,Credit Card,bank_server_down,ICICI,12,5,1,3,0.788,0
txn_011281,2787.05,UPI,wrong_otp,HDFC,9,6,1,1,0.715,0
txn_011282,176.79,UPI,expired_card,IDFC,19,1,0,0,0.768,0
txn_011283,1282.04,UPI,network_timeout,SBI,1,2,0,0,0.404,0
txn_011284,54.22,UPI,network_timeout,SBI,16,6,1,0,0.692,1
txn_011285,1300.91,Credit Card,card_declined,Yes Bank,15,6,1,3,0.657,0
txn_011286,541.09,UPI,insufficient_funds,ICICI,13,4,0,1,0.45,0
txn_011287,1745.9,UPI,network_timeout,Kotak,21,0,0,0,0.746,1
txn_011288,195.56,Credit Card,insufficient_funds,IDFC,3,5,1,1,0.533,0
txn_011289,1127.83,UPI,network_timeout,HDFC,0,3,0,1,0.713,1
txn_011290,1099.33,Netbanking,insufficient_funds,HDFC,1,3,0,0,0.572,0
txn_011291,380.21,Credit Card,network_timeout,HDFC,16,0,0,1,0.413,1
txn_011292,191.78,UPI,bank_server_down,SBI,20,4,0,0,0.871,1
txn_011293,541.48,UPI,insufficient_funds,ICICI,6,1,0,0,0.759,1
txn_011294,559.32,Debit Card,network_timeout,Yes Bank,22,3,0,0,0.683,0
txn_011295,172.34,UPI,insufficient_funds,SBI,15,0,0,1,0.485,1
txn_011296,4286.16,Credit Card,card_declined,SBI,7,4,0,0,0.836,1
txn_011297,480.85,UPI,bank_server_down,SBI,13,5,1,1,0.855,1
txn_011298,547.12,UPI,card_declined,HDFC,20,3,0,0,0.656,1
txn_011299,478.05,Credit Card,insufficient_funds,IDFC,7,5,1,0,0.773,0
txn_011300,324.86,Credit Card,risk_flagged,SBI,13,4,0,0,0.846,0
txn_011301,4211.82,Credit Card,insufficient_funds,HDFC,11,2,0,1,0.601,0
txn_011302,669.8,UPI,insufficient_funds,Yes Bank,16,2,0,0,0.863,0
txn_011303,92.65,Debit Card,bank_server_down,ICICI,18,0,0,2,0.654,0
txn_011304,1001.76,UPI,bank_server_down,Axis,16,3,0,1,0.665,0
txn_011305,391.46,UPI,network_timeout,Axis,15,4,0,0,0.615,1
txn_011306,117.1,Wallet,insufficient_funds,SBI,0,0,0,3,0.79,0
txn_011307,1714.5,Credit Card,bank_server_down,ICICI,15,6,1,1,0.796,1
txn_011308,633.86,UPI,card_declined,IDFC,11,5,1,2,0.873,0
txn_011309,249.99,Credit Card,insufficient_funds,Axis,20,5,1,1,0.456,0
txn_011310,1455.08,UPI,insufficient_funds,IDFC,19,6,1,0,0.876,0
txn_011311,305.66,UPI,insufficient_funds,ICICI,15,6,1,1,0.81,0
txn_011312,149.41,Wallet,bank_server_down,Axis,4,5,1,0,0.858,0
txn_011313,543.63,Credit Card,card_declined,Axis,14,1,0,1,0.776,0
txn_011314,2079.96,Debit Card,card_declined,Yes Bank,5,1,0,1,0.393,0
txn_011315,2220.49,Credit Card,insufficient_funds,HDFC,22,0,0,1,0.828,0
txn_011316,817.92,UPI,card_declined,Kotak,12,4,0,0,0.627,1
txn_011317,4839.85,UPI,bank_server_down,IDFC,22,4,0,1,0.47,0
txn_011318,169.74,Debit Card,insufficient_funds,IDFC,5,4,0,0,0.811,1
txn_011319,4993.47,UPI,bank_server_down,SBI,16,6,1,1,0.712,1
txn_011320,1290.67,UPI,card_declined,Axis,8,3,0,0,0.619,1
txn_011321,142.19,UPI,card_declined,Yes Bank,10,2,0,0,0.869,1
txn_011322,463.33,Netbanking,risk_flagged,Yes Bank,16,2,0,1,0.808,0
txn_011323,353.25,Debit Card,risk_flagged,HDFC,13,4,0,0,0.853,1
txn_011324,1497.63,Credit Card,wrong_otp,HDFC,14,0,0,1,0.86,0
txn_011325,253.5,Credit Card,card_declined,Axis,22,0,0,1,0.928,0
txn_011326,2549.53,UPI,network_timeout,ICICI,0,6,1,0,0.735,0
txn_011327,560.36,Credit Card,insufficient_funds,Yes Bank,8,5,1,0,0.58,0
txn_011328,623.47,Credit Card,wrong_otp,IDFC,11,4,0,0,0.346,0
txn_011329,2361.06,Debit Card,insufficient_funds,SBI,14,2,0,0,0.536,0
txn_011330,1155.3,UPI,network_timeout,Kotak,23,0,0,0,0.768,0
txn_011331,8494.94,Credit Card,card_declined,Yes Bank,6,6,1,0,0.712,0
txn_011332,508.63,Wallet,bank_server_down,IDFC,20,1,0,1,0.873,1
txn_011333,2244.66,UPI,wrong_otp,IDFC,6,3,0,0,0.714,1
txn_011334,4985.81,Wallet,network_timeout,Kotak,23,3,0,1,0.542,1
txn_011335,465.06,Debit Card,card_declined,Axis,0,2,0,2,0.755,0
txn_011336,344.4,UPI,network_timeout,Axis,1,4,0,0,0.764,0
txn_011337,809.13,UPI,insufficient_funds,Kotak,19,2,0,1,0.744,0
txn_011338,1218.18,Debit Card,wrong_otp,Kotak,0,1,0,1,0.848,1
txn_011339,1031.49,UPI,network_timeout,IDFC,13,1,0,1,0.424,1
txn_011340,561.26,UPI,card_declined,Axis,21,6,1,1,0.533,0
txn_011341,175.27,Debit Card,bank_server_down,SBI,15,3,0,1,0.576,0
txn_011342,1793.65,Debit Card,risk_flagged,HDFC,17,2,0,2,0.696,0
txn_011343,1839.81,Credit Card,insufficient_funds,ICICI,13,3,0,2,0.703,0
txn_011344,1858.21,Wallet,insufficient_funds,HDFC,6,3,0,0,0.791,1
txn_011345,187.2,Netbanking,wrong_otp,HDFC,15,1,0,0,0.667,1
txn_011346,290.76,Debit Card,network_timeout,HDFC,21,2,0,1,0.71,1
txn_011347,232.0,Credit Card,wrong_otp,Yes Bank,13,0,0,2,0.807,0
txn_011348,355.1,Debit Card,insufficient_funds,Yes Bank,19,6,1,1,0.81,0
txn_011349,503.73,Credit Card,insufficient_funds,SBI,7,4,0,0,0.583,1
txn_011350,1213.91,Debit Card,insufficient_funds,Yes Bank,15,3,0,2,0.763,0
txn_011351,1202.51,UPI,risk_flagged,IDFC,7,1,0,0,0.589,0
txn_011352,755.66,UPI,card_declined,SBI,17,5,1,1,0.866,0
txn_011353,912.34,Credit Card,insufficient_funds,Axis,22,2,0,1,0.78,0
txn_011354,634.47,UPI,network_timeout,HDFC,0,4,0,1,0.783,1
txn_011355,512.66,UPI,wrong_otp,Kotak,6,5,1,1,0.873,1
txn_011356,4973.49,UPI,bank_server_down,Yes Bank,4,4,0,0,0.613,0
txn_011357,543.57,Netbanking,wrong_otp,Axis,0,4,0,1,0.817,1
txn_011358,181.51,UPI,expired_card,IDFC,19,0,0,3,0.698,1
txn_011359,555.68,Debit Card,insufficient_funds,ICICI,19,3,0,0,0.579,1
txn_011360,2392.2,Netbanking,network_timeout,SBI,21,6,1,2,0.605,0
txn_011361,157.18,Debit Card,expired_card,Axis,10,0,0,1,0.64,0
txn_011362,421.16,Credit Card,insufficient_funds,HDFC,9,4,0,1,0.698,0
txn_011363,369.75,UPI,bank_server_down,SBI,1,4,0,1,0.719,1
txn_011364,569.47,UPI,card_declined,SBI,14,6,1,0,0.434,1
txn_011365,3600.86,Debit Card,card_declined,Axis,23,4,0,0,0.672,1
txn_011366,267.86,Debit Card,bank_server_down,ICICI,16,3,0,0,0.667,0
txn_011367,263.65,Credit Card,insufficient_funds,IDFC,2,0,0,1,0.9,0
txn_011368,383.28,UPI,risk_flagged,Yes Bank,3,2,0,1,0.903,0
txn_011369,207.9,UPI,risk_flagged,IDFC,12,3,0,0,0.804,0
txn_011370,485.98,UPI,insufficient_funds,IDFC,23,2,0,0,0.743,0
txn_011371,1438.59,Wallet,bank_server_down,SBI,13,5,1,0,0.767,1
txn_011372,213.18,UPI,wrong_otp,ICICI,16,6,1,0,0.638,0
txn_011373,2387.27,Credit Card,card_declined,Axis,19,1,0,0,0.628,0
txn_011374,3750.69,Wallet,insufficient_funds,Axis,6,1,0,2,0.951,0
txn_011375,308.13,Debit Card,network_timeout,SBI,3,4,0,1,0.74,0
txn_011376,294.77,Netbanking,insufficient_funds,HDFC,20,1,0,1,0.653,0
txn_011377,236.63,Credit Card,card_declined,ICICI,20,0,0,2,0.777,0
txn_011378,523.59,UPI,insufficient_funds,Yes Bank,1,6,1,2,0.627,0
txn_011379,385.11,Debit Card,card_declined,Axis,23,6,1,0,0.806,0
txn_011380,2716.97,UPI,network_timeout,Kotak,6,5,1,2,0.43,0
txn_011381,3056.42,UPI,insufficient_funds,Yes Bank,6,5,1,0,0.618,0
txn_011382,189.31,Credit Card,insufficient_funds,Kotak,15,1,0,2,0.878,0
txn_011383,2913.37,UPI,bank_server_down,HDFC,3,4,0,0,0.828,1
txn_011384,513.1,Debit Card,card_declined,HDFC,3,0,0,0,0.425,0
txn_011385,841.66,Netbanking,insufficient_funds,Yes Bank,13,4,0,0,0.554,0
txn_011386,259.43,Credit Card,insufficient_funds,Axis,21,2,0,1,0.599,0
txn_011387,979.65,UPI,card_declined,Yes Bank,21,2,0,1,0.856,0
txn_011388,359.32,UPI,wrong_otp,HDFC,14,5,1,0,0.784,1
txn_011389,787.46,UPI,network_timeout,Yes Bank,6,3,0,1,0.421,1
txn_011390,5154.37,Debit Card,bank_server_down,Yes Bank,21,2,0,0,0.958,1
txn_011391,86.23,Wallet,bank_server_down,SBI,16,2,0,1,0.832,1
txn_011392,367.1,UPI,insufficient_funds,ICICI,14,6,1,0,0.668,1
txn_011393,440.71,UPI,wrong_otp,Kotak,21,3,0,1,0.565,1
txn_011394,2741.47,UPI,network_timeout,IDFC,4,1,0,1,0.75,1
txn_011395,843.02,Credit Card,card_declined,Kotak,16,2,0,1,0.644,1
txn_011396,624.48,Netbanking,bank_server_down,Kotak,19,0,0,0,0.834,1
txn_011397,1594.44,Credit Card,insufficient_funds,Axis,21,2,0,0,0.823,0
txn_011398,2064.99,Netbanking,risk_flagged,Axis,21,1,0,0,0.877,0
txn_011399,1601.95,Debit Card,card_declined,Kotak,16,3,0,0,0.749,1
txn_011400,843.34,Credit Card,insufficient_funds,Axis,6,1,0,1,0.747,0
txn_011401,71.42,UPI,insufficient_funds,ICICI,12,0,0,1,0.404,0
txn_011402,746.15,Credit Card,bank_server_down,IDFC,15,1,0,1,0.774,1
txn_011403,439.53,UPI,card_declined,Yes Bank,3,6,1,1,0.792,0
txn_011404,1365.35,UPI,insufficient_funds,Kotak,22,0,0,1,0.724,1
txn_011405,273.27,Credit Card,network_timeout,ICICI,8,0,0,0,0.796,1
txn_011406,317.66,UPI,insufficient_funds,HDFC,10,1,0,0,0.7,0
txn_011407,180.3,UPI,bank_server_down,HDFC,16,5,1,1,0.818,1
txn_011408,929.66,UPI,risk_flagged,HDFC,8,2,0,2,0.807,0
txn_011409,1012.97,UPI,bank_server_down,IDFC,22,0,0,1,0.908,1
txn_011410,948.6,Debit Card,card_declined,Kotak,9,1,0,2,0.636,1
txn_011411,980.17,UPI,bank_server_down,SBI,21,0,0,0,0.755,1
txn_011412,469.79,Wallet,card_declined,Axis,12,1,0,0,0.455,1
txn_011413,1266.65,Credit Card,bank_server_down,Kotak,14,6,1,2,0.624,0
txn_011414,822.18,UPI,insufficient_funds,IDFC,14,2,0,2,0.677,0
txn_011415,1095.21,UPI,network_timeout,SBI,14,5,1,1,0.602,1
txn_011416,528.94,Debit Card,card_declined,Kotak,9,5,1,0,0.813,1
txn_011417,463.5,Credit Card,insufficient_funds,SBI,0,5,1,0,0.853,0
txn_011418,616.4,UPI,card_declined,Axis,2,1,0,2,0.791,0
txn_011419,803.01,Debit Card,risk_flagged,Yes Bank,10,1,0,3,0.568,0
txn_011420,420.74,Credit Card,insufficient_funds,Kotak,22,5,1,0,0.345,0
txn_011421,213.94,Netbanking,bank_server_down,Kotak,16,4,0,1,0.894,1
txn_011422,889.71,Netbanking,card_declined,Axis,5,4,0,1,0.674,1
txn_011423,336.36,UPI,risk_flagged,ICICI,0,0,0,0,0.927,1
txn_011424,299.03,Credit Card,risk_flagged,HDFC,1,0,0,1,0.719,0
txn_011425,959.14,Debit Card,bank_server_down,HDFC,18,2,0,0,0.826,0
txn_011426,489.85,Wallet,bank_server_down,SBI,5,3,0,0,0.726,0
txn_011427,1337.55,Debit Card,wrong_otp,HDFC,18,2,0,0,0.747,0
txn_011428,1387.94,Debit Card,bank_server_down,Yes Bank,8,0,0,0,0.726,1
txn_011429,3198.64,Debit Card,card_declined,Axis,5,0,0,1,0.684,0
txn_011430,408.27,Debit Card,bank_server_down,Yes Bank,11,2,0,1,0.946,1
txn_011431,7648.78,UPI,network_timeout,HDFC,7,4,0,0,0.75,1
txn_011432,2730.81,UPI,bank_server_down,Yes Bank,20,5,1,0,0.685,1
txn_011433,520.13,Debit Card,network_timeout,IDFC,14,1,0,1,0.782,0
txn_011434,384.9,UPI,bank_server_down,SBI,21,5,1,0,0.825,0
txn_011435,157.88,Debit Card,wrong_otp,Yes Bank,10,1,0,0,0.778,0
txn_011436,390.41,Debit Card,insufficient_funds,HDFC,11,2,0,1,0.487,0
txn_011437,438.17,Debit Card,insufficient_funds,Yes Bank,12,5,1,0,0.798,1
txn_011438,424.72,Debit Card,insufficient_funds,HDFC,22,6,1,1,0.921,0
txn_011439,1418.22,UPI,bank_server_down,Yes Bank,17,3,0,1,0.92,1
txn_011440,559.64,Netbanking,card_declined,ICICI,21,1,0,3,0.947,0
txn_011441,1702.92,UPI,insufficient_funds,IDFC,22,5,1,2,0.349,0
txn_011442,760.9,Debit Card,insufficient_funds,IDFC,0,6,1,1,0.888,1
txn_011443,1342.28,UPI,card_declined,HDFC,4,4,0,0,0.49,1
txn_011444,1104.06,UPI,network_timeout,SBI,12,4,0,0,0.841,1
txn_011445,127.74,Netbanking,wrong_otp,SBI,13,5,1,2,0.618,0
txn_011446,4605.2,Debit Card,bank_server_down,Axis,14,6,1,0,0.874,1
txn_011447,469.76,UPI,network_timeout,Kotak,6,5,1,0,0.627,0
txn_011448,1638.42,Debit Card,wrong_otp,SBI,17,1,0,0,0.735,0
txn_011449,420.61,Credit Card,insufficient_funds,HDFC,21,4,0,0,0.651,0
txn_011450,340.61,UPI,wrong_otp,Axis,22,6,1,1,0.796,1
txn_011451,368.74,Wallet,card_declined,Axis,19,3,0,1,0.307,1
txn_011452,462.74,UPI,wrong_otp,IDFC,20,0,0,0,0.73,1
txn_011453,4870.5,Debit Card,network_timeout,Kotak,23,4,0,0,0.497,0
txn_011454,1882.2,Debit Card,bank_server_down,IDFC,10,5,1,0,0.944,0
txn_011455,1313.18,UPI,wrong_otp,Kotak,0,6,1,1,0.537,1
txn_011456,990.21,Netbanking,insufficient_funds,Kotak,13,5,1,1,0.696,0
txn_011457,716.83,Wallet,card_declined,IDFC,14,0,0,0,0.682,1
txn_011458,690.01,Wallet,insufficient_funds,Axis,6,6,1,0,0.829,0
txn_011459,1001.15,Netbanking,network_timeout,Yes Bank,17,2,0,0,0.466,0
txn_011460,450.54,UPI,insufficient_funds,Kotak,0,1,0,1,0.643,0
txn_011461,487.59,Credit Card,insufficient_funds,Yes Bank,13,3,0,1,0.694,0
txn_011462,481.84,Credit Card,network_timeout,Axis,11,4,0,1,0.905,1
txn_011463,484.08,UPI,insufficient_funds,SBI,6,5,1,1,0.725,1
txn_011464,192.48,UPI,bank_server_down,Kotak,23,4,0,1,0.913,1
txn_011465,449.28,UPI,wrong_otp,IDFC,20,3,0,2,0.675,1
txn_011466,383.05,Debit Card,bank_server_down,IDFC,2,4,0,0,0.686,1
txn_011467,1416.55,Credit Card,network_timeout,HDFC,15,3,0,2,0.745,0
txn_011468,460.86,Netbanking,wrong_otp,ICICI,12,5,1,1,0.754,1
txn_011469,908.12,UPI,wrong_otp,HDFC,5,4,0,0,0.515,1
txn_011470,2005.71,Debit Card,insufficient_funds,Kotak,19,2,0,1,0.854,0
txn_011471,2847.72,UPI,insufficient_funds,ICICI,12,6,1,0,0.812,0
txn_011472,289.42,UPI,bank_server_down,IDFC,14,4,0,0,0.903,1
txn_011473,953.11,Debit Card,wrong_otp,HDFC,15,0,0,0,0.719,0
txn_011474,1966.63,UPI,insufficient_funds,ICICI,7,5,1,0,0.613,0
txn_011475,354.86,Credit Card,network_timeout,ICICI,21,2,0,1,0.76,1
txn_011476,1922.61,Netbanking,card_declined,Yes Bank,0,2,0,0,0.669,1
txn_011477,320.47,Credit Card,bank_server_down,SBI,15,0,0,1,0.881,1
txn_011478,398.21,Debit Card,card_declined,ICICI,10,1,0,0,0.69,0
txn_011479,2550.73,Debit Card,wrong_otp,HDFC,20,2,0,0,0.906,1
txn_011480,467.75,UPI,card_declined,Axis,20,3,0,0,0.673,1
txn_011481,97.0,UPI,bank_server_down,Yes Bank,16,0,0,0,0.791,1
txn_011482,229.06,Credit Card,insufficient_funds,IDFC,5,3,0,0,0.809,0
txn_011483,106.73,Credit Card,insufficient_funds,Axis,15,3,0,0,0.589,0
txn_011484,326.63,UPI,insufficient_funds,ICICI,4,4,0,0,0.651,0
txn_011485,3771.64,Debit Card,card_declined,ICICI,12,3,0,2,0.334,0
txn_011486,923.98,UPI,insufficient_funds,Axis,4,6,1,1,0.541,0
txn_011487,211.31,UPI,network_timeout,Axis,20,5,1,1,0.696,1
txn_011488,63.91,Netbanking,wrong_otp,SBI,9,2,0,0,0.837,0
txn_011489,498.62,Wallet,expired_card,HDFC,18,2,0,1,0.381,0
txn_011490,829.52,Debit Card,insufficient_funds,Yes Bank,0,1,0,0,0.863,1
txn_011491,964.56,UPI,expired_card,HDFC,19,5,1,0,0.572,0
txn_011492,308.41,Netbanking,bank_server_down,Kotak,11,5,1,1,0.738,0
txn_011493,177.65,Debit Card,wrong_otp,IDFC,3,0,0,0,0.568,1
txn_011494,2237.45,UPI,insufficient_funds,Kotak,20,6,1,0,0.737,0
txn_011495,46.38,UPI,card_declined,IDFC,20,3,0,1,0.668,1
txn_011496,354.54,Credit Card,insufficient_funds,Kotak,6,3,0,0,0.835,1
txn_011497,705.52,UPI,card_declined,ICICI,2,5,1,0,0.796,0
txn_011498,572.69,UPI,insufficient_funds,ICICI,22,0,0,0,0.592,0
txn_011499,243.79,Debit Card,card_declined,IDFC,15,3,0,1,0.848,0
txn_011500,138.13,Debit Card,insufficient_funds,HDFC,8,1,0,0,0.955,0
txn_011501,160.76,Debit Card,insufficient_funds,Kotak,3,3,0,2,0.871,0
txn_011502,1164.61,Netbanking,insufficient_funds,SBI,1,6,1,0,0.701,0
txn_011503,155.02,Debit Card,bank_server_down,Yes Bank,22,3,0,2,0.814,0
txn_011504,1227.79,Credit Card,insufficient_funds,HDFC,17,4,0,1,0.599,0
txn_011505,558.37,UPI,insufficient_funds,Kotak,1,0,0,1,0.723,1
txn_011506,528.51,Debit Card,insufficient_funds,Kotak,1,2,0,1,0.894,0
txn_011507,1111.22,UPI,bank_server_down,IDFC,22,2,0,0,0.71,0
txn_011508,171.93,Credit Card,bank_server_down,Kotak,18,1,0,0,0.584,1
txn_011509,1602.54,Debit Card,insufficient_funds,Yes Bank,4,5,1,1,0.949,0
txn_011510,1188.86,UPI,network_timeout,Kotak,1,3,0,0,0.766,1
txn_011511,1946.24,UPI,card_declined,SBI,14,1,0,2,0.657,0
txn_011512,1846.5,UPI,insufficient_funds,ICICI,23,3,0,0,0.679,1
txn_011513,1220.86,UPI,card_declined,ICICI,15,0,0,0,0.907,0
txn_011514,4078.77,Debit Card,insufficient_funds,SBI,21,0,0,1,0.58,0
txn_011515,1077.71,Debit Card,card_declined,ICICI,19,1,0,1,0.4,1
txn_011516,757.6,UPI,insufficient_funds,SBI,5,4,0,0,0.806,0
txn_011517,444.93,Debit Card,expired_card,SBI,17,5,1,0,0.979,0
txn_011518,645.07,Credit Card,wrong_otp,ICICI,4,3,0,2,0.742,0
txn_011519,3254.92,Wallet,network_timeout,Axis,7,4,0,1,0.871,0
txn_011520,1243.61,UPI,bank_server_down,HDFC,22,1,0,0,0.848,1
txn_011521,2543.53,UPI,insufficient_funds,Axis,20,5,1,0,0.723,0
txn_011522,422.33,UPI,network_timeout,Axis,8,5,1,1,0.681,1
txn_011523,355.34,Credit Card,insufficient_funds,Axis,1,2,0,0,0.932,1
txn_011524,366.19,Credit Card,insufficient_funds,Kotak,9,5,1,0,0.809,0
txn_011525,3956.54,Credit Card,expired_card,ICICI,4,4,0,1,0.859,0
txn_011526,583.84,Credit Card,risk_flagged,Yes Bank,16,6,1,0,0.732,1
txn_011527,3589.41,Credit Card,network_timeout,IDFC,6,3,0,0,0.695,1
txn_011528,1083.21,UPI,insufficient_funds,IDFC,2,1,0,1,0.786,0
txn_011529,562.1,Debit Card,insufficient_funds,Axis,3,0,0,1,0.919,0
txn_011530,289.8,Debit Card,card_declined,Kotak,12,4,0,0,0.638,0
txn_011531,2184.92,Credit Card,bank_server_down,ICICI,21,4,0,0,0.616,1
txn_011532,149.08,UPI,insufficient_funds,ICICI,23,1,0,0,0.712,0
txn_011533,857.18,Credit Card,network_timeout,Axis,6,1,0,0,0.728,1
txn_011534,410.24,Credit Card,insufficient_funds,Yes Bank,22,6,1,0,0.828,1
txn_011535,123.61,Debit Card,bank_server_down,IDFC,10,3,0,2,0.653,0
txn_011536,1487.27,Debit Card,insufficient_funds,ICICI,15,6,1,0,0.777,0
txn_011537,1722.96,UPI,card_declined,ICICI,14,5,1,2,0.954,0
txn_011538,1358.95,UPI,insufficient_funds,Yes Bank,5,4,0,0,0.852,0
txn_011539,461.1,UPI,network_timeout,Axis,22,4,0,1,0.853,1
txn_011540,1247.47,UPI,wrong_otp,Kotak,9,2,0,1,0.86,0
txn_011541,1817.45,Wallet,bank_server_down,Kotak,12,0,0,0,0.511,1
txn_011542,176.42,Credit Card,expired_card,HDFC,23,4,0,0,0.895,0
txn_011543,131.88,Debit Card,wrong_otp,Axis,2,1,0,2,0.458,0
txn_011544,3235.72,Netbanking,card_declined,HDFC,0,2,0,0,0.783,0
txn_011545,3533.27,Debit Card,risk_flagged,ICICI,21,6,1,1,0.729,0
txn_011546,621.7,UPI,insufficient_funds,ICICI,18,0,0,0,0.554,0
txn_011547,801.83,UPI,card_declined,HDFC,17,0,0,4,0.744,0
txn_011548,549.53,Debit Card,insufficient_funds,Kotak,5,0,0,1,0.743,1
txn_011549,906.18,UPI,network_timeout,Axis,20,6,1,1,0.684,1
txn_011550,1494.44,UPI,bank_server_down,Axis,17,1,0,1,0.506,1
txn_011551,1768.17,Debit Card,insufficient_funds,HDFC,11,2,0,0,0.412,0
txn_011552,1936.25,UPI,card_declined,Yes Bank,2,0,0,0,0.739,0
txn_011553,2421.61,UPI,insufficient_funds,HDFC,8,1,0,2,0.782,1
txn_011554,944.11,UPI,risk_flagged,Axis,20,5,1,0,0.978,0
txn_011555,2522.99,UPI,expired_card,SBI,2,3,0,1,0.879,0
txn_011556,215.95,Debit Card,bank_server_down,Axis,9,4,0,2,0.803,0
txn_011557,825.19,Netbanking,insufficient_funds,ICICI,16,3,0,2,0.767,0
txn_011558,549.45,Credit Card,bank_server_down,IDFC,0,3,0,0,0.687,1
txn_011559,802.69,UPI,insufficient_funds,Axis,22,1,0,0,0.819,0
txn_011560,21152.93,UPI,card_declined,Yes Bank,0,3,0,0,0.428,0
txn_011561,3455.69,Netbanking,network_timeout,HDFC,1,2,0,0,0.903,1
txn_011562,178.94,Credit Card,insufficient_funds,Yes Bank,16,0,0,0,0.773,1
txn_011563,1095.73,Debit Card,bank_server_down,Kotak,16,2,0,0,0.804,1
txn_011564,462.21,Netbanking,network_timeout,Axis,22,5,1,0,0.759,1
txn_011565,336.75,Netbanking,insufficient_funds,IDFC,8,1,0,0,0.805,0
txn_011566,1156.89,UPI,network_timeout,Yes Bank,6,6,1,2,0.76,0
txn_011567,2622.75,Credit Card,card_declined,Axis,9,0,0,1,0.857,0
txn_011568,1912.86,UPI,risk_flagged,Axis,20,5,1,1,0.795,0
txn_011569,243.14,Credit Card,card_declined,IDFC,13,4,0,0,0.759,1
txn_011570,2663.94,Netbanking,risk_flagged,SBI,7,0,0,0,0.509,0
txn_011571,367.34,Netbanking,bank_server_down,SBI,4,1,0,1,0.96,1
txn_011572,94.65,Netbanking,risk_flagged,Axis,2,4,0,0,0.898,0
txn_011573,1718.04,UPI,network_timeout,HDFC,16,3,0,0,0.779,1
txn_011574,589.19,UPI,wrong_otp,Axis,0,0,0,0,0.925,1
txn_011575,231.06,UPI,wrong_otp,Axis,7,1,0,1,0.809,0
txn_011576,636.59,UPI,insufficient_funds,Axis,21,1,0,3,0.686,0
txn_011577,875.78,Credit Card,wrong_otp,HDFC,20,4,0,0,0.317,0
txn_011578,564.18,Debit Card,wrong_otp,Yes Bank,3,3,0,1,0.624,0
txn_011579,282.25,Wallet,risk_flagged,Axis,21,2,0,1,0.775,0
txn_011580,806.45,Debit Card,network_timeout,IDFC,6,3,0,0,0.461,1
txn_011581,408.51,UPI,insufficient_funds,ICICI,23,2,0,0,0.661,1
txn_011582,257.42,Credit Card,wrong_otp,Axis,3,4,0,1,0.793,0
txn_011583,2112.52,Debit Card,bank_server_down,Yes Bank,8,1,0,0,0.786,0
txn_011584,1292.36,Debit Card,bank_server_down,ICICI,16,3,0,1,0.766,1
txn_011585,390.55,UPI,card_declined,ICICI,3,5,1,0,0.53,1
txn_011586,902.46,UPI,wrong_otp,Yes Bank,10,0,0,0,0.823,1
txn_011587,435.74,Netbanking,insufficient_funds,IDFC,5,5,1,2,0.699,0
txn_011588,2725.71,Credit Card,bank_server_down,HDFC,6,3,0,2,0.808,1
txn_011589,663.17,Debit Card,bank_server_down,Kotak,15,0,0,0,0.609,1
txn_011590,280.95,UPI,insufficient_funds,Axis,4,1,0,1,0.57,1
txn_011591,1242.57,Debit Card,insufficient_funds,ICICI,8,5,1,0,0.516,0
txn_011592,253.51,Debit Card,card_declined,IDFC,18,0,0,1,0.585,0
txn_011593,3633.47,UPI,insufficient_funds,ICICI,20,0,0,0,0.902,1
txn_011594,1732.76,Credit Card,insufficient_funds,IDFC,16,1,0,1,0.82,0
txn_011595,402.55,UPI,insufficient_funds,Kotak,3,1,0,0,0.839,0
txn_011596,644.23,Wallet,insufficient_funds,SBI,19,2,0,0,0.843,0
txn_011597,215.67,Credit Card,card_declined,Yes Bank,0,5,1,2,0.728,1
txn_011598,269.31,UPI,wrong_otp,Axis,4,6,1,1,0.784,1
txn_011599,110.74,UPI,card_declined,Axis,17,4,0,3,0.901,0
txn_011600,2436.6,UPI,bank_server_down,HDFC,10,0,0,2,0.772,0
txn_011601,727.32,Netbanking,card_declined,HDFC,23,4,0,1,0.564,0
txn_011602,722.19,UPI,insufficient_funds,ICICI,1,6,1,1,0.686,1
txn_011603,6147.3,Credit Card,expired_card,Yes Bank,23,0,0,4,0.883,0
txn_011604,455.48,UPI,bank_server_down,Kotak,20,2,0,1,0.694,0
txn_011605,417.07,Credit Card,insufficient_funds,IDFC,20,2,0,1,0.683,1
txn_011606,1102.2,Netbanking,insufficient_funds,IDFC,15,3,0,0,0.881,1
txn_011607,285.54,Credit Card,risk_flagged,IDFC,23,5,1,3,0.914,0
txn_011608,1709.09,UPI,insufficient_funds,Kotak,21,0,0,0,0.77,1
txn_011609,1657.93,Netbanking,insufficient_funds,IDFC,7,3,0,0,0.816,0
txn_011610,1051.08,UPI,card_declined,HDFC,18,4,0,0,0.821,1
txn_011611,1357.51,UPI,insufficient_funds,IDFC,8,6,1,0,0.411,0
txn_011612,513.44,UPI,risk_flagged,SBI,17,5,1,0,0.622,0
txn_011613,545.11,UPI,wrong_otp,IDFC,11,1,0,1,0.793,1
txn_011614,1002.3,UPI,risk_flagged,ICICI,13,2,0,0,0.715,1
txn_011615,326.88,Wallet,risk_flagged,Kotak,11,1,0,0,0.652,0
txn_011616,715.31,Debit Card,network_timeout,HDFC,1,4,0,2,0.792,1
txn_011617,3306.89,Netbanking,wrong_otp,Yes Bank,13,1,0,0,0.777,1
txn_011618,135.9,Debit Card,insufficient_funds,Axis,0,2,0,0,0.802,0
txn_011619,1084.09,Credit Card,expired_card,Axis,22,4,0,2,0.5,0
txn_011620,749.55,Wallet,wrong_otp,HDFC,16,6,1,0,0.579,0
txn_011621,254.32,Credit Card,insufficient_funds,Axis,23,0,0,2,0.355,0
txn_011622,389.6,UPI,bank_server_down,SBI,7,1,0,2,0.937,0
txn_011623,1043.08,UPI,network_timeout,SBI,8,3,0,0,0.448,0
txn_011624,701.04,UPI,insufficient_funds,ICICI,23,0,0,1,0.802,0
txn_011625,2083.48,UPI,insufficient_funds,Yes Bank,12,2,0,1,0.677,0
txn_011626,330.07,UPI,bank_server_down,ICICI,6,2,0,0,0.677,0
txn_011627,1452.79,UPI,card_declined,SBI,16,2,0,0,0.902,0
txn_011628,641.38,Netbanking,insufficient_funds,Axis,21,3,0,0,0.689,0
txn_011629,773.96,Credit Card,bank_server_down,IDFC,23,6,1,2,0.594,1
txn_011630,615.67,Debit Card,insufficient_funds,Yes Bank,16,4,0,0,0.748,0
txn_011631,577.37,Debit Card,bank_server_down,HDFC,16,4,0,1,0.173,0
txn_011632,460.08,Credit Card,insufficient_funds,Axis,1,2,0,0,0.834,0
txn_011633,899.58,UPI,insufficient_funds,ICICI,4,0,0,1,0.763,0
txn_011634,334.62,UPI,card_declined,HDFC,8,5,1,1,0.777,1
txn_011635,1835.31,UPI,network_timeout,Axis,12,3,0,0,0.494,1
txn_011636,168.42,UPI,network_timeout,Axis,21,6,1,0,0.76,1
txn_011637,1954.29,Netbanking,wrong_otp,ICICI,7,5,1,1,0.743,0
txn_011638,428.52,UPI,wrong_otp,IDFC,9,4,0,0,0.841,1
txn_011639,347.16,UPI,card_declined,ICICI,18,2,0,2,0.673,0
txn_011640,3177.32,Credit Card,bank_server_down,ICICI,10,1,0,2,0.84,0
txn_011641,857.94,Credit Card,bank_server_down,Yes Bank,5,1,0,0,0.756,1
txn_011642,635.74,Debit Card,insufficient_funds,Yes Bank,6,1,0,1,0.347,0
txn_011643,1952.02,UPI,insufficient_funds,IDFC,22,4,0,0,0.841,0
txn_011644,269.27,UPI,expired_card,ICICI,16,2,0,2,0.759,0
txn_011645,153.6,Debit Card,insufficient_funds,Axis,12,0,0,1,0.743,0
txn_011646,1103.0,UPI,bank_server_down,ICICI,3,5,1,1,0.806,0
txn_011647,1727.11,Credit Card,wrong_otp,Yes Bank,8,5,1,1,0.852,1
txn_011648,1326.26,Debit Card,network_timeout,HDFC,0,0,0,0,0.238,0
txn_011649,189.75,Credit Card,insufficient_funds,IDFC,2,2,0,0,0.94,0
txn_011650,714.66,UPI,wrong_otp,IDFC,9,5,1,0,0.977,0
txn_011651,428.29,Debit Card,bank_server_down,SBI,21,4,0,1,0.442,1
txn_011652,812.75,UPI,network_timeout,SBI,23,4,0,0,0.577,1
txn_011653,322.31,UPI,network_timeout,ICICI,6,1,0,0,0.877,1
txn_011654,968.53,Credit Card,card_declined,SBI,10,0,0,0,0.961,0
txn_011655,3189.76,UPI,network_timeout,ICICI,20,3,0,0,0.838,1
txn_011656,562.79,Credit Card,card_declined,IDFC,15,6,1,2,0.836,0
txn_011657,217.36,Debit Card,card_declined,Kotak,22,5,1,2,0.367,0
txn_011658,623.55,Credit Card,card_declined,Kotak,22,3,0,0,0.962,1
txn_011659,1294.68,UPI,insufficient_funds,Axis,1,5,1,0,0.793,1
txn_011660,944.08,UPI,network_timeout,Yes Bank,22,5,1,0,0.497,0
txn_011661,1079.36,UPI,network_timeout,SBI,15,0,0,0,0.611,1
txn_011662,373.99,Debit Card,network_timeout,Axis,21,4,0,0,0.787,0
txn_011663,1478.45,Credit Card,wrong_otp,Yes Bank,1,3,0,0,0.725,1
txn_011664,3447.49,UPI,network_timeout,IDFC,9,1,0,1,0.669,1
txn_011665,675.94,Debit Card,network_timeout,Yes Bank,15,6,1,2,0.588,0
txn_011666,1922.89,Debit Card,card_declined,ICICI,15,0,0,1,0.962,0
txn_011667,1864.54,Netbanking,insufficient_funds,ICICI,8,5,1,0,0.757,0
txn_011668,628.75,UPI,bank_server_down,ICICI,13,4,0,0,0.81,1
txn_011669,403.64,Credit Card,card_declined,ICICI,21,1,0,0,0.472,0
txn_011670,634.4,UPI,bank_server_down,IDFC,7,2,0,0,0.762,1
txn_011671,598.76,Debit Card,insufficient_funds,IDFC,18,2,0,2,0.748,0
txn_011672,2117.18,Credit Card,card_declined,Kotak,14,3,0,0,0.885,0
txn_011673,311.01,Netbanking,insufficient_funds,Axis,8,5,1,0,0.786,0
txn_011674,1112.09,Debit Card,insufficient_funds,IDFC,6,5,1,0,0.582,1
txn_011675,1719.24,Debit Card,risk_flagged,ICICI,18,3,0,2,0.954,0
txn_011676,838.3,UPI,risk_flagged,Yes Bank,7,4,0,1,0.197,0
txn_011677,397.55,Debit Card,bank_server_down,HDFC,3,0,0,0,0.775,0
txn_011678,442.92,Credit Card,network_timeout,HDFC,2,1,0,1,0.705,1
txn_011679,1487.23,UPI,card_declined,IDFC,5,5,1,1,0.954,1
txn_011680,765.81,Netbanking,insufficient_funds,Kotak,5,1,0,0,0.615,0
txn_011681,81.29,Credit Card,risk_flagged,ICICI,12,0,0,0,0.926,0
txn_011682,1803.74,Debit Card,network_timeout,ICICI,23,4,0,0,0.752,0
txn_011683,1086.78,Credit Card,wrong_otp,IDFC,22,1,0,1,0.427,0
txn_011684,975.43,UPI,network_timeout,Axis,5,1,0,0,0.76,1
txn_011685,787.07,Credit Card,risk_flagged,HDFC,12,2,0,0,0.636,0
txn_011686,906.76,Debit Card,network_timeout,Axis,14,6,1,1,0.722,0
txn_011687,1761.19,Credit Card,wrong_otp,Axis,19,6,1,2,0.614,0
txn_011688,349.56,UPI,network_timeout,IDFC,19,0,0,0,0.565,1
txn_011689,344.73,Debit Card,network_timeout,HDFC,16,5,1,0,0.984,1
txn_011690,278.63,UPI,insufficient_funds,Yes Bank,9,1,0,1,0.485,1
txn_011691,706.01,Debit Card,card_declined,IDFC,10,6,1,0,0.472,1
txn_011692,1169.68,UPI,bank_server_down,IDFC,4,0,0,3,0.57,0
txn_011693,211.45,Credit Card,bank_server_down,HDFC,5,3,0,0,0.672,0
txn_011694,56.2,Credit Card,insufficient_funds,SBI,0,1,0,1,0.622,0
txn_011695,771.27,UPI,wrong_otp,ICICI,22,1,0,1,0.703,1
txn_011696,620.72,UPI,network_timeout,Axis,13,1,0,0,0.995,0
txn_011697,110.9,Credit Card,risk_flagged,Yes Bank,22,6,1,0,0.936,0
txn_011698,496.19,Credit Card,network_timeout,Axis,12,1,0,0,0.877,0
txn_011699,732.91,UPI,bank_server_down,ICICI,9,2,0,2,0.97,1
txn_011700,760.01,Debit Card,card_declined,ICICI,3,5,1,2,0.697,0
txn_011701,656.35,Netbanking,bank_server_down,HDFC,5,5,1,0,0.489,0
txn_011702,347.68,Debit Card,insufficient_funds,Kotak,9,2,0,1,0.799,1
txn_011703,177.05,UPI,network_timeout,HDFC,14,2,0,1,0.833,1
txn_011704,373.84,UPI,expired_card,Yes Bank,3,1,0,2,0.477,0
txn_011705,796.58,UPI,card_declined,ICICI,20,1,0,0,0.75,1
txn_011706,855.66,UPI,network_timeout,IDFC,2,0,0,0,0.886,0
txn_011707,1805.68,Debit Card,insufficient_funds,IDFC,7,2,0,1,0.562,0
txn_011708,1706.14,Debit Card,bank_server_down,Yes Bank,19,0,0,1,0.724,0
txn_011709,464.02,Debit Card,card_declined,SBI,1,6,1,0,0.879,0
txn_011710,377.92,Wallet,wrong_otp,HDFC,8,0,0,1,0.81,1
txn_011711,326.47,UPI,card_declined,IDFC,20,2,0,1,0.753,0
txn_011712,3038.18,Debit Card,insufficient_funds,Yes Bank,15,6,1,0,0.775,0
txn_011713,988.11,UPI,wrong_otp,HDFC,2,5,1,0,0.692,1
txn_011714,1948.72,UPI,card_declined,Yes Bank,19,6,1,1,0.259,1
txn_011715,437.64,Debit Card,wrong_otp,SBI,20,3,0,0,0.521,1
txn_011716,4218.19,Credit Card,bank_server_down,IDFC,3,0,0,0,0.428,0
txn_011717,856.65,Debit Card,insufficient_funds,Yes Bank,2,0,0,3,0.818,0
txn_011718,533.2,UPI,bank_server_down,Yes Bank,19,1,0,3,0.51,1
txn_011719,1409.35,Netbanking,insufficient_funds,Yes Bank,2,3,0,1,0.498,0
txn_011720,618.78,UPI,expired_card,ICICI,18,3,0,1,0.844,0
txn_011721,676.17,Debit Card,insufficient_funds,IDFC,7,5,1,1,0.926,0
txn_011722,5083.68,Wallet,network_timeout,IDFC,3,3,0,0,0.868,1
txn_011723,2588.06,Debit Card,expired_card,ICICI,14,3,0,0,0.604,0
txn_011724,581.66,Netbanking,bank_server_down,Yes Bank,4,2,0,5,0.816,0
txn_011725,589.69,UPI,wrong_otp,SBI,10,0,0,2,0.977,0
txn_011726,737.96,UPI,bank_server_down,Kotak,7,4,0,0,0.676,1
txn_011727,782.94,UPI,insufficient_funds,Axis,2,6,1,0,0.799,1
txn_011728,741.31,UPI,network_timeout,Yes Bank,21,6,1,1,0.845,0
txn_011729,1171.47,Debit Card,insufficient_funds,Axis,23,6,1,0,0.673,0
txn_011730,877.54,Debit Card,insufficient_funds,ICICI,3,5,1,0,0.711,0
txn_011731,668.19,Credit Card,insufficient_funds,HDFC,14,4,0,0,0.638,0
txn_011732,1938.28,Debit Card,network_timeout,IDFC,6,0,0,0,0.809,1
txn_011733,5500.82,Netbanking,card_declined,Yes Bank,10,4,0,0,0.725,0
txn_011734,675.74,Debit Card,wrong_otp,ICICI,2,4,0,0,0.928,0
txn_011735,794.14,UPI,card_declined,HDFC,4,3,0,2,0.862,0
txn_011736,2702.43,UPI,insufficient_funds,Axis,20,4,0,1,0.983,0
txn_011737,1820.04,Credit Card,card_declined,Kotak,16,2,0,1,0.83,1
txn_011738,1190.55,Netbanking,expired_card,Axis,2,2,0,1,0.695,1
txn_011739,1064.01,UPI,insufficient_funds,Kotak,21,4,0,2,0.897,1
txn_011740,825.63,Debit Card,network_timeout,ICICI,10,0,0,0,0.862,0
txn_011741,87.81,UPI,bank_server_down,IDFC,12,5,1,0,0.627,1
txn_011742,460.1,Credit Card,card_declined,IDFC,9,5,1,0,0.848,1
txn_011743,2236.34,Credit Card,bank_server_down,ICICI,17,4,0,1,0.836,1
txn_011744,692.24,UPI,card_declined,HDFC,21,4,0,1,0.847,1
txn_011745,207.49,Debit Card,wrong_otp,ICICI,23,2,0,1,0.627,1
txn_011746,285.6,Debit Card,bank_server_down,Axis,12,0,0,0,0.762,1
txn_011747,705.26,Netbanking,wrong_otp,HDFC,12,0,0,2,0.606,1
txn_011748,243.15,UPI,insufficient_funds,IDFC,9,4,0,2,0.616,1
txn_011749,70.44,UPI,expired_card,Axis,13,0,0,2,0.577,0
txn_011750,1254.93,UPI,bank_server_down,Yes Bank,22,5,1,1,0.776,1
txn_011751,202.46,Debit Card,insufficient_funds,ICICI,10,5,1,0,0.439,0
txn_011752,151.65,Credit Card,card_declined,IDFC,7,4,0,0,0.875,1
txn_011753,429.3,UPI,insufficient_funds,Kotak,14,3,0,0,0.69,0
txn_011754,407.19,UPI,network_timeout,Axis,20,1,0,1,0.924,1
txn_011755,2034.39,UPI,insufficient_funds,ICICI,17,0,0,0,0.847,1
txn_011756,493.37,UPI,bank_server_down,Kotak,13,5,1,2,0.762,1
txn_011757,159.65,Credit Card,insufficient_funds,IDFC,13,3,0,1,0.57,0
txn_011758,233.19,UPI,insufficient_funds,Yes Bank,11,2,0,0,0.557,0
txn_011759,508.73,Credit Card,network_timeout,Axis,3,0,0,0,0.758,1
txn_011760,381.71,Credit Card,network_timeout,Yes Bank,16,5,1,1,0.24,1
txn_011761,812.32,Credit Card,insufficient_funds,HDFC,22,3,0,1,0.584,1
txn_011762,2936.8,Credit Card,bank_server_down,ICICI,2,2,0,3,0.735,1
txn_011763,168.65,Debit Card,bank_server_down,Kotak,10,6,1,0,0.72,1
txn_011764,684.02,UPI,wrong_otp,Yes Bank,6,1,0,0,0.565,0
txn_011765,389.3,Debit Card,network_timeout,IDFC,17,1,0,1,0.843,1
txn_011766,124.77,UPI,card_declined,Yes Bank,7,2,0,0,0.844,1
txn_011767,268.17,Credit Card,insufficient_funds,SBI,22,1,0,0,0.985,0
txn_011768,2242.25,UPI,network_timeout,HDFC,17,0,0,0,0.635,1
txn_011769,98.03,UPI,wrong_otp,Axis,13,0,0,0,0.396,1
txn_011770,190.16,UPI,card_declined,SBI,21,0,0,0,0.279,0
txn_011771,94.84,UPI,card_declined,SBI,10,4,0,1,0.301,1
txn_011772,1097.96,UPI,insufficient_funds,Yes Bank,9,4,0,2,0.748,0
txn_011773,205.09,Debit Card,insufficient_funds,Axis,8,1,0,0,0.626,0
txn_011774,1724.41,UPI,expired_card,SBI,11,6,1,0,0.915,1
txn_011775,6715.03,Credit Card,wrong_otp,SBI,10,5,1,2,0.81,1
txn_011776,966.16,UPI,insufficient_funds,SBI,18,0,0,2,0.775,1
txn_011777,874.17,Netbanking,insufficient_funds,Kotak,8,3,0,1,0.667,0
txn_011778,202.1,UPI,wrong_otp,IDFC,15,4,0,0,0.816,1
txn_011779,552.83,UPI,insufficient_funds,SBI,1,3,0,0,0.589,0
txn_011780,59.05,Credit Card,card_declined,SBI,2,1,0,0,0.674,0
txn_011781,810.94,UPI,card_declined,ICICI,6,1,0,0,0.585,1
txn_011782,148.2,Credit Card,insufficient_funds,Yes Bank,8,1,0,0,0.842,1
txn_011783,718.38,UPI,insufficient_funds,ICICI,7,2,0,0,0.471,1
txn_011784,248.02,UPI,expired_card,IDFC,23,5,1,0,0.574,0
txn_011785,371.42,UPI,card_declined,Kotak,20,1,0,0,0.594,0
txn_011786,418.43,UPI,card_declined,IDFC,22,3,0,0,0.877,1
txn_011787,1174.28,Credit Card,network_timeout,IDFC,22,3,0,1,0.881,1
txn_011788,593.27,Debit Card,card_declined,HDFC,8,6,1,1,0.796,0
txn_011789,1236.43,UPI,card_declined,SBI,13,5,1,0,0.571,0
txn_011790,175.17,Netbanking,network_timeout,HDFC,1,0,0,2,0.677,0
txn_011791,2753.86,Debit Card,insufficient_funds,Axis,6,5,1,2,0.79,0
txn_011792,314.1,Debit Card,insufficient_funds,SBI,2,4,0,0,0.577,1
txn_011793,118.62,Credit Card,network_timeout,Yes Bank,0,3,0,0,0.949,0
txn_011794,374.26,Debit Card,expired_card,Kotak,14,1,0,1,0.863,0
txn_011795,604.7,UPI,wrong_otp,Yes Bank,20,4,0,0,0.322,0
txn_011796,351.71,Credit Card,network_timeout,Yes Bank,9,0,0,1,0.722,0
txn_011797,681.63,UPI,bank_server_down,Axis,13,2,0,0,0.736,1
txn_011798,2571.41,UPI,risk_flagged,Yes Bank,17,1,0,0,0.76,0
txn_011799,289.12,UPI,network_timeout,Yes Bank,10,1,0,0,0.797,1
txn_011800,2658.72,UPI,bank_server_down,ICICI,1,5,1,1,0.84,0
txn_011801,1027.41,Netbanking,risk_flagged,Axis,5,0,0,0,0.436,0
txn_011802,1639.85,UPI,wrong_otp,SBI,16,5,1,1,0.696,1
txn_011803,404.49,Netbanking,network_timeout,Kotak,11,2,0,0,0.837,1
txn_011804,798.68,UPI,risk_flagged,Axis,13,1,0,0,0.797,1
txn_011805,1093.56,UPI,network_timeout,SBI,9,2,0,0,0.667,1
txn_011806,397.04,Debit Card,risk_flagged,HDFC,10,4,0,1,0.705,0
txn_011807,1462.1,Credit Card,wrong_otp,Kotak,2,1,0,0,0.835,1
txn_011808,835.13,Debit Card,bank_server_down,Kotak,21,1,0,0,0.895,0
txn_011809,87.85,Debit Card,wrong_otp,ICICI,15,0,0,0,0.793,0
txn_011810,322.68,Debit Card,network_timeout,HDFC,2,4,0,0,0.776,0
txn_011811,1140.79,Debit Card,risk_flagged,Yes Bank,14,4,0,0,0.902,0
txn_011812,1214.42,UPI,wrong_otp,Axis,21,6,1,0,0.655,1
txn_011813,320.32,Netbanking,wrong_otp,HDFC,2,0,0,1,0.867,1
txn_011814,342.72,UPI,card_declined,Kotak,7,1,0,1,0.358,1
txn_011815,3413.63,Credit Card,insufficient_funds,IDFC,8,2,0,1,0.555,0
txn_011816,119.55,UPI,bank_server_down,Kotak,14,0,0,0,0.432,0
txn_011817,868.39,UPI,card_declined,Axis,3,0,0,3,0.782,0
txn_011818,103.01,UPI,insufficient_funds,Kotak,13,3,0,0,0.953,1
txn_011819,277.32,UPI,wrong_otp,SBI,0,3,0,2,0.824,0
txn_011820,148.42,UPI,insufficient_funds,Yes Bank,14,1,0,1,0.683,1
txn_011821,226.07,UPI,network_timeout,IDFC,22,3,0,0,0.519,1
txn_011822,432.52,UPI,insufficient_funds,SBI,5,2,0,0,0.918,1
txn_011823,5334.12,UPI,card_declined,Axis,20,5,1,0,0.854,0
txn_011824,308.04,UPI,network_timeout,Yes Bank,16,4,0,1,0.112,0
txn_011825,4223.46,Credit Card,network_timeout,IDFC,10,5,1,0,0.908,1
txn_011826,338.03,Netbanking,insufficient_funds,Axis,2,0,0,0,0.776,1
txn_011827,1183.4,UPI,insufficient_funds,HDFC,21,0,0,1,0.425,1
txn_011828,1564.87,UPI,wrong_otp,SBI,1,3,0,0,0.807,0
txn_011829,443.68,Netbanking,risk_flagged,ICICI,22,5,1,1,0.467,0
txn_011830,2247.68,UPI,card_declined,IDFC,10,5,1,0,0.854,1
txn_011831,1453.83,Credit Card,insufficient_funds,Kotak,13,0,0,3,0.944,0
txn_011832,994.33,UPI,insufficient_funds,Yes Bank,20,1,0,1,0.853,0
txn_011833,1002.32,Netbanking,wrong_otp,IDFC,4,2,0,0,0.486,0
txn_011834,1523.15,Credit Card,network_timeout,SBI,4,3,0,0,0.813,1
txn_011835,1212.62,Debit Card,bank_server_down,Kotak,7,0,0,1,0.705,0
txn_011836,419.56,Credit Card,wrong_otp,IDFC,11,5,1,2,0.856,0
txn_011837,976.56,UPI,insufficient_funds,ICICI,8,3,0,0,0.769,0
txn_011838,1408.23,Debit Card,insufficient_funds,ICICI,16,0,0,0,0.817,0
txn_011839,820.04,Debit Card,bank_server_down,Axis,9,5,1,1,0.893,1
txn_011840,1367.78,Netbanking,risk_flagged,ICICI,21,1,0,0,0.958,0
txn_011841,1494.58,UPI,card_declined,HDFC,9,2,0,3,0.896,1
txn_011842,65.44,Credit Card,bank_server_down,HDFC,1,4,0,1,0.737,1
txn_011843,798.16,Credit Card,insufficient_funds,Axis,3,5,1,0,0.736,0
txn_011844,770.8,Debit Card,bank_server_down,SBI,20,3,0,0,0.651,0
txn_011845,1842.86,UPI,insufficient_funds,Yes Bank,15,5,1,0,0.651,0
txn_011846,2001.45,Netbanking,card_declined,Axis,12,3,0,0,0.853,0
txn_011847,534.73,Debit Card,insufficient_funds,IDFC,9,3,0,0,0.473,0
txn_011848,614.02,Netbanking,network_timeout,ICICI,20,1,0,1,0.712,1
txn_011849,1193.93,Wallet,network_timeout,Kotak,13,3,0,1,0.979,1
txn_011850,182.14,UPI,bank_server_down,Yes Bank,19,0,0,0,0.851,1
txn_011851,778.06,UPI,bank_server_down,Yes Bank,14,6,1,0,0.794,1
txn_011852,526.97,Debit Card,card_declined,IDFC,3,5,1,0,0.91,0
txn_011853,621.81,Debit Card,card_declined,Kotak,23,3,0,1,0.647,1
txn_011854,816.3,Netbanking,expired_card,ICICI,4,1,0,0,0.693,0
txn_011855,6298.39,Netbanking,bank_server_down,Kotak,7,1,0,0,0.591,0
txn_011856,1915.39,Debit Card,insufficient_funds,Yes Bank,15,5,1,1,0.843,0
txn_011857,574.04,Netbanking,bank_server_down,SBI,6,2,0,1,0.866,1
txn_011858,206.42,Debit Card,risk_flagged,Yes Bank,11,1,0,0,0.964,0
txn_011859,3140.33,Credit Card,card_declined,IDFC,18,2,0,0,0.973,0
txn_011860,129.13,Debit Card,wrong_otp,Yes Bank,14,0,0,0,0.868,0
txn_011861,648.53,Credit Card,network_timeout,SBI,9,6,1,0,0.743,0
txn_011862,217.87,Credit Card,risk_flagged,SBI,22,0,0,0,0.72,1
txn_011863,2002.57,Netbanking,risk_flagged,HDFC,21,4,0,1,0.75,0
txn_011864,1207.33,Debit Card,insufficient_funds,Axis,4,0,0,1,0.952,0
txn_011865,741.85,UPI,wrong_otp,HDFC,21,0,0,1,0.818,0
txn_011866,7962.74,Credit Card,risk_flagged,HDFC,10,3,0,2,0.228,0
txn_011867,720.07,UPI,insufficient_funds,SBI,21,0,0,0,0.631,1
txn_011868,580.76,UPI,bank_server_down,HDFC,9,5,1,1,0.883,1
txn_011869,1075.97,UPI,network_timeout,Yes Bank,20,4,0,2,0.471,1
txn_011870,458.8,Credit Card,insufficient_funds,Yes Bank,11,1,0,0,0.812,0
txn_011871,1132.34,UPI,risk_flagged,ICICI,4,1,0,2,0.601,0
txn_011872,718.34,Debit Card,bank_server_down,Yes Bank,9,2,0,1,0.717,1
txn_011873,992.6,UPI,insufficient_funds,Yes Bank,23,1,0,0,0.668,0
txn_011874,274.05,Credit Card,card_declined,Axis,19,4,0,1,0.852,1
txn_011875,109.79,Debit Card,wrong_otp,SBI,15,0,0,0,0.737,0
txn_011876,566.7,Credit Card,network_timeout,IDFC,8,1,0,0,0.467,1
txn_011877,2318.91,Credit Card,card_declined,HDFC,22,5,1,2,0.914,0
txn_011878,509.81,Debit Card,card_declined,Axis,5,5,1,1,0.674,0
txn_011879,318.84,Credit Card,insufficient_funds,Kotak,19,3,0,1,0.486,0
txn_011880,7486.42,Wallet,insufficient_funds,Kotak,17,4,0,2,0.559,0
txn_011881,318.97,Netbanking,insufficient_funds,Yes Bank,0,0,0,1,0.825,0
txn_011882,3494.14,UPI,wrong_otp,HDFC,15,3,0,1,0.886,1
txn_011883,648.71,UPI,bank_server_down,HDFC,9,2,0,0,0.838,0
txn_011884,1176.28,Credit Card,wrong_otp,IDFC,5,5,1,0,0.722,0
txn_011885,1138.07,Debit Card,network_timeout,ICICI,7,2,0,1,0.886,0
txn_011886,82.52,Debit Card,insufficient_funds,Yes Bank,17,2,0,1,0.66,0
txn_011887,2185.97,UPI,bank_server_down,SBI,12,3,0,0,0.931,1
txn_011888,976.97,Credit Card,insufficient_funds,Yes Bank,9,1,0,4,0.915,0
txn_011889,421.92,UPI,wrong_otp,Yes Bank,8,6,1,0,0.748,1
txn_011890,303.29,UPI,network_timeout,ICICI,23,4,0,0,0.29,1
txn_011891,92.34,Debit Card,card_declined,ICICI,4,4,0,2,0.586,0
txn_011892,122.13,Debit Card,insufficient_funds,HDFC,20,5,1,0,0.801,0
txn_011893,337.81,Netbanking,wrong_otp,SBI,4,6,1,0,0.76,1
txn_011894,901.32,Debit Card,insufficient_funds,IDFC,19,0,0,1,0.572,0
txn_011895,1451.63,Netbanking,risk_flagged,Axis,9,4,0,1,0.499,0
txn_011896,2083.81,UPI,card_declined,Axis,12,0,0,0,0.638,1
txn_011897,209.01,UPI,card_declined,HDFC,4,4,0,0,0.734,0
txn_011898,1895.82,Credit Card,insufficient_funds,IDFC,9,4,0,0,0.933,0
txn_011899,1381.06,UPI,insufficient_funds,Axis,6,0,0,0,0.701,0
txn_011900,1428.67,UPI,risk_flagged,Yes Bank,21,5,1,0,0.633,0
txn_011901,835.96,Credit Card,card_declined,Axis,4,5,1,1,0.826,0
txn_011902,737.43,UPI,network_timeout,IDFC,7,1,0,0,0.577,1
txn_011903,114.47,Credit Card,insufficient_funds,IDFC,23,2,0,0,0.697,1
txn_011904,362.11,Netbanking,insufficient_funds,Axis,3,4,0,0,0.849,0
txn_011905,908.82,Credit Card,wrong_otp,ICICI,17,0,0,0,0.847,0
txn_011906,262.8,Credit Card,insufficient_funds,HDFC,0,4,0,0,0.904,1
txn_011907,392.77,UPI,insufficient_funds,Yes Bank,4,0,0,0,0.714,0
txn_011908,885.44,UPI,bank_server_down,SBI,20,1,0,0,0.696,0
txn_011909,402.94,UPI,network_timeout,Kotak,9,3,0,0,0.688,0
txn_011910,1211.59,UPI,network_timeout,Yes Bank,13,3,0,1,0.589,0
txn_011911,332.01,UPI,risk_flagged,Kotak,9,4,0,0,0.808,0
txn_011912,401.99,Netbanking,expired_card,IDFC,20,1,0,2,0.176,0
txn_011913,625.4,UPI,wrong_otp,ICICI,12,6,1,0,0.67,1
txn_011914,511.56,Debit Card,expired_card,Kotak,17,0,0,1,0.763,0
txn_011915,2502.49,UPI,insufficient_funds,SBI,11,1,0,1,0.733,0
txn_011916,1301.32,Debit Card,bank_server_down,Axis,17,6,1,0,0.769,0
txn_011917,317.59,Credit Card,card_declined,IDFC,8,4,0,0,0.718,0
txn_011918,1067.76,UPI,risk_flagged,SBI,5,2,0,0,0.461,1
txn_011919,267.54,Debit Card,card_declined,Axis,14,6,1,0,0.801,1
txn_011920,285.69,Debit Card,expired_card,Yes Bank,22,5,1,0,0.629,0
txn_011921,267.78,Wallet,card_declined,Axis,6,1,0,1,0.645,0
txn_011922,447.97,Wallet,card_declined,Yes Bank,11,3,0,0,0.557,1
txn_011923,752.89,Debit Card,network_timeout,SBI,15,6,1,0,0.701,1
txn_011924,1422.34,Wallet,insufficient_funds,Kotak,5,5,1,3,0.683,0
txn_011925,944.62,Netbanking,network_timeout,SBI,22,0,0,1,0.561,1
txn_011926,43.43,Credit Card,insufficient_funds,Axis,11,4,0,2,0.703,0
txn_011927,1334.7,UPI,bank_server_down,Kotak,1,4,0,0,0.708,1
txn_011928,1775.96,Credit Card,insufficient_funds,Kotak,19,0,0,1,0.881,0
txn_011929,422.07,UPI,card_declined,Yes Bank,0,6,1,0,0.723,1
txn_011930,931.28,UPI,bank_server_down,ICICI,17,6,1,1,0.601,1
txn_011931,1435.41,Credit Card,bank_server_down,ICICI,3,2,0,0,0.885,0
txn_011932,1450.55,Netbanking,card_declined,ICICI,10,3,0,0,0.967,0
txn_011933,4046.42,Netbanking,wrong_otp,ICICI,12,1,0,0,0.566,0
txn_011934,819.49,Credit Card,insufficient_funds,IDFC,18,2,0,0,0.661,0
txn_011935,327.2,Debit Card,wrong_otp,Yes Bank,12,4,0,0,0.876,0
txn_011936,488.36,UPI,bank_server_down,Kotak,3,0,0,0,0.853,1
txn_011937,1339.38,UPI,bank_server_down,SBI,23,0,0,1,0.747,0
txn_011938,636.32,UPI,insufficient_funds,Axis,20,0,0,0,0.506,0
txn_011939,591.9,Netbanking,wrong_otp,Kotak,23,3,0,0,0.704,0
txn_011940,184.35,Netbanking,card_declined,Axis,6,6,1,1,0.917,0
txn_011941,417.42,Credit Card,card_declined,Axis,20,5,1,0,0.679,0
txn_011942,204.43,UPI,insufficient_funds,Axis,10,2,0,0,0.465,0
txn_011943,131.83,UPI,insufficient_funds,Axis,7,4,0,1,0.393,1
txn_011944,5136.45,UPI,bank_server_down,Axis,11,6,1,1,0.76,1
txn_011945,241.0,UPI,network_timeout,Axis,4,3,0,2,0.776,1
txn_011946,3112.71,UPI,wrong_otp,HDFC,16,0,0,0,0.699,0
txn_011947,986.73,Debit Card,insufficient_funds,HDFC,17,3,0,2,0.862,0
txn_011948,447.31,Credit Card,insufficient_funds,Axis,19,0,0,0,0.941,1
txn_011949,742.0,Credit Card,network_timeout,SBI,23,1,0,1,0.909,0
txn_011950,2466.38,UPI,network_timeout,Kotak,21,6,1,2,0.842,1
txn_011951,370.04,Credit Card,card_declined,Yes Bank,1,6,1,0,0.926,0
txn_011952,319.84,UPI,insufficient_funds,Kotak,5,5,1,0,0.654,1
txn_011953,3319.95,Debit Card,network_timeout,Yes Bank,11,0,0,3,0.87,0
txn_011954,431.09,UPI,insufficient_funds,Yes Bank,13,0,0,0,0.535,0
txn_011955,1024.57,Credit Card,bank_server_down,ICICI,19,1,0,1,0.65,0
txn_011956,1713.64,Wallet,card_declined,Yes Bank,14,0,0,0,0.842,1
txn_011957,2482.24,Debit Card,wrong_otp,SBI,19,4,0,1,0.708,0
txn_011958,1286.04,Debit Card,insufficient_funds,Kotak,21,6,1,0,0.568,0
txn_011959,2526.45,Netbanking,wrong_otp,IDFC,1,4,0,0,0.669,0
txn_011960,265.35,UPI,wrong_otp,IDFC,4,2,0,0,0.815,0
txn_011961,373.35,Netbanking,network_timeout,ICICI,20,2,0,1,0.795,1
txn_011962,1176.35,UPI,insufficient_funds,Yes Bank,20,2,0,0,0.636,0
txn_011963,174.45,Wallet,network_timeout,Yes Bank,14,5,1,1,0.625,1
txn_011964,1397.9,Credit Card,network_timeout,HDFC,13,5,1,0,0.865,1
txn_011965,3281.26,Credit Card,bank_server_down,Kotak,10,6,1,1,0.676,1
txn_011966,1798.8,Credit Card,network_timeout,Axis,7,3,0,1,0.819,0
txn_011967,1219.49,Credit Card,card_declined,HDFC,19,3,0,0,0.798,1
txn_011968,499.67,UPI,risk_flagged,ICICI,19,4,0,0,0.745,0
txn_011969,184.77,Wallet,risk_flagged,SBI,19,0,0,0,0.836,0
txn_011970,911.93,Debit Card,wrong_otp,ICICI,11,5,1,2,0.94,1
txn_011971,738.65,UPI,insufficient_funds,Kotak,11,2,0,2,0.976,0
txn_011972,589.72,UPI,wrong_otp,ICICI,6,2,0,0,0.809,0
txn_011973,6890.63,Debit Card,card_declined,ICICI,21,4,0,1,0.774,1
txn_011974,425.96,UPI,card_declined,Axis,13,4,0,0,0.68,1
txn_011975,195.84,Debit Card,wrong_otp,SBI,2,2,0,1,0.84,1
txn_011976,1944.5,Debit Card,wrong_otp,IDFC,19,0,0,1,0.765,0
txn_011977,660.56,UPI,card_declined,ICICI,17,6,1,2,0.799,0
txn_011978,434.56,UPI,network_timeout,SBI,8,4,0,0,0.433,1
txn_011979,1166.32,Debit Card,insufficient_funds,Kotak,12,6,1,0,0.868,0
txn_011980,107.05,Credit Card,card_declined,ICICI,6,3,0,0,0.579,1
txn_011981,1423.72,Credit Card,network_timeout,Kotak,6,1,0,2,0.595,0
txn_011982,1358.33,UPI,insufficient_funds,IDFC,20,0,0,1,0.375,0
txn_011983,345.53,Credit Card,insufficient_funds,SBI,4,5,1,0,0.606,0
txn_011984,680.4,UPI,insufficient_funds,IDFC,8,6,1,1,0.938,1
txn_011985,2107.83,UPI,network_timeout,IDFC,12,5,1,0,0.708,1
txn_011986,2121.53,Credit Card,network_timeout,SBI,12,0,0,0,0.632,1
txn_011987,319.73,Wallet,insufficient_funds,Axis,13,4,0,0,0.695,0
txn_011988,1379.1,UPI,insufficient_funds,SBI,12,4,0,1,0.628,1
txn_011989,1584.5,Credit Card,network_timeout,Kotak,14,5,1,2,0.733,1
txn_011990,273.83,UPI,wrong_otp,IDFC,6,3,0,1,0.706,0
txn_011991,1412.0,Debit Card,network_timeout,Axis,11,2,0,1,0.563,1
txn_011992,1923.36,UPI,card_declined,ICICI,5,3,0,1,0.995,0
txn_011993,146.69,Credit Card,bank_server_down,HDFC,16,1,0,1,0.501,1
txn_011994,355.53,UPI,insufficient_funds,HDFC,8,6,1,2,0.67,0
txn_011995,280.36,Netbanking,network_timeout,ICICI,2,4,0,0,0.822,1
txn_011996,558.4,UPI,wrong_otp,IDFC,7,5,1,0,0.895,1
txn_011997,32.49,UPI,card_declined,Kotak,1,6,1,1,0.957,0
txn_011998,351.8,UPI,risk_flagged,HDFC,14,1,0,0,0.763,0
txn_011999,4111.98,Debit Card,card_declined,Axis,21,4,0,3,0.344,0
txn_012000,764.71,UPI,expired_card,Axis,6,4,0,1,0.774,0
txn_012001,3722.28,Credit Card,insufficient_funds,HDFC,15,4,0,0,0.446,0
txn_012002,242.52,UPI,network_timeout,Axis,16,1,0,0,0.912,1
txn_012003,874.97,UPI,card_declined,Axis,1,2,0,2,0.68,0
txn_012004,169.79,UPI,bank_server_down,Kotak,11,4,0,1,0.823,1
txn_012005,111.52,UPI,wrong_otp,ICICI,15,1,0,1,0.658,0
txn_012006,391.22,Credit Card,card_declined,ICICI,13,6,1,1,0.896,0
txn_012007,2000.51,Netbanking,network_timeout,SBI,20,1,0,1,0.879,1
txn_012008,430.04,UPI,card_declined,ICICI,17,6,1,1,0.693,0
txn_012009,758.95,UPI,network_timeout,Axis,16,5,1,0,0.98,1
txn_012010,1170.06,UPI,card_declined,Kotak,2,0,0,2,0.903,1
txn_012011,699.39,Netbanking,insufficient_funds,Kotak,5,1,0,1,0.703,1
txn_012012,2755.59,UPI,card_declined,Kotak,11,0,0,0,0.617,0
txn_012013,437.06,Credit Card,network_timeout,HDFC,0,1,0,2,0.835,1
txn_012014,133.86,Netbanking,wrong_otp,HDFC,8,5,1,1,0.791,1
txn_012015,351.92,Credit Card,bank_server_down,Yes Bank,7,2,0,0,0.957,0
txn_012016,251.07,UPI,network_timeout,Axis,17,0,0,0,0.915,1
txn_012017,85.23,Netbanking,risk_flagged,IDFC,4,5,1,1,0.937,0
txn_012018,1654.72,Credit Card,expired_card,Yes Bank,14,6,1,0,0.479,0
txn_012019,704.82,Debit Card,insufficient_funds,ICICI,13,3,0,1,0.864,0
txn_012020,1124.01,Netbanking,card_declined,IDFC,23,2,0,0,0.482,0
txn_012021,3542.24,UPI,bank_server_down,ICICI,9,1,0,2,0.628,0
txn_012022,1376.08,UPI,bank_server_down,ICICI,21,0,0,1,0.362,1
txn_012023,423.35,UPI,expired_card,HDFC,18,3,0,0,0.737,0
txn_012024,204.86,UPI,network_timeout,HDFC,4,1,0,2,0.856,1
txn_012025,218.24,UPI,insufficient_funds,ICICI,3,6,1,0,0.539,0
txn_012026,805.67,Debit Card,insufficient_funds,Kotak,5,4,0,0,0.703,0
txn_012027,729.03,UPI,card_declined,ICICI,4,1,0,0,0.784,0
txn_012028,817.2,Credit Card,network_timeout,SBI,11,5,1,1,0.689,1
txn_012029,372.5,UPI,insufficient_funds,SBI,2,0,0,0,0.92,0
txn_012030,200.11,Netbanking,insufficient_funds,ICICI,10,2,0,0,0.687,0
txn_012031,235.19,Credit Card,insufficient_funds,Yes Bank,21,6,1,0,0.94,0
txn_012032,4236.43,Netbanking,expired_card,Axis,23,2,0,4,0.887,0
txn_012033,124.01,UPI,insufficient_funds,Kotak,22,3,0,0,0.772,1
txn_012034,182.28,Debit Card,network_timeout,Axis,3,6,1,1,0.256,1
txn_012035,612.87,UPI,insufficient_funds,ICICI,2,2,0,0,0.641,0
txn_012036,494.86,UPI,insufficient_funds,ICICI,3,3,0,1,0.563,1
txn_012037,4046.74,Netbanking,insufficient_funds,Kotak,13,1,0,0,0.884,0
txn_012038,726.3,Credit Card,insufficient_funds,Yes Bank,15,1,0,0,0.688,1
txn_012039,218.75,Wallet,network_timeout,ICICI,0,1,0,0,0.808,1
txn_012040,110.66,UPI,bank_server_down,Kotak,5,4,0,2,0.99,1
txn_012041,236.59,Credit Card,bank_server_down,ICICI,11,1,0,1,0.297,0
txn_012042,160.92,UPI,risk_flagged,SBI,19,6,1,1,0.873,0
txn_012043,1293.56,UPI,bank_server_down,Kotak,18,4,0,1,0.758,1
txn_012044,260.02,Debit Card,wrong_otp,Kotak,23,5,1,1,0.917,1
txn_012045,1031.07,Netbanking,network_timeout,HDFC,19,2,0,0,0.489,1
txn_012046,919.35,UPI,insufficient_funds,SBI,14,5,1,0,0.763,1
txn_012047,648.91,Credit Card,insufficient_funds,HDFC,17,5,1,0,0.716,0
txn_012048,378.2,Debit Card,bank_server_down,Kotak,16,6,1,2,0.95,0
txn_012049,1639.58,Credit Card,wrong_otp,SBI,14,5,1,1,0.555,0
txn_012050,669.93,UPI,risk_flagged,HDFC,17,2,0,1,0.831,0
txn_012051,94.05,Credit Card,insufficient_funds,ICICI,20,6,1,1,0.967,0
txn_012052,1847.55,Credit Card,insufficient_funds,HDFC,7,1,0,1,0.933,1
txn_012053,10335.73,Credit Card,insufficient_funds,IDFC,7,1,0,3,0.784,0
txn_012054,506.94,Netbanking,bank_server_down,Axis,18,2,0,1,0.64,1
txn_012055,717.32,UPI,insufficient_funds,IDFC,21,1,0,0,0.681,0
txn_012056,3169.78,UPI,wrong_otp,Kotak,5,3,0,0,0.948,0
txn_012057,363.31,UPI,insufficient_funds,ICICI,14,2,0,0,0.55,0
txn_012058,2849.85,Wallet,bank_server_down,Yes Bank,12,0,0,0,0.774,1
txn_012059,3149.8,UPI,wrong_otp,IDFC,15,2,0,0,0.743,1
txn_012060,841.86,UPI,wrong_otp,Axis,21,4,0,0,0.877,0
txn_012061,498.52,Netbanking,insufficient_funds,IDFC,1,1,0,0,0.625,1
txn_012062,2606.37,Credit Card,insufficient_funds,Yes Bank,6,4,0,1,0.735,1
txn_012063,2233.43,UPI,insufficient_funds,ICICI,15,5,1,1,0.539,0
txn_012064,436.79,UPI,card_declined,ICICI,15,0,0,0,0.9,1
txn_012065,1788.03,Wallet,expired_card,Yes Bank,2,4,0,0,0.852,0
txn_012066,1092.79,UPI,network_timeout,Yes Bank,12,2,0,1,0.789,0
txn_012067,7970.83,UPI,wrong_otp,IDFC,11,5,1,1,0.643,0
txn_012068,599.86,UPI,insufficient_funds,Axis,13,0,0,1,0.891,1
txn_012069,386.31,Credit Card,expired_card,SBI,1,1,0,2,0.699,0
txn_012070,270.25,Netbanking,insufficient_funds,Kotak,17,4,0,0,0.803,1
txn_012071,371.31,Credit Card,insufficient_funds,ICICI,4,2,0,0,0.839,1
txn_012072,1270.21,Debit Card,insufficient_funds,HDFC,0,3,0,0,0.876,1
txn_012073,94.15,Netbanking,expired_card,ICICI,3,0,0,1,0.785,0
txn_012074,650.52,Debit Card,bank_server_down,ICICI,5,1,0,1,0.531,1
txn_012075,94.45,UPI,insufficient_funds,Kotak,8,1,0,1,0.618,1
txn_012076,1785.17,Debit Card,expired_card,IDFC,18,1,0,3,0.567,0
txn_012077,598.44,Credit Card,insufficient_funds,SBI,16,1,0,2,0.811,0
txn_012078,58.24,UPI,insufficient_funds,SBI,1,1,0,0,0.847,0
txn_012079,513.98,Credit Card,network_timeout,Kotak,21,2,0,1,0.533,0
txn_012080,160.22,Credit Card,bank_server_down,Kotak,1,6,1,2,0.718,1
txn_012081,3046.87,UPI,bank_server_down,Yes Bank,23,3,0,1,0.88,0
txn_012082,1535.71,UPI,network_timeout,SBI,14,6,1,0,0.719,1
txn_012083,249.02,UPI,insufficient_funds,Kotak,11,0,0,0,0.673,0
txn_012084,2725.06,UPI,insufficient_funds,HDFC,7,4,0,1,0.59,1
txn_012085,1334.38,UPI,insufficient_funds,Yes Bank,9,4,0,3,0.893,0
txn_012086,581.83,Netbanking,insufficient_funds,IDFC,21,3,0,3,0.825,0
txn_012087,1017.98,UPI,insufficient_funds,Kotak,12,4,0,1,0.835,0
txn_012088,426.79,UPI,network_timeout,SBI,4,1,0,1,0.899,1
txn_012089,1676.9,Debit Card,bank_server_down,Yes Bank,10,2,0,1,0.81,1
txn_012090,249.79,Debit Card,network_timeout,SBI,13,5,1,1,0.78,1
txn_012091,226.48,Wallet,network_timeout,Kotak,23,2,0,1,0.714,1
txn_012092,626.04,Wallet,card_declined,ICICI,20,3,0,1,0.897,0
txn_012093,528.17,Credit Card,wrong_otp,Yes Bank,7,3,0,2,0.85,0
txn_012094,513.97,Debit Card,bank_server_down,Axis,20,6,1,1,0.773,0
txn_012095,1779.16,Credit Card,insufficient_funds,HDFC,19,3,0,0,0.647,0
txn_012096,225.78,Wallet,card_declined,Kotak,1,5,1,0,0.732,0
txn_012097,225.32,UPI,insufficient_funds,Kotak,22,6,1,0,0.584,1
txn_012098,1557.43,Debit Card,card_declined,Kotak,0,5,1,0,0.804,1
txn_012099,762.62,UPI,network_timeout,SBI,10,5,1,2,0.589,1
txn_012100,2016.76,Credit Card,expired_card,HDFC,16,5,1,0,0.467,0
txn_012101,1141.56,Debit Card,network_timeout,ICICI,22,6,1,1,0.746,0
txn_012102,346.93,Credit Card,card_declined,Axis,15,5,1,0,0.94,1
txn_012103,1268.2,Netbanking,expired_card,ICICI,20,0,0,1,0.783,0
txn_012104,1250.97,Debit Card,card_declined,IDFC,13,4,0,0,0.884,0
txn_012105,140.33,Wallet,insufficient_funds,Kotak,6,6,1,0,0.667,0
txn_012106,87.31,UPI,network_timeout,SBI,1,3,0,0,0.598,1
txn_012107,446.35,Debit Card,insufficient_funds,Axis,5,4,0,0,0.519,0
txn_012108,3598.53,Debit Card,network_timeout,Yes Bank,20,6,1,3,0.922,1
txn_012109,1283.64,Credit Card,insufficient_funds,SBI,10,3,0,0,0.786,1
txn_012110,1256.33,Wallet,expired_card,Kotak,0,2,0,1,0.878,0
txn_012111,351.0,UPI,network_timeout,HDFC,22,6,1,1,0.908,1
txn_012112,1700.33,Credit Card,insufficient_funds,IDFC,5,6,1,0,0.868,1
txn_012113,226.99,Debit Card,card_declined,Axis,7,2,0,1,0.845,0
txn_012114,407.71,Credit Card,insufficient_funds,Axis,15,6,1,3,0.699,0
txn_012115,788.49,Debit Card,bank_server_down,IDFC,23,0,0,1,0.93,1
txn_012116,790.57,Debit Card,card_declined,ICICI,17,0,0,1,0.686,0
txn_012117,661.35,Debit Card,insufficient_funds,HDFC,20,3,0,0,0.582,1
txn_012118,1385.36,Debit Card,network_timeout,SBI,9,5,1,0,0.91,0
txn_012119,1878.7,UPI,risk_flagged,SBI,18,3,0,1,0.243,0
txn_012120,487.02,Netbanking,wrong_otp,SBI,17,3,0,2,0.916,0
txn_012121,545.34,Netbanking,wrong_otp,Axis,19,5,1,1,0.33,0
txn_012122,2737.63,Credit Card,insufficient_funds,Yes Bank,2,1,0,0,0.677,0
txn_012123,1289.32,Debit Card,card_declined,SBI,22,1,0,0,0.415,1
txn_012124,70.92,UPI,bank_server_down,SBI,7,6,1,1,0.633,1
txn_012125,773.04,UPI,insufficient_funds,SBI,1,4,0,0,0.68,0
txn_012126,505.25,UPI,insufficient_funds,SBI,20,4,0,1,0.709,1
txn_012127,1670.15,Credit Card,insufficient_funds,Axis,8,6,1,0,0.532,0
txn_012128,824.62,Credit Card,card_declined,Kotak,22,6,1,2,0.79,0
txn_012129,263.93,Credit Card,network_timeout,Kotak,17,0,0,1,0.729,0
txn_012130,175.69,Netbanking,bank_server_down,HDFC,16,4,0,0,0.626,1
txn_012131,1927.89,UPI,network_timeout,HDFC,10,6,1,0,0.666,1
txn_012132,684.5,Credit Card,insufficient_funds,Kotak,14,2,0,2,0.728,0
txn_012133,1428.52,Credit Card,card_declined,SBI,10,5,1,0,0.919,1
txn_012134,734.43,Credit Card,bank_server_down,Yes Bank,5,2,0,0,0.826,0
txn_012135,2917.58,Debit Card,network_timeout,SBI,0,6,1,0,0.742,1
txn_012136,415.61,UPI,insufficient_funds,ICICI,20,1,0,1,0.829,0
txn_012137,1759.41,Credit Card,wrong_otp,ICICI,8,5,1,0,0.618,1
txn_012138,606.29,Credit Card,expired_card,Yes Bank,23,3,0,0,0.785,0
txn_012139,2591.28,Wallet,network_timeout,IDFC,22,5,1,1,0.58,0
txn_012140,449.38,Credit Card,bank_server_down,Axis,21,4,0,0,0.667,0
txn_012141,383.74,Credit Card,network_timeout,SBI,13,1,0,1,0.695,0
txn_012142,372.16,UPI,expired_card,SBI,11,6,1,1,0.825,1
txn_012143,2377.5,Debit Card,bank_server_down,ICICI,20,4,0,0,0.705,0
txn_012144,4062.03,Wallet,wrong_otp,Yes Bank,13,5,1,0,0.717,1
txn_012145,432.6,Credit Card,insufficient_funds,Axis,1,1,0,0,0.651,0
txn_012146,696.05,UPI,insufficient_funds,HDFC,5,6,1,1,0.601,1
txn_012147,1231.12,UPI,network_timeout,IDFC,19,2,0,1,0.703,0
txn_012148,174.76,Debit Card,insufficient_funds,Yes Bank,5,6,1,1,0.589,0
txn_012149,396.97,UPI,risk_flagged,IDFC,1,4,0,0,0.484,0
txn_012150,950.17,Credit Card,insufficient_funds,Yes Bank,6,5,1,1,0.887,1
txn_012151,958.73,Netbanking,card_declined,Yes Bank,6,4,0,0,0.844,1
txn_012152,841.17,UPI,insufficient_funds,IDFC,9,6,1,1,0.723,0
txn_012153,296.62,UPI,wrong_otp,ICICI,13,5,1,1,0.751,0
txn_012154,278.63,UPI,card_declined,Yes Bank,20,1,0,1,0.752,1
txn_012155,1933.23,UPI,wrong_otp,ICICI,16,4,0,3,0.802,0
txn_012156,375.49,Debit Card,wrong_otp,ICICI,18,6,1,0,0.824,0
txn_012157,180.54,UPI,risk_flagged,HDFC,0,4,0,2,0.79,0
txn_012158,1166.43,Credit Card,expired_card,SBI,2,5,1,0,0.907,0
txn_012159,338.79,Wallet,wrong_otp,SBI,7,2,0,0,0.596,0
txn_012160,402.45,UPI,network_timeout,Yes Bank,17,2,0,1,0.673,1
txn_012161,571.74,Netbanking,network_timeout,HDFC,17,0,0,3,0.652,0
txn_012162,157.28,UPI,insufficient_funds,IDFC,8,0,0,3,0.637,0
txn_012163,1583.67,Netbanking,wrong_otp,Kotak,2,0,0,0,0.762,1
txn_012164,549.52,Debit Card,insufficient_funds,IDFC,17,4,0,0,0.644,0
txn_012165,152.26,UPI,card_declined,Axis,17,4,0,0,0.795,0
txn_012166,803.79,UPI,risk_flagged,ICICI,18,2,0,0,0.633,0
txn_012167,687.81,Debit Card,network_timeout,HDFC,10,1,0,0,0.857,1
txn_012168,937.78,Credit Card,wrong_otp,Kotak,22,0,0,0,0.453,1
txn_012169,1024.94,UPI,insufficient_funds,HDFC,0,1,0,0,0.54,1
txn_012170,4330.28,Netbanking,insufficient_funds,Kotak,6,2,0,0,0.686,0
txn_012171,930.18,Debit Card,insufficient_funds,Yes Bank,15,1,0,0,0.736,1
txn_012172,393.19,UPI,insufficient_funds,ICICI,2,0,0,0,0.805,0
txn_012173,491.65,UPI,card_declined,SBI,21,4,0,0,0.85,1
txn_012174,238.94,UPI,card_declined,Kotak,13,5,1,1,0.58,0
txn_012175,2185.93,UPI,insufficient_funds,IDFC,10,6,1,0,0.622,0
txn_012176,2268.18,UPI,wrong_otp,Kotak,22,5,1,0,0.752,1
txn_012177,857.12,UPI,bank_server_down,Kotak,6,2,0,0,0.817,1
txn_012178,604.49,Credit Card,risk_flagged,SBI,0,1,0,1,0.577,0
txn_012179,197.39,UPI,card_declined,SBI,21,0,0,1,0.675,0
txn_012180,2326.59,UPI,card_declined,Yes Bank,16,1,0,0,0.765,0
txn_012181,426.36,UPI,bank_server_down,ICICI,19,0,0,0,0.943,0
txn_012182,290.64,UPI,insufficient_funds,ICICI,0,1,0,1,0.676,1
txn_012183,165.08,Credit Card,card_declined,Kotak,16,0,0,3,0.939,0
txn_012184,1011.78,UPI,card_declined,Yes Bank,12,5,1,1,0.765,1
txn_012185,472.17,UPI,card_declined,Yes Bank,22,6,1,1,0.654,0
txn_012186,1035.39,Wallet,card_declined,HDFC,19,2,0,0,0.754,1
txn_012187,589.23,UPI,insufficient_funds,Yes Bank,11,0,0,3,0.837,0
txn_012188,618.0,Credit Card,insufficient_funds,Kotak,13,4,0,1,0.648,0
txn_012189,149.54,UPI,insufficient_funds,IDFC,6,3,0,0,0.621,0
txn_012190,902.75,UPI,insufficient_funds,Yes Bank,18,4,0,1,0.639,1
txn_012191,461.24,UPI,card_declined,Kotak,9,3,0,1,0.532,1
txn_012192,1765.6,UPI,expired_card,HDFC,18,6,1,0,0.601,0
txn_012193,127.2,Debit Card,insufficient_funds,Axis,15,5,1,1,0.768,0
txn_012194,1259.49,UPI,insufficient_funds,Yes Bank,13,1,0,2,0.519,0
txn_012195,1248.85,Debit Card,bank_server_down,IDFC,4,0,0,1,0.799,1
txn_012196,84.58,Netbanking,card_declined,SBI,18,2,0,4,0.579,0
txn_012197,265.4,Credit Card,bank_server_down,Kotak,16,2,0,1,0.815,1
txn_012198,265.21,Debit Card,insufficient_funds,Axis,10,4,0,1,0.481,1
txn_012199,426.24,UPI,card_declined,IDFC,22,1,0,0,0.42,0
txn_012200,1101.28,UPI,expired_card,ICICI,4,5,1,0,0.977,1
txn_012201,477.2,Wallet,card_declined,IDFC,23,3,0,0,0.732,0
txn_012202,62.74,Credit Card,insufficient_funds,IDFC,4,6,1,0,0.474,0
txn_012203,384.5,Credit Card,network_timeout,SBI,5,4,0,1,0.889,0
txn_012204,916.13,UPI,card_declined,HDFC,9,5,1,0,0.856,1
txn_012205,977.4,Debit Card,network_timeout,Yes Bank,2,4,0,1,0.911,0
txn_012206,1268.97,Wallet,risk_flagged,SBI,1,1,0,0,0.826,0
txn_012207,493.19,Debit Card,card_declined,HDFC,18,3,0,2,0.79,0
txn_012208,284.47,Credit Card,wrong_otp,IDFC,20,4,0,1,0.708,0
txn_012209,861.14,Debit Card,insufficient_funds,SBI,0,6,1,0,0.721,0
txn_012210,330.25,Debit Card,expired_card,Axis,6,3,0,4,0.398,0
txn_012211,503.46,UPI,insufficient_funds,Kotak,9,2,0,0,0.856,0
txn_012212,592.92,UPI,insufficient_funds,Kotak,19,2,0,0,0.337,0
txn_012213,399.99,Credit Card,wrong_otp,SBI,10,3,0,1,0.825,0
txn_012214,181.67,Credit Card,wrong_otp,Axis,11,4,0,1,0.967,0
txn_012215,376.5,UPI,network_timeout,Yes Bank,4,3,0,1,0.886,0
txn_012216,522.15,UPI,bank_server_down,Kotak,2,6,1,1,0.404,0
txn_012217,16983.22,Debit Card,insufficient_funds,IDFC,18,4,0,0,0.607,0
txn_012218,717.44,Debit Card,wrong_otp,Kotak,2,3,0,0,0.688,0
txn_012219,106.41,UPI,wrong_otp,Kotak,12,6,1,1,0.931,1
txn_012220,1516.43,UPI,network_timeout,Yes Bank,15,3,0,0,0.791,1
txn_012221,309.97,UPI,card_declined,ICICI,20,3,0,2,0.598,0
txn_012222,1870.47,UPI,bank_server_down,HDFC,14,5,1,0,0.88,1
txn_012223,2825.17,Credit Card,risk_flagged,ICICI,13,6,1,2,0.96,0
txn_012224,150.15,UPI,insufficient_funds,IDFC,2,0,0,0,0.67,1
txn_012225,2454.33,UPI,card_declined,HDFC,21,4,0,0,0.95,0
txn_012226,91.43,Debit Card,insufficient_funds,HDFC,0,2,0,0,0.627,0
txn_012227,705.61,Debit Card,bank_server_down,Yes Bank,8,0,0,3,0.363,1
txn_012228,489.87,Netbanking,bank_server_down,SBI,22,6,1,1,0.957,1
txn_012229,3609.69,Credit Card,expired_card,IDFC,3,6,1,0,0.881,0
txn_012230,183.66,Debit Card,insufficient_funds,Yes Bank,8,3,0,1,0.846,1
txn_012231,219.28,Debit Card,network_timeout,Axis,21,1,0,1,0.335,0
txn_012232,164.15,Wallet,network_timeout,Axis,0,1,0,0,0.661,1
txn_012233,695.19,Netbanking,bank_server_down,HDFC,16,3,0,1,0.777,1
txn_012234,748.0,UPI,wrong_otp,Yes Bank,19,0,0,1,0.571,0
txn_012235,2242.82,Credit Card,card_declined,Yes Bank,17,6,1,0,0.585,0
txn_012236,291.59,UPI,bank_server_down,Yes Bank,19,2,0,3,0.624,1
txn_012237,123.18,Netbanking,insufficient_funds,SBI,3,1,0,0,0.639,0
txn_012238,3520.09,UPI,expired_card,Axis,16,0,0,0,0.861,1
txn_012239,230.81,Debit Card,bank_server_down,ICICI,17,6,1,0,0.64,1
txn_012240,2122.6,UPI,bank_server_down,SBI,10,0,0,0,0.723,1
txn_012241,839.8,Credit Card,network_timeout,IDFC,19,1,0,0,0.639,1
txn_012242,265.83,Debit Card,network_timeout,IDFC,23,0,0,3,0.694,0
txn_012243,87.08,Debit Card,insufficient_funds,SBI,22,6,1,1,0.866,0
txn_012244,4396.05,UPI,card_declined,ICICI,4,5,1,0,0.651,0
txn_012245,653.19,UPI,wrong_otp,Kotak,13,5,1,0,0.599,1
txn_012246,194.51,Wallet,card_declined,Kotak,8,2,0,0,0.535,0
txn_012247,1038.92,UPI,network_timeout,IDFC,4,2,0,0,0.237,1
txn_012248,345.04,UPI,wrong_otp,Axis,21,6,1,0,0.715,0
txn_012249,500.14,Debit Card,network_timeout,Axis,5,4,0,1,0.455,1
txn_012250,920.03,Netbanking,risk_flagged,ICICI,23,5,1,0,0.77,0
txn_012251,371.39,Netbanking,expired_card,IDFC,19,4,0,1,0.745,0
txn_012252,1664.07,Debit Card,bank_server_down,Yes Bank,3,3,0,0,0.687,0
txn_012253,215.06,Netbanking,card_declined,Yes Bank,6,6,1,0,0.684,1
txn_012254,10324.14,UPI,insufficient_funds,Yes Bank,13,0,0,1,0.923,1
txn_012255,234.91,Netbanking,expired_card,SBI,22,0,0,0,0.247,0
txn_012256,1016.19,Wallet,expired_card,SBI,6,3,0,2,0.745,0
txn_012257,1461.56,Debit Card,insufficient_funds,ICICI,17,0,0,1,0.694,0
txn_012258,122.87,Debit Card,insufficient_funds,Yes Bank,22,5,1,1,0.897,1
txn_012259,252.15,Credit Card,bank_server_down,HDFC,6,0,0,0,0.882,0
txn_012260,118.88,Netbanking,card_declined,Axis,14,5,1,1,0.681,0
txn_012261,462.2,Netbanking,risk_flagged,ICICI,11,1,0,2,0.613,0
txn_012262,1302.82,UPI,bank_server_down,ICICI,9,6,1,0,0.705,0
txn_012263,221.91,UPI,network_timeout,Yes Bank,13,0,0,1,0.666,1
txn_012264,313.71,Netbanking,network_timeout,Yes Bank,11,5,1,1,0.604,1
txn_012265,580.2,UPI,bank_server_down,SBI,3,3,0,1,0.839,1
txn_012266,4021.92,UPI,expired_card,Axis,11,5,1,0,0.688,0
txn_012267,2343.71,UPI,bank_server_down,Kotak,22,5,1,0,0.788,1
txn_012268,1520.09,Credit Card,bank_server_down,Kotak,16,0,0,1,0.75,1
txn_012269,1208.7,Debit Card,network_timeout,ICICI,6,6,1,2,0.846,1
txn_012270,1025.45,UPI,bank_server_down,Axis,11,1,0,0,0.532,1
txn_012271,585.25,UPI,wrong_otp,Yes Bank,7,3,0,2,0.362,0
txn_012272,876.35,UPI,bank_server_down,Yes Bank,19,4,0,0,0.801,1
txn_012273,631.03,Debit Card,bank_server_down,Kotak,2,3,0,1,0.788,1
txn_012274,1995.19,Debit Card,risk_flagged,Kotak,15,2,0,0,0.85,1
txn_012275,303.59,UPI,bank_server_down,IDFC,12,3,0,5,0.68,0
txn_012276,1601.26,UPI,card_declined,SBI,22,2,0,0,0.754,1
txn_012277,1218.31,Credit Card,card_declined,SBI,2,0,0,1,0.658,0
txn_012278,4037.58,UPI,insufficient_funds,ICICI,19,4,0,1,0.588,1
txn_012279,529.32,Credit Card,wrong_otp,IDFC,3,1,0,0,0.619,0
txn_012280,1663.92,Debit Card,bank_server_down,HDFC,8,4,0,1,0.793,0
txn_012281,3081.0,Credit Card,bank_server_down,SBI,8,1,0,1,0.914,1
txn_012282,498.53,UPI,expired_card,Axis,17,0,0,1,0.659,0
txn_012283,142.65,UPI,insufficient_funds,Axis,22,2,0,1,0.726,0
txn_012284,1056.82,UPI,insufficient_funds,HDFC,19,3,0,1,0.621,1
txn_012285,875.26,Wallet,card_declined,Axis,14,4,0,2,0.572,0
txn_012286,1934.21,Credit Card,insufficient_funds,Axis,6,3,0,1,0.621,0
txn_012287,1519.1,UPI,network_timeout,HDFC,16,2,0,0,0.683,0
txn_012288,4042.55,UPI,network_timeout,Yes Bank,4,1,0,0,0.74,0
txn_012289,109.55,UPI,risk_flagged,Axis,17,1,0,1,0.583,0
txn_012290,468.94,UPI,card_declined,Yes Bank,6,3,0,0,0.829,0
txn_012291,641.35,Debit Card,wrong_otp,ICICI,3,2,0,0,0.899,1
txn_012292,404.11,UPI,network_timeout,SBI,21,0,0,0,0.579,0
txn_012293,1554.21,UPI,expired_card,SBI,16,0,0,2,0.905,0
txn_012294,303.96,Debit Card,wrong_otp,IDFC,17,5,1,0,0.75,0
txn_012295,857.71,UPI,insufficient_funds,Yes Bank,16,0,0,1,0.423,0
txn_012296,1379.42,Netbanking,card_declined,IDFC,22,4,0,0,0.927,1
txn_012297,1091.73,Netbanking,bank_server_down,SBI,3,5,1,3,0.9,0
txn_012298,210.17,UPI,network_timeout,IDFC,13,4,0,0,0.807,1
txn_012299,593.56,Credit Card,risk_flagged,Yes Bank,13,2,0,1,0.893,1
txn_012300,884.11,Debit Card,network_timeout,ICICI,14,6,1,0,0.76,0
txn_012301,1149.48,Netbanking,insufficient_funds,HDFC,15,5,1,1,0.775,0
txn_012302,1800.53,Credit Card,expired_card,Yes Bank,9,3,0,1,0.465,0
txn_012303,562.55,Debit Card,insufficient_funds,Axis,6,6,1,1,0.761,0
txn_012304,2685.14,UPI,insufficient_funds,HDFC,17,1,0,1,0.87,1
txn_012305,1067.49,UPI,wrong_otp,Axis,11,5,1,0,0.611,0
txn_012306,405.23,Debit Card,insufficient_funds,IDFC,23,2,0,2,0.733,0
txn_012307,707.52,Credit Card,wrong_otp,Kotak,15,0,0,1,0.773,0
txn_012308,293.13,Debit Card,card_declined,Kotak,19,0,0,2,0.439,0
txn_012309,1360.28,UPI,insufficient_funds,IDFC,21,4,0,0,0.687,0
txn_012310,130.02,Credit Card,expired_card,Axis,21,1,0,2,0.815,0
txn_012311,1151.33,UPI,risk_flagged,SBI,12,1,0,2,0.707,0
txn_012312,1774.88,Credit Card,card_declined,SBI,16,3,0,1,0.84,1
txn_012313,2915.68,UPI,card_declined,Yes Bank,8,3,0,0,0.772,1
txn_012314,90.94,Credit Card,network_timeout,Axis,1,6,1,0,0.722,0
txn_012315,1119.59,Debit Card,bank_server_down,SBI,8,1,0,1,0.74,1
txn_012316,97.77,Debit Card,insufficient_funds,ICICI,0,0,0,2,0.704,0
txn_012317,2400.53,UPI,wrong_otp,SBI,7,5,1,0,0.676,1
txn_012318,938.3,UPI,bank_server_down,IDFC,6,1,0,3,0.92,1
txn_012319,388.85,UPI,wrong_otp,HDFC,22,2,0,2,0.73,0
txn_012320,1214.95,Netbanking,bank_server_down,Kotak,10,1,0,1,0.743,1
txn_012321,361.8,Debit Card,card_declined,SBI,17,1,0,0,0.736,0
txn_012322,1345.88,UPI,bank_server_down,Kotak,1,5,1,0,0.497,1
txn_012323,255.16,UPI,bank_server_down,IDFC,9,6,1,0,0.932,1
txn_012324,607.0,Netbanking,insufficient_funds,Kotak,18,5,1,2,0.695,0
txn_012325,170.6,UPI,insufficient_funds,Yes Bank,0,6,1,0,0.432,1
txn_012326,394.57,UPI,insufficient_funds,ICICI,12,2,0,0,0.625,0
txn_012327,284.43,Debit Card,bank_server_down,Axis,13,4,0,0,0.93,1
txn_012328,1224.93,UPI,insufficient_funds,Axis,3,1,0,1,0.535,0
txn_012329,131.04,Netbanking,expired_card,Yes Bank,12,0,0,0,0.842,0
txn_012330,185.56,UPI,insufficient_funds,IDFC,21,4,0,1,0.852,0
txn_012331,449.92,UPI,risk_flagged,ICICI,21,2,0,0,0.867,0
txn_012332,95.2,Debit Card,insufficient_funds,Kotak,2,1,0,0,0.875,0
txn_012333,174.91,Netbanking,network_timeout,Yes Bank,16,4,0,0,0.89,0
txn_012334,2305.67,Debit Card,network_timeout,IDFC,2,0,0,2,0.748,0
txn_012335,1882.17,UPI,insufficient_funds,IDFC,10,2,0,0,0.715,0
txn_012336,1285.9,Debit Card,network_timeout,Kotak,6,0,0,2,0.603,1
txn_012337,519.18,Wallet,insufficient_funds,Axis,15,0,0,0,0.809,1
txn_012338,577.48,UPI,risk_flagged,IDFC,2,1,0,0,0.748,1
txn_012339,1368.1,UPI,expired_card,Kotak,4,1,0,3,0.844,0
txn_012340,295.53,UPI,network_timeout,SBI,10,4,0,2,0.574,0
txn_012341,5812.87,Netbanking,wrong_otp,Axis,17,2,0,0,0.813,1
txn_012342,211.35,Netbanking,expired_card,IDFC,10,6,1,0,0.577,0
txn_012343,597.55,Credit Card,insufficient_funds,Kotak,11,2,0,2,0.399,0
txn_012344,438.36,Debit Card,wrong_otp,SBI,4,4,0,2,0.562,1
txn_012345,2310.65,UPI,bank_server_down,Kotak,11,0,0,2,0.551,1
txn_012346,203.47,Netbanking,wrong_otp,ICICI,23,2,0,0,0.763,0
txn_012347,540.08,Credit Card,wrong_otp,Kotak,0,0,0,2,0.927,0
txn_012348,2991.82,Netbanking,insufficient_funds,SBI,10,3,0,0,0.713,0
txn_012349,646.55,Credit Card,insufficient_funds,Axis,17,4,0,1,0.651,0
txn_012350,73.62,Netbanking,insufficient_funds,SBI,21,0,0,1,0.817,0
txn_012351,375.38,Credit Card,bank_server_down,Axis,3,0,0,0,0.681,1
txn_012352,904.98,Debit Card,network_timeout,SBI,20,1,0,0,0.762,0
txn_012353,199.08,Credit Card,bank_server_down,Kotak,1,6,1,0,0.972,1
txn_012354,378.55,Credit Card,bank_server_down,Yes Bank,19,6,1,1,0.694,0
txn_012355,750.16,Credit Card,bank_server_down,Yes Bank,11,4,0,0,0.681,1
txn_012356,2570.66,Debit Card,network_timeout,ICICI,17,5,1,3,0.591,1
txn_012357,1342.81,Netbanking,wrong_otp,Axis,23,5,1,2,0.52,1
txn_012358,3195.16,UPI,network_timeout,Kotak,9,2,0,2,0.602,0
txn_012359,113.64,UPI,wrong_otp,Axis,12,6,1,0,0.894,0
txn_012360,663.91,Debit Card,expired_card,Axis,5,2,0,2,0.776,0
txn_012361,818.15,UPI,wrong_otp,ICICI,21,5,1,2,0.762,0
txn_012362,1748.23,Credit Card,card_declined,Yes Bank,22,3,0,1,0.64,1
txn_012363,1945.58,Netbanking,insufficient_funds,IDFC,0,3,0,1,0.799,0
txn_012364,791.65,Credit Card,insufficient_funds,SBI,21,1,0,0,0.961,1
txn_012365,1750.56,Debit Card,card_declined,ICICI,11,1,0,0,0.551,0
txn_012366,278.16,UPI,insufficient_funds,Axis,5,3,0,0,0.94,0
txn_012367,385.93,UPI,wrong_otp,Yes Bank,20,5,1,0,0.628,0
txn_012368,378.25,Debit Card,network_timeout,HDFC,2,1,0,0,0.756,1
txn_012369,1100.54,UPI,risk_flagged,Yes Bank,18,0,0,1,0.857,0
txn_012370,2383.1,Credit Card,bank_server_down,ICICI,14,6,1,0,0.677,0
txn_012371,4874.05,UPI,insufficient_funds,Axis,12,2,0,1,0.437,1
txn_012372,709.68,Credit Card,bank_server_down,ICICI,21,5,1,2,0.646,1
txn_012373,54.34,Credit Card,insufficient_funds,Yes Bank,17,6,1,0,0.732,1
txn_012374,60.38,UPI,wrong_otp,Yes Bank,18,3,0,0,0.626,1
txn_012375,987.23,Debit Card,bank_server_down,ICICI,0,5,1,0,0.876,1
txn_012376,1894.77,Credit Card,bank_server_down,ICICI,5,4,0,0,0.933,0
txn_012377,344.9,UPI,wrong_otp,Yes Bank,10,0,0,1,0.807,0
txn_012378,1177.51,Netbanking,bank_server_down,ICICI,8,2,0,1,0.619,1
txn_012379,967.66,Debit Card,risk_flagged,Yes Bank,2,4,0,1,0.765,0
txn_012380,3842.17,Credit Card,bank_server_down,ICICI,19,3,0,0,0.948,1
txn_012381,1029.56,Credit Card,insufficient_funds,ICICI,8,0,0,0,0.676,0
txn_012382,3215.8,Wallet,bank_server_down,HDFC,22,3,0,1,0.757,1
txn_012383,131.29,Debit Card,insufficient_funds,Axis,15,4,0,0,0.853,0
txn_012384,441.13,Debit Card,card_declined,Axis,13,3,0,1,0.685,0
txn_012385,1167.0,Credit Card,network_timeout,IDFC,14,6,1,2,0.813,0
txn_012386,283.96,Credit Card,network_timeout,Axis,0,3,0,1,0.646,1
txn_012387,263.78,UPI,wrong_otp,SBI,12,5,1,1,0.565,0
txn_012388,643.94,Credit Card,network_timeout,ICICI,12,4,0,3,0.534,0
txn_012389,941.88,Credit Card,insufficient_funds,Yes Bank,21,2,0,1,0.459,1
txn_012390,723.07,UPI,bank_server_down,Yes Bank,22,4,0,2,0.83,0
txn_012391,310.69,Credit Card,network_timeout,Yes Bank,6,6,1,0,0.315,1
txn_012392,494.1,Debit Card,network_timeout,Kotak,19,0,0,0,0.898,0
txn_012393,874.3,UPI,insufficient_funds,Yes Bank,11,2,0,1,0.496,1
txn_012394,574.57,UPI,expired_card,Kotak,17,2,0,0,0.684,0
txn_012395,151.77,Debit Card,expired_card,Kotak,2,2,0,1,0.373,0
txn_012396,895.2,Netbanking,network_timeout,IDFC,16,3,0,1,0.802,0
txn_012397,57.41,UPI,network_timeout,IDFC,3,2,0,0,0.737,1
txn_012398,231.74,UPI,insufficient_funds,ICICI,8,3,0,0,0.903,0
txn_012399,3021.11,Netbanking,expired_card,Yes Bank,17,3,0,0,0.955,0
txn_012400,2727.51,UPI,insufficient_funds,Kotak,11,3,0,0,0.861,0
txn_012401,1598.52,UPI,risk_flagged,IDFC,11,5,1,0,0.724,0
txn_012402,821.17,Debit Card,expired_card,Axis,18,6,1,1,0.928,0
txn_012403,455.43,Debit Card,network_timeout,HDFC,9,3,0,0,0.5,0
txn_012404,1177.2,Credit Card,card_declined,Axis,22,5,1,1,0.888,1
txn_012405,800.63,Wallet,card_declined,ICICI,1,3,0,1,0.742,1
txn_012406,708.79,Debit Card,expired_card,HDFC,16,0,0,0,0.748,0
txn_012407,2242.9,UPI,insufficient_funds,SBI,2,6,1,0,0.887,0
txn_012408,4328.03,UPI,network_timeout,Axis,16,3,0,0,0.679,1
txn_012409,3521.26,UPI,insufficient_funds,Kotak,19,4,0,0,0.727,1
txn_012410,296.1,UPI,insufficient_funds,HDFC,20,6,1,0,0.491,0
txn_012411,965.09,UPI,insufficient_funds,Kotak,9,1,0,1,0.811,1
txn_012412,619.53,Credit Card,insufficient_funds,HDFC,21,0,0,2,0.795,0
txn_012413,247.45,Wallet,insufficient_funds,SBI,0,5,1,0,0.676,1
txn_012414,519.51,UPI,risk_flagged,HDFC,11,0,0,0,0.459,1
txn_012415,610.77,UPI,insufficient_funds,SBI,11,2,0,1,0.341,0
txn_012416,176.13,Debit Card,card_declined,Yes Bank,12,6,1,1,0.662,1
txn_012417,840.02,UPI,network_timeout,HDFC,1,4,0,0,0.623,1
txn_012418,613.22,Debit Card,card_declined,IDFC,19,6,1,0,0.526,0
txn_012419,237.1,UPI,insufficient_funds,Yes Bank,1,2,0,2,0.857,0
txn_012420,2982.71,UPI,network_timeout,HDFC,6,4,0,0,0.61,1
txn_012421,165.21,Credit Card,insufficient_funds,ICICI,22,2,0,1,0.851,1
txn_012422,362.98,UPI,risk_flagged,ICICI,19,2,0,1,0.772,0
txn_012423,611.31,Debit Card,card_declined,IDFC,9,1,0,1,0.418,0
txn_012424,7250.73,UPI,insufficient_funds,Axis,15,1,0,0,0.913,0
txn_012425,570.84,Debit Card,bank_server_down,Axis,8,0,0,1,0.682,1
txn_012426,86.59,Debit Card,bank_server_down,SBI,1,4,0,1,0.805,1
txn_012427,84.85,Netbanking,network_timeout,SBI,4,6,1,2,0.574,0
txn_012428,722.96,Wallet,bank_server_down,SBI,8,6,1,2,0.801,1
txn_012429,202.3,Credit Card,bank_server_down,HDFC,15,0,0,0,0.757,1
txn_012430,392.39,UPI,insufficient_funds,Kotak,10,6,1,2,0.818,0
txn_012431,795.85,UPI,insufficient_funds,HDFC,11,0,0,0,0.614,1
txn_012432,283.07,UPI,insufficient_funds,HDFC,23,1,0,0,0.68,0
txn_012433,761.94,Credit Card,network_timeout,Axis,2,0,0,0,0.663,0
txn_012434,3267.41,Credit Card,bank_server_down,Axis,20,3,0,1,0.926,1
txn_012435,2072.96,Credit Card,insufficient_funds,SBI,0,3,0,0,0.923,0
txn_012436,721.53,Netbanking,expired_card,IDFC,15,5,1,3,0.691,0
txn_012437,813.31,UPI,insufficient_funds,HDFC,6,3,0,0,0.552,1
txn_012438,578.56,Credit Card,insufficient_funds,IDFC,14,2,0,0,0.737,0
txn_012439,1124.36,UPI,network_timeout,Yes Bank,12,6,1,5,0.594,0
txn_012440,836.68,Wallet,card_declined,Kotak,11,3,0,3,0.718,0
txn_012441,487.91,UPI,network_timeout,Yes Bank,7,4,0,0,0.762,1
txn_012442,489.96,UPI,risk_flagged,Yes Bank,3,4,0,0,0.874,1
txn_012443,535.91,UPI,card_declined,HDFC,9,1,0,0,0.581,1
txn_012444,1234.9,Netbanking,insufficient_funds,Kotak,13,4,0,3,0.795,0
txn_012445,88.17,UPI,insufficient_funds,Axis,5,3,0,1,0.848,1
txn_012446,594.68,UPI,expired_card,Kotak,1,1,0,0,0.478,0
txn_012447,506.71,Debit Card,network_timeout,Kotak,14,3,0,0,0.722,0
txn_012448,1612.66,Credit Card,insufficient_funds,SBI,21,0,0,1,0.815,1
txn_012449,997.52,UPI,risk_flagged,ICICI,4,6,1,1,0.922,1
txn_012450,732.16,UPI,risk_flagged,Kotak,16,1,0,2,0.817,0
txn_012451,706.77,UPI,insufficient_funds,Yes Bank,19,0,0,1,0.378,0
txn_012452,706.45,UPI,network_timeout,ICICI,5,5,1,1,0.209,0
txn_012453,1731.41,Credit Card,risk_flagged,IDFC,3,0,0,0,0.857,0
txn_012454,2353.47,Debit Card,network_timeout,SBI,16,0,0,0,0.795,1
txn_012455,7699.86,Debit Card,insufficient_funds,Axis,13,2,0,1,0.835,0
txn_012456,1978.13,UPI,insufficient_funds,ICICI,4,2,0,1,0.535,0
txn_012457,1129.06,Credit Card,card_declined,Yes Bank,14,4,0,0,0.804,1
txn_012458,347.52,Credit Card,bank_server_down,SBI,18,0,0,0,0.5,0
txn_012459,76.4,Credit Card,insufficient_funds,Axis,11,2,0,0,0.871,0
txn_012460,2032.53,Credit Card,insufficient_funds,SBI,3,2,0,2,0.833,0
txn_012461,927.09,UPI,insufficient_funds,ICICI,17,6,1,1,0.784,0
txn_012462,202.09,Debit Card,network_timeout,Axis,16,6,1,0,0.644,1
txn_012463,441.82,Credit Card,risk_flagged,ICICI,19,2,0,1,0.513,0
txn_012464,2530.64,Netbanking,risk_flagged,Axis,15,3,0,0,0.368,0
txn_012465,127.22,Debit Card,network_timeout,ICICI,10,1,0,1,0.678,1
txn_012466,1093.25,UPI,risk_flagged,Yes Bank,3,4,0,0,0.547,0
txn_012467,283.89,Netbanking,bank_server_down,HDFC,9,5,1,2,0.654,1
txn_012468,576.02,Debit Card,risk_flagged,IDFC,8,4,0,0,0.933,0
txn_012469,605.06,Debit Card,expired_card,ICICI,7,3,0,0,0.772,0
txn_012470,321.01,UPI,insufficient_funds,Kotak,16,5,1,0,0.435,0
txn_012471,1130.41,UPI,network_timeout,SBI,18,6,1,0,0.81,1
txn_012472,2041.45,Credit Card,network_timeout,HDFC,18,3,0,1,0.598,0
txn_012473,2907.06,Netbanking,bank_server_down,Yes Bank,12,3,0,2,0.765,1
txn_012474,615.71,UPI,wrong_otp,HDFC,1,0,0,1,0.914,0
txn_012475,334.56,Credit Card,bank_server_down,IDFC,2,1,0,1,0.883,1
txn_012476,854.97,UPI,expired_card,Axis,15,3,0,0,0.811,1
txn_012477,2607.05,Debit Card,bank_server_down,Kotak,17,3,0,1,0.838,1
txn_012478,2205.08,Debit Card,bank_server_down,ICICI,14,6,1,1,0.642,0
txn_012479,2159.08,Debit Card,card_declined,Axis,19,0,0,0,0.569,0
txn_012480,325.96,Netbanking,network_timeout,Axis,1,4,0,0,0.621,0
txn_012481,291.94,Debit Card,risk_flagged,HDFC,16,6,1,0,0.342,0
txn_012482,378.83,UPI,bank_server_down,ICICI,12,1,0,1,0.912,1
txn_012483,994.1,Debit Card,network_timeout,Axis,8,3,0,0,0.782,1
txn_012484,700.06,Debit Card,insufficient_funds,Yes Bank,22,0,0,2,0.666,0
txn_012485,250.05,Credit Card,card_declined,HDFC,10,4,0,0,0.891,1
txn_012486,321.08,UPI,card_declined,IDFC,22,1,0,0,0.716,0
txn_012487,585.0,UPI,insufficient_funds,Kotak,18,2,0,1,0.918,1
txn_012488,418.35,Debit Card,network_timeout,Kotak,20,2,0,0,0.575,1
txn_012489,197.14,Credit Card,network_timeout,Kotak,9,2,0,2,0.756,1
txn_012490,190.05,UPI,risk_flagged,Yes Bank,10,0,0,2,0.649,0
txn_012491,620.41,Debit Card,bank_server_down,Axis,17,6,1,1,0.851,1
txn_012492,86.66,UPI,insufficient_funds,Kotak,6,5,1,0,0.574,0
txn_012493,318.34,Credit Card,network_timeout,HDFC,14,0,0,1,0.791,1
txn_012494,285.66,Credit Card,insufficient_funds,ICICI,16,6,1,0,0.595,0
txn_012495,561.08,UPI,wrong_otp,Yes Bank,18,2,0,2,0.425,0
txn_012496,1018.66,UPI,insufficient_funds,HDFC,10,6,1,0,0.782,1
txn_012497,7138.92,Debit Card,network_timeout,Axis,22,6,1,0,0.566,0
txn_012498,2698.83,UPI,wrong_otp,SBI,9,0,0,2,0.879,0
txn_012499,324.33,Credit Card,insufficient_funds,SBI,22,3,0,0,0.745,0
txn_012500,1923.18,Credit Card,network_timeout,HDFC,17,5,1,0,0.813,0
txn_012501,2712.09,Credit Card,expired_card,Kotak,7,4,0,0,0.79,0
txn_012502,592.8,UPI,network_timeout,SBI,9,4,0,0,0.778,1
txn_012503,1859.12,UPI,insufficient_funds,Kotak,23,0,0,2,0.89,1
txn_012504,704.19,Debit Card,risk_flagged,Axis,9,3,0,2,0.803,0
txn_012505,856.91,UPI,expired_card,HDFC,9,5,1,0,0.79,0
txn_012506,1422.18,UPI,network_timeout,Yes Bank,0,5,1,1,0.506,1
txn_012507,705.1,Credit Card,expired_card,Yes Bank,14,0,0,2,0.901,0
txn_012508,352.08,Debit Card,risk_flagged,Kotak,15,0,0,0,0.606,1
txn_012509,2015.56,Netbanking,insufficient_funds,IDFC,17,0,0,1,0.619,0
txn_012510,565.0,Credit Card,wrong_otp,SBI,20,2,0,2,0.483,1
txn_012511,4219.33,Wallet,insufficient_funds,IDFC,14,1,0,0,0.908,0
txn_012512,465.97,Credit Card,insufficient_funds,SBI,7,2,0,0,0.803,0
txn_012513,1896.08,Credit Card,network_timeout,SBI,9,5,1,0,0.636,0
txn_012514,576.56,Credit Card,expired_card,Kotak,17,5,1,1,0.499,0
txn_012515,165.63,UPI,card_declined,HDFC,11,6,1,1,0.801,1
txn_012516,607.56,Netbanking,network_timeout,HDFC,4,6,1,1,0.88,1
txn_012517,79.56,Debit Card,insufficient_funds,Kotak,1,4,0,0,0.638,0
txn_012518,532.35,UPI,bank_server_down,SBI,6,1,0,1,0.945,1
txn_012519,1475.39,Debit Card,bank_server_down,SBI,20,4,0,0,0.729,1
txn_012520,1497.48,Credit Card,network_timeout,Axis,16,0,0,0,0.53,0
txn_012521,645.42,UPI,insufficient_funds,Axis,10,5,1,0,0.708,1
txn_012522,161.29,UPI,insufficient_funds,Yes Bank,9,1,0,2,0.617,0
txn_012523,192.47,UPI,card_declined,ICICI,14,6,1,1,0.548,0
txn_012524,1433.37,Debit Card,card_declined,SBI,8,4,0,1,0.629,0
txn_012525,1910.71,Credit Card,insufficient_funds,Kotak,15,0,0,0,0.696,0
txn_012526,3237.14,UPI,risk_flagged,IDFC,0,2,0,0,0.853,0
txn_012527,196.72,UPI,insufficient_funds,HDFC,13,0,0,1,0.862,1
txn_012528,3036.69,Credit Card,wrong_otp,Axis,21,3,0,2,0.866,0
txn_012529,111.76,UPI,insufficient_funds,IDFC,18,1,0,0,0.762,1
txn_012530,142.85,Credit Card,network_timeout,Yes Bank,15,4,0,0,0.892,0
txn_012531,332.52,UPI,risk_flagged,Kotak,14,5,1,0,0.903,0
txn_012532,398.6,Debit Card,insufficient_funds,ICICI,20,2,0,0,0.85,0
txn_012533,251.1,Credit Card,network_timeout,SBI,18,1,0,0,0.9,1
txn_012534,1976.74,UPI,risk_flagged,IDFC,22,3,0,0,0.319,0
txn_012535,1489.61,UPI,risk_flagged,IDFC,17,1,0,1,0.54,0
txn_012536,674.01,UPI,insufficient_funds,Axis,10,6,1,1,0.781,1
txn_012537,310.13,UPI,wrong_otp,ICICI,23,1,0,1,0.839,1
txn_012538,645.53,UPI,insufficient_funds,Axis,8,2,0,0,0.652,1
txn_012539,184.36,Debit Card,risk_flagged,SBI,12,5,1,0,0.715,0
txn_012540,91.74,Debit Card,risk_flagged,Kotak,21,6,1,0,0.293,0
txn_012541,320.59,UPI,bank_server_down,Axis,2,5,1,2,0.912,1
txn_012542,2642.5,UPI,insufficient_funds,Axis,1,3,0,1,0.431,0
txn_012543,507.04,UPI,card_declined,Yes Bank,4,5,1,1,0.406,0
txn_012544,480.69,UPI,insufficient_funds,Axis,19,4,0,1,0.532,1
txn_012545,1847.14,Debit Card,wrong_otp,Yes Bank,10,3,0,1,0.366,1
txn_012546,432.38,UPI,network_timeout,Yes Bank,21,1,0,0,0.762,1
txn_012547,5197.37,Credit Card,card_declined,SBI,15,0,0,1,0.477,1
txn_012548,604.54,Debit Card,insufficient_funds,Yes Bank,7,0,0,0,0.726,1
txn_012549,384.94,Debit Card,bank_server_down,IDFC,13,1,0,1,0.855,1
txn_012550,1349.7,UPI,card_declined,Axis,0,0,0,1,0.53,0
txn_012551,3113.99,UPI,insufficient_funds,SBI,11,3,0,2,0.883,0
txn_012552,371.75,Debit Card,card_declined,SBI,6,3,0,0,0.774,1
txn_012553,265.23,Netbanking,bank_server_down,IDFC,4,3,0,2,0.847,0
txn_012554,1428.3,UPI,insufficient_funds,IDFC,6,6,1,1,0.337,0
txn_012555,959.59,Wallet,bank_server_down,HDFC,3,1,0,0,0.745,1
txn_012556,120.76,Credit Card,wrong_otp,Axis,12,5,1,2,0.877,1
txn_012557,923.28,UPI,insufficient_funds,IDFC,22,2,0,0,0.837,0
txn_012558,871.84,UPI,bank_server_down,Yes Bank,7,1,0,2,0.658,1
txn_012559,1052.71,Debit Card,wrong_otp,Axis,10,1,0,0,0.736,1
txn_012560,1534.15,Credit Card,network_timeout,IDFC,0,6,1,0,0.824,1
txn_012561,9661.88,Credit Card,card_declined,Kotak,12,6,1,0,0.862,1
txn_012562,89.67,Wallet,bank_server_down,Axis,18,6,1,4,0.756,0
txn_012563,404.08,Credit Card,network_timeout,ICICI,9,3,0,0,0.734,0
txn_012564,440.67,Credit Card,insufficient_funds,HDFC,22,3,0,0,0.678,0
txn_012565,462.72,Debit Card,bank_server_down,Axis,22,5,1,1,0.762,1
txn_012566,591.55,UPI,wrong_otp,Axis,19,5,1,1,0.439,1
txn_012567,357.73,UPI,card_declined,HDFC,0,4,0,2,0.413,1
txn_012568,660.48,Credit Card,expired_card,Yes Bank,18,0,0,1,0.6,0
txn_012569,266.49,UPI,insufficient_funds,Yes Bank,11,4,0,1,0.938,0
txn_012570,6926.82,Debit Card,wrong_otp,SBI,20,2,0,0,0.966,0
txn_012571,359.48,Debit Card,card_declined,ICICI,12,0,0,2,0.663,0
txn_012572,487.45,Debit Card,bank_server_down,ICICI,22,6,1,1,0.618,1
txn_012573,61.41,Debit Card,bank_server_down,Axis,19,2,0,0,0.864,1
txn_012574,2442.53,Credit Card,insufficient_funds,Yes Bank,14,3,0,0,0.883,0
txn_012575,248.57,Debit Card,card_declined,ICICI,7,4,0,0,0.831,0
txn_012576,418.25,UPI,bank_server_down,Yes Bank,12,5,1,2,0.722,0
txn_012577,534.39,Credit Card,card_declined,HDFC,6,6,1,0,0.581,1
txn_012578,1838.12,UPI,network_timeout,ICICI,8,0,0,2,0.616,0
txn_012579,393.11,Debit Card,network_timeout,Yes Bank,7,4,0,1,0.82,1
txn_012580,329.11,UPI,risk_flagged,Kotak,6,2,0,0,0.657,0
txn_012581,610.71,UPI,card_declined,Axis,21,1,0,0,0.781,1
txn_012582,220.81,UPI,wrong_otp,SBI,17,3,0,1,0.736,0
txn_012583,320.68,UPI,bank_server_down,Axis,17,3,0,2,0.767,0
txn_012584,1435.69,Credit Card,bank_server_down,HDFC,5,5,1,3,0.877,0
txn_012585,440.12,UPI,card_declined,Yes Bank,9,6,1,0,0.512,1
txn_012586,1545.19,UPI,insufficient_funds,Kotak,16,2,0,0,0.921,1
txn_012587,1214.73,Netbanking,network_timeout,HDFC,21,2,0,2,0.777,1
txn_012588,524.16,Debit Card,card_declined,ICICI,15,6,1,1,0.455,0
txn_012589,653.86,Credit Card,card_declined,SBI,6,1,0,1,0.714,0
txn_012590,1927.62,Debit Card,card_declined,Kotak,6,6,1,0,0.877,0
txn_012591,303.73,Netbanking,insufficient_funds,Axis,10,2,0,0,0.724,0
txn_012592,157.43,UPI,wrong_otp,Axis,20,1,0,2,0.603,1
txn_012593,4227.81,UPI,insufficient_funds,IDFC,17,0,0,1,0.597,1
txn_012594,393.08,UPI,insufficient_funds,Axis,0,4,0,0,0.929,0
txn_012595,912.02,Netbanking,bank_server_down,Yes Bank,6,1,0,2,0.361,1
txn_012596,1923.25,UPI,bank_server_down,HDFC,9,1,0,2,0.757,1
txn_012597,350.72,Netbanking,network_timeout,Yes Bank,6,1,0,0,0.89,0
txn_012598,159.43,UPI,insufficient_funds,Axis,13,2,0,1,0.577,0
txn_012599,3056.5,Credit Card,wrong_otp,ICICI,1,4,0,2,0.594,0
txn_012600,379.49,Credit Card,network_timeout,Yes Bank,1,3,0,1,0.741,0
txn_012601,5685.92,UPI,insufficient_funds,HDFC,20,0,0,2,0.853,0
txn_012602,1043.21,UPI,bank_server_down,Axis,10,4,0,0,0.838,0
txn_012603,1104.92,Debit Card,network_timeout,Yes Bank,5,0,0,2,0.965,0
txn_012604,2003.93,Credit Card,insufficient_funds,Yes Bank,20,6,1,0,0.87,0
txn_012605,1121.76,Netbanking,risk_flagged,HDFC,21,2,0,1,0.824,0
txn_012606,1290.98,Debit Card,risk_flagged,HDFC,0,1,0,2,0.638,0
txn_012607,453.14,UPI,expired_card,IDFC,15,3,0,0,0.756,0
txn_012608,354.62,UPI,card_declined,HDFC,23,3,0,0,0.375,0
txn_012609,1185.74,UPI,insufficient_funds,HDFC,9,0,0,1,0.768,0
txn_012610,2229.91,UPI,bank_server_down,IDFC,0,4,0,1,0.719,1
txn_012611,284.81,UPI,bank_server_down,SBI,19,1,0,1,0.787,1
txn_012612,453.77,Credit Card,network_timeout,IDFC,15,0,0,0,0.939,0
txn_012613,462.9,Credit Card,insufficient_funds,Axis,16,3,0,2,0.923,0
txn_012614,498.98,UPI,risk_flagged,Kotak,15,0,0,2,0.615,0
txn_012615,339.98,UPI,insufficient_funds,IDFC,5,2,0,0,0.799,0
txn_012616,492.37,Credit Card,bank_server_down,Yes Bank,12,3,0,0,0.573,1
txn_012617,3040.59,UPI,insufficient_funds,Kotak,16,4,0,1,0.7,1
txn_012618,2176.11,Netbanking,expired_card,ICICI,14,0,0,1,0.904,1
txn_012619,406.7,UPI,wrong_otp,SBI,2,6,1,1,0.671,0
txn_012620,1672.77,Credit Card,bank_server_down,HDFC,17,1,0,0,0.787,0
txn_012621,263.61,Debit Card,wrong_otp,Yes Bank,4,6,1,1,0.863,1
txn_012622,426.65,Debit Card,bank_server_down,Yes Bank,20,4,0,1,0.548,1
txn_012623,951.84,Netbanking,bank_server_down,Kotak,13,3,0,0,0.871,1
txn_012624,539.6,Netbanking,expired_card,Yes Bank,1,5,1,0,0.788,0
txn_012625,373.39,Credit Card,bank_server_down,Axis,0,4,0,1,0.552,1
txn_012626,1689.36,UPI,card_declined,Kotak,14,0,0,0,0.766,0
txn_012627,1477.04,Netbanking,risk_flagged,Yes Bank,3,0,0,0,0.659,0
txn_012628,1757.74,UPI,insufficient_funds,Kotak,22,0,0,1,0.314,1
txn_012629,3229.11,UPI,insufficient_funds,Yes Bank,6,0,0,0,0.871,0
txn_012630,2061.54,Debit Card,insufficient_funds,Axis,16,0,0,1,0.468,0
txn_012631,1019.24,Credit Card,card_declined,SBI,7,2,0,0,0.84,0
txn_012632,632.08,Netbanking,insufficient_funds,IDFC,3,4,0,0,0.888,1
txn_012633,3361.15,UPI,network_timeout,Kotak,9,5,1,0,0.745,1
txn_012634,319.59,UPI,insufficient_funds,IDFC,23,5,1,0,0.702,0
txn_012635,577.11,UPI,insufficient_funds,HDFC,16,3,0,1,0.753,1
txn_012636,717.77,Credit Card,bank_server_down,Axis,13,6,1,0,0.639,1
txn_012637,306.82,Wallet,expired_card,Yes Bank,15,5,1,0,0.781,1
txn_012638,487.87,UPI,insufficient_funds,SBI,22,0,0,1,0.68,1
txn_012639,512.2,UPI,bank_server_down,ICICI,21,6,1,1,0.693,1
txn_012640,62.37,Credit Card,card_declined,Yes Bank,21,2,0,0,0.533,1
txn_012641,304.88,Debit Card,expired_card,Axis,16,1,0,0,0.605,0
txn_012642,545.4,Credit Card,bank_server_down,Yes Bank,23,0,0,1,0.539,1
txn_012643,682.85,UPI,network_timeout,Yes Bank,2,5,1,0,0.69,1
txn_012644,778.7,Wallet,card_declined,Kotak,22,6,1,0,0.892,0
txn_012645,174.6,UPI,wrong_otp,SBI,15,1,0,0,0.742,0
txn_012646,5503.41,Debit Card,insufficient_funds,ICICI,19,2,0,3,0.386,0
txn_012647,8321.37,UPI,expired_card,SBI,23,2,0,1,0.553,1
txn_012648,557.52,UPI,insufficient_funds,HDFC,22,0,0,0,0.784,1
txn_012649,981.6,Credit Card,wrong_otp,ICICI,2,3,0,2,0.445,0
txn_012650,573.12,Netbanking,network_timeout,HDFC,23,1,0,2,0.653,1
txn_012651,2777.91,UPI,wrong_otp,IDFC,9,4,0,0,0.558,1
txn_012652,1092.85,UPI,insufficient_funds,Kotak,19,2,0,2,0.585,0
txn_012653,81.63,UPI,insufficient_funds,SBI,3,1,0,1,0.949,1
txn_012654,189.73,UPI,insufficient_funds,HDFC,9,2,0,0,0.812,0
txn_012655,1156.37,Credit Card,bank_server_down,Kotak,13,5,1,0,0.592,1
txn_012656,568.79,Credit Card,bank_server_down,Axis,2,0,0,2,0.67,1
txn_012657,697.38,Netbanking,insufficient_funds,Kotak,5,5,1,1,0.595,0
txn_012658,1488.99,Debit Card,insufficient_funds,Kotak,0,2,0,0,0.644,0
txn_012659,1270.58,Debit Card,network_timeout,Axis,10,2,0,0,0.446,0
txn_012660,331.33,Netbanking,insufficient_funds,ICICI,22,5,1,0,0.437,0
txn_012661,745.38,Debit Card,card_declined,IDFC,8,5,1,0,0.873,0
txn_012662,713.3,Debit Card,insufficient_funds,Axis,19,6,1,0,0.936,0
txn_012663,560.16,Wallet,bank_server_down,Axis,15,6,1,2,0.747,0
txn_012664,525.27,Wallet,expired_card,Axis,14,1,0,0,0.332,0
txn_012665,174.93,UPI,insufficient_funds,ICICI,21,0,0,0,0.783,0
txn_012666,41.46,UPI,insufficient_funds,Axis,13,0,0,0,0.892,1
txn_012667,1159.31,Credit Card,card_declined,Axis,1,4,0,0,0.775,1
txn_012668,204.75,UPI,bank_server_down,Kotak,6,2,0,1,0.746,1
txn_012669,1021.27,Debit Card,card_declined,Axis,16,4,0,0,0.825,0
txn_012670,6316.43,UPI,expired_card,Axis,4,6,1,1,0.391,0
txn_012671,1997.09,Credit Card,insufficient_funds,Yes Bank,12,6,1,0,0.879,1
txn_012672,169.77,Wallet,insufficient_funds,Axis,11,2,0,1,0.717,0
txn_012673,254.37,Netbanking,wrong_otp,Axis,7,3,0,0,0.477,0
txn_012674,560.94,Netbanking,insufficient_funds,ICICI,8,4,0,1,0.567,1
txn_012675,582.73,Credit Card,card_declined,IDFC,21,6,1,0,0.624,0
txn_012676,687.98,Debit Card,bank_server_down,SBI,1,2,0,2,0.568,0
txn_012677,2319.52,UPI,bank_server_down,Kotak,1,2,0,1,0.748,0
txn_012678,825.64,UPI,insufficient_funds,ICICI,7,5,1,0,0.504,1
txn_012679,2074.64,UPI,wrong_otp,Axis,7,2,0,0,0.924,1
txn_012680,344.81,UPI,bank_server_down,IDFC,1,5,1,0,0.524,1
txn_012681,496.02,Debit Card,bank_server_down,IDFC,10,0,0,1,0.829,0
txn_012682,608.91,Debit Card,network_timeout,ICICI,13,1,0,0,0.819,1
txn_012683,61.31,Credit Card,expired_card,Kotak,21,1,0,1,0.828,0
txn_012684,481.82,Credit Card,bank_server_down,SBI,1,2,0,0,0.758,1
txn_012685,515.58,UPI,card_declined,Kotak,15,3,0,4,0.627,0
txn_012686,94.44,Credit Card,insufficient_funds,HDFC,11,2,0,0,0.722,0
txn_012687,418.27,UPI,insufficient_funds,HDFC,22,0,0,1,0.927,0
txn_012688,1288.98,Debit Card,bank_server_down,Kotak,20,0,0,0,0.849,1
txn_012689,194.37,Debit Card,insufficient_funds,IDFC,4,6,1,1,0.832,0
txn_012690,758.2,UPI,expired_card,Kotak,19,5,1,0,0.838,1
txn_012691,558.4,UPI,card_declined,Axis,10,6,1,1,0.505,1
txn_012692,189.84,UPI,insufficient_funds,Axis,0,4,0,2,0.711,1
txn_012693,297.15,Netbanking,bank_server_down,SBI,17,4,0,1,0.707,1
txn_012694,173.75,Credit Card,card_declined,HDFC,16,3,0,1,0.847,1
txn_012695,1511.38,Debit Card,insufficient_funds,Axis,23,1,0,3,0.746,0
txn_012696,267.08,Debit Card,bank_server_down,Kotak,6,0,0,1,0.882,1
txn_012697,272.09,UPI,card_declined,HDFC,2,5,1,1,0.714,0
txn_012698,2281.1,Credit Card,bank_server_down,Axis,14,0,0,0,0.69,0
txn_012699,1108.78,Credit Card,insufficient_funds,IDFC,14,4,0,2,0.68,0
txn_012700,1103.8,Netbanking,network_timeout,Kotak,16,1,0,1,0.746,1
txn_012701,1615.63,UPI,insufficient_funds,Yes Bank,19,3,0,0,0.925,0
txn_012702,702.34,UPI,bank_server_down,SBI,14,5,1,1,0.391,1
txn_012703,63.96,Debit Card,card_declined,IDFC,16,3,0,3,0.971,0
txn_012704,2079.25,UPI,card_declined,Kotak,15,1,0,1,0.586,1
txn_012705,2533.38,UPI,insufficient_funds,IDFC,3,1,0,1,0.748,0
txn_012706,190.48,UPI,insufficient_funds,ICICI,19,6,1,1,0.741,1
txn_012707,571.9,Credit Card,network_timeout,SBI,23,5,1,1,0.828,1
txn_012708,652.85,UPI,bank_server_down,ICICI,6,1,0,0,0.717,1
txn_012709,632.14,Debit Card,insufficient_funds,Yes Bank,15,2,0,2,0.445,0
txn_012710,3860.15,Debit Card,insufficient_funds,Yes Bank,19,6,1,0,0.927,1
txn_012711,3816.44,UPI,insufficient_funds,Axis,12,4,0,3,0.618,0
txn_012712,767.51,Credit Card,bank_server_down,Axis,20,1,0,1,0.719,0
txn_012713,83.69,Debit Card,insufficient_funds,SBI,18,5,1,1,0.888,0
txn_012714,772.81,Netbanking,bank_server_down,Kotak,18,0,0,2,0.678,0
txn_012715,1704.98,Netbanking,network_timeout,Kotak,4,1,0,1,0.336,0
txn_012716,4838.77,UPI,network_timeout,Yes Bank,14,6,1,1,0.791,1
txn_012717,794.25,UPI,bank_server_down,Yes Bank,13,5,1,1,0.537,1
txn_012718,2948.26,Credit Card,bank_server_down,Axis,17,5,1,3,0.95,1
txn_012719,1096.8,Credit Card,wrong_otp,ICICI,12,2,0,0,0.456,1
txn_012720,1893.8,Credit Card,insufficient_funds,Yes Bank,23,6,1,1,0.845,0
txn_012721,183.78,Credit Card,bank_server_down,Yes Bank,8,2,0,0,0.601,1
txn_012722,222.93,Netbanking,card_declined,SBI,19,1,0,0,0.889,0
txn_012723,970.23,UPI,network_timeout,ICICI,10,6,1,1,0.826,0
txn_012724,309.6,Credit Card,network_timeout,Kotak,17,0,0,1,0.754,0
txn_012725,306.48,Debit Card,insufficient_funds,IDFC,1,2,0,0,0.646,0
txn_012726,665.7,UPI,card_declined,Kotak,7,5,1,1,0.786,1
txn_012727,243.25,Credit Card,bank_server_down,HDFC,14,3,0,1,0.573,1
txn_012728,620.99,UPI,wrong_otp,Axis,12,6,1,2,0.901,0
txn_012729,2610.49,Wallet,wrong_otp,Axis,16,1,0,0,0.745,1
txn_012730,386.59,Debit Card,expired_card,HDFC,11,2,0,0,0.397,0
txn_012731,600.87,Debit Card,bank_server_down,Axis,14,3,0,2,0.757,0
txn_012732,371.96,Debit Card,insufficient_funds,IDFC,21,0,0,0,0.846,0
txn_012733,181.64,Debit Card,wrong_otp,Yes Bank,16,4,0,0,0.849,1
txn_012734,577.79,UPI,network_timeout,SBI,1,6,1,2,0.826,0
txn_012735,539.56,UPI,expired_card,HDFC,4,2,0,1,0.792,0
txn_012736,750.38,Debit Card,card_declined,HDFC,19,5,1,0,0.705,1
txn_012737,347.9,Debit Card,insufficient_funds,ICICI,2,6,1,0,0.806,1
txn_012738,96.26,UPI,bank_server_down,HDFC,12,4,0,0,0.95,1
txn_012739,2217.91,UPI,network_timeout,ICICI,9,1,0,1,0.797,1
txn_012740,1507.66,Wallet,wrong_otp,SBI,9,6,1,0,0.961,0
txn_012741,377.17,Netbanking,wrong_otp,HDFC,20,0,0,2,0.752,0
txn_012742,771.52,Debit Card,insufficient_funds,Kotak,13,4,0,0,0.835,0
txn_012743,1050.68,UPI,network_timeout,SBI,13,4,0,0,0.234,1
txn_012744,287.54,Debit Card,bank_server_down,Kotak,4,1,0,2,0.784,0
txn_012745,1820.05,Debit Card,insufficient_funds,Kotak,13,0,0,0,0.911,1
txn_012746,554.64,UPI,expired_card,SBI,12,4,0,0,0.882,0
txn_012747,313.57,UPI,insufficient_funds,ICICI,20,6,1,1,0.539,0
txn_012748,561.62,Netbanking,expired_card,IDFC,15,2,0,1,0.639,0
txn_012749,380.16,UPI,card_declined,Yes Bank,6,0,0,2,0.719,1
txn_012750,395.57,Debit Card,bank_server_down,Kotak,0,6,1,1,0.503,1
txn_012751,1907.97,Debit Card,card_declined,ICICI,15,3,0,1,0.732,0
txn_012752,157.67,Credit Card,network_timeout,SBI,11,6,1,0,0.425,1
txn_012753,3092.09,Credit Card,bank_server_down,Kotak,17,0,0,2,0.755,1
txn_012754,149.14,Credit Card,insufficient_funds,HDFC,11,2,0,1,0.508,1
txn_012755,433.09,Debit Card,insufficient_funds,SBI,16,2,0,1,0.874,0
txn_012756,167.02,UPI,insufficient_funds,SBI,22,4,0,0,0.244,1
txn_012757,275.51,Credit Card,wrong_otp,Axis,12,1,0,1,0.555,1
txn_012758,5252.17,Debit Card,insufficient_funds,HDFC,14,5,1,2,0.772,0
txn_012759,955.4,Debit Card,risk_flagged,IDFC,7,0,0,0,0.773,0
txn_012760,360.4,Debit Card,wrong_otp,HDFC,7,5,1,4,0.491,0
txn_012761,451.44,UPI,expired_card,IDFC,3,6,1,0,0.946,1
txn_012762,1100.87,Wallet,wrong_otp,ICICI,10,1,0,0,0.651,0
txn_012763,90.86,UPI,insufficient_funds,Kotak,7,0,0,1,0.96,0
txn_012764,973.62,Debit Card,risk_flagged,Axis,0,0,0,1,0.883,0
txn_012765,59.16,UPI,network_timeout,HDFC,2,0,0,1,0.792,1
txn_012766,1066.27,UPI,network_timeout,HDFC,8,5,1,1,0.547,1
txn_012767,918.22,UPI,bank_server_down,HDFC,15,4,0,0,0.765,0
txn_012768,508.4,Credit Card,bank_server_down,IDFC,9,5,1,2,0.896,0
txn_012769,274.64,Debit Card,insufficient_funds,ICICI,9,1,0,0,0.594,0
txn_012770,752.09,Credit Card,wrong_otp,SBI,11,2,0,1,0.466,1
txn_012771,660.87,UPI,insufficient_funds,ICICI,9,2,0,2,0.848,1
txn_012772,1209.94,UPI,expired_card,IDFC,17,4,0,0,0.585,0
txn_012773,428.8,Credit Card,network_timeout,HDFC,12,4,0,1,0.836,1
txn_012774,1572.89,UPI,insufficient_funds,SBI,5,2,0,2,0.275,0
txn_012775,1173.2,UPI,insufficient_funds,Kotak,14,6,1,1,0.75,0
txn_012776,872.93,UPI,wrong_otp,Kotak,23,6,1,0,0.704,1
txn_012777,1202.64,UPI,network_timeout,SBI,15,5,1,1,0.784,1
txn_012778,616.03,Credit Card,insufficient_funds,ICICI,15,1,0,0,0.845,0
txn_012779,1223.3,Debit Card,insufficient_funds,IDFC,2,5,1,2,0.52,0
txn_012780,2621.97,UPI,card_declined,ICICI,16,3,0,0,0.757,1
txn_012781,1027.94,UPI,insufficient_funds,Axis,2,2,0,1,0.686,0
txn_012782,491.61,UPI,bank_server_down,HDFC,2,3,0,0,0.885,1
txn_012783,244.27,UPI,card_declined,ICICI,11,0,0,0,0.753,1
txn_012784,223.07,Netbanking,wrong_otp,IDFC,1,5,1,0,0.752,1
txn_012785,5058.18,Credit Card,wrong_otp,ICICI,15,5,1,1,0.941,0
txn_012786,248.12,Netbanking,card_declined,Yes Bank,20,3,0,0,0.72,0
txn_012787,475.62,Credit Card,risk_flagged,Axis,10,0,0,0,0.719,0
txn_012788,169.16,Netbanking,insufficient_funds,Kotak,8,0,0,1,0.905,0
txn_012789,491.71,Netbanking,bank_server_down,Kotak,0,6,1,1,0.886,1
txn_012790,198.23,Wallet,bank_server_down,ICICI,10,1,0,0,0.729,1
txn_012791,233.16,Credit Card,insufficient_funds,IDFC,3,5,1,3,0.52,0
txn_012792,314.57,Debit Card,insufficient_funds,HDFC,0,5,1,1,0.495,0
txn_012793,483.08,UPI,wrong_otp,ICICI,7,4,0,1,0.929,0
txn_012794,1415.42,Credit Card,network_timeout,Kotak,13,3,0,0,0.837,0
txn_012795,470.29,Debit Card,insufficient_funds,HDFC,14,3,0,0,0.861,1
txn_012796,317.32,Credit Card,card_declined,HDFC,8,6,1,0,0.426,1
txn_012797,1903.2,UPI,card_declined,Axis,14,2,0,1,0.808,1
txn_012798,1162.95,UPI,risk_flagged,SBI,2,5,1,1,0.951,0
txn_012799,136.78,Debit Card,network_timeout,Kotak,23,1,0,0,0.592,1
txn_012800,619.07,UPI,wrong_otp,Yes Bank,18,4,0,1,0.563,0
txn_012801,226.18,Debit Card,bank_server_down,SBI,10,5,1,2,0.648,1
txn_012802,463.21,Debit Card,wrong_otp,Yes Bank,14,1,0,1,0.856,1
txn_012803,310.08,Netbanking,insufficient_funds,ICICI,1,1,0,0,0.818,0
txn_012804,2208.29,UPI,network_timeout,IDFC,20,1,0,0,0.462,0
txn_012805,2695.18,Credit Card,card_declined,HDFC,15,5,1,2,0.603,0
txn_012806,149.79,UPI,bank_server_down,HDFC,14,5,1,2,0.833,1
txn_012807,4926.1,Debit Card,insufficient_funds,ICICI,15,2,0,0,0.699,0
txn_012808,747.45,Netbanking,bank_server_down,Kotak,12,1,0,1,0.654,1
txn_012809,1402.17,Credit Card,insufficient_funds,Yes Bank,6,2,0,1,0.959,1
txn_012810,1502.81,Credit Card,network_timeout,IDFC,7,4,0,0,0.924,1
txn_012811,1176.78,Debit Card,card_declined,ICICI,18,0,0,0,0.186,0
txn_012812,1053.07,Wallet,bank_server_down,Yes Bank,2,1,0,0,0.94,1
txn_012813,1211.18,Netbanking,card_declined,HDFC,15,0,0,1,0.662,0
txn_012814,2351.33,UPI,insufficient_funds,SBI,6,0,0,0,0.769,0
txn_012815,423.41,UPI,risk_flagged,HDFC,23,6,1,1,0.303,0
txn_012816,145.28,Debit Card,network_timeout,IDFC,20,0,0,1,0.255,1
txn_012817,12549.3,Netbanking,network_timeout,Kotak,5,3,0,1,0.782,0
txn_012818,1086.85,Credit Card,bank_server_down,ICICI,19,2,0,1,0.62,0
txn_012819,2281.38,Debit Card,insufficient_funds,Yes Bank,21,2,0,0,0.432,1
txn_012820,2007.7,UPI,insufficient_funds,IDFC,21,5,1,0,0.577,1
txn_012821,154.77,Credit Card,risk_flagged,ICICI,0,5,1,0,0.898,1
txn_012822,214.8,UPI,insufficient_funds,SBI,17,6,1,3,0.687,0
txn_012823,1333.85,UPI,network_timeout,ICICI,19,0,0,2,0.818,0
txn_012824,400.93,UPI,network_timeout,SBI,9,5,1,0,0.919,1
txn_012825,1944.29,Credit Card,bank_server_down,ICICI,1,0,0,0,0.76,0
txn_012826,846.46,Netbanking,bank_server_down,Yes Bank,0,0,0,1,0.863,0
txn_012827,61.76,UPI,insufficient_funds,ICICI,20,4,0,0,0.73,1
txn_012828,830.27,UPI,insufficient_funds,Kotak,19,4,0,0,0.741,1
txn_012829,3122.41,UPI,insufficient_funds,SBI,7,2,0,0,0.871,1
txn_012830,2980.37,Debit Card,expired_card,Axis,22,2,0,0,0.81,0
txn_012831,980.21,Debit Card,insufficient_funds,IDFC,15,4,0,1,0.688,0
txn_012832,1996.37,UPI,bank_server_down,Yes Bank,10,1,0,1,0.829,1
txn_012833,4763.08,UPI,bank_server_down,IDFC,15,3,0,0,0.654,1
txn_012834,510.44,Debit Card,bank_server_down,Axis,11,4,0,0,0.719,1
txn_012835,368.77,Debit Card,bank_server_down,SBI,22,4,0,0,0.896,1
txn_012836,1580.03,UPI,expired_card,IDFC,3,0,0,1,0.916,0
txn_012837,1764.06,Wallet,bank_server_down,IDFC,10,3,0,0,0.94,1
txn_012838,1700.72,UPI,insufficient_funds,Axis,20,1,0,1,0.992,1
txn_012839,274.08,UPI,bank_server_down,SBI,11,5,1,0,0.338,0
txn_012840,382.6,UPI,insufficient_funds,SBI,6,3,0,0,0.964,0
txn_012841,784.88,Netbanking,wrong_otp,Kotak,13,1,0,0,0.432,0
txn_012842,700.35,Credit Card,card_declined,Axis,8,6,1,0,0.773,0
txn_012843,1373.24,Credit Card,network_timeout,Axis,8,3,0,1,0.865,0
txn_012844,411.68,UPI,insufficient_funds,SBI,6,5,1,0,0.597,1
txn_012845,1521.79,Credit Card,network_timeout,HDFC,23,5,1,0,0.629,1
txn_012846,1442.64,UPI,risk_flagged,ICICI,17,1,0,2,0.829,0
txn_012847,145.33,UPI,wrong_otp,Kotak,18,6,1,0,0.698,0
txn_012848,2042.08,UPI,risk_flagged,Yes Bank,23,4,0,1,0.936,1
txn_012849,12891.33,Credit Card,network_timeout,Kotak,2,6,1,1,0.772,1
txn_012850,895.82,Debit Card,card_declined,Axis,19,5,1,4,0.777,0
txn_012851,315.98,UPI,wrong_otp,IDFC,2,1,0,1,0.842,1
txn_012852,160.4,Credit Card,expired_card,SBI,9,5,1,1,0.763,0
txn_012853,190.81,Debit Card,expired_card,ICICI,5,6,1,0,0.855,0
txn_012854,2777.78,UPI,network_timeout,Axis,6,1,0,0,0.521,1
txn_012855,98.53,Debit Card,bank_server_down,Yes Bank,14,0,0,0,0.529,0
txn_012856,382.39,UPI,wrong_otp,Kotak,19,2,0,1,0.849,1
txn_012857,486.12,UPI,network_timeout,Kotak,11,6,1,1,0.7,1
txn_012858,975.32,UPI,insufficient_funds,Yes Bank,9,4,0,1,0.834,1
txn_012859,712.62,Debit Card,bank_server_down,Kotak,9,6,1,0,0.506,1
txn_012860,1428.56,UPI,wrong_otp,ICICI,0,6,1,1,0.767,1
txn_012861,529.26,UPI,network_timeout,Yes Bank,21,6,1,0,0.807,0
txn_012862,1729.75,UPI,wrong_otp,Axis,23,1,0,2,0.782,0
txn_012863,1759.29,UPI,bank_server_down,Axis,19,3,0,1,0.653,0
txn_012864,1024.91,UPI,bank_server_down,HDFC,20,2,0,1,0.763,0
txn_012865,2005.69,UPI,bank_server_down,ICICI,15,5,1,2,0.679,1
txn_012866,1775.14,Debit Card,bank_server_down,Kotak,12,3,0,0,0.774,1
txn_012867,535.15,UPI,network_timeout,HDFC,3,4,0,1,0.67,0
txn_012868,802.83,UPI,bank_server_down,Yes Bank,8,3,0,0,0.609,0
txn_012869,488.04,UPI,network_timeout,IDFC,16,1,0,0,0.839,0
txn_012870,1332.32,UPI,network_timeout,Axis,10,0,0,0,0.619,0
txn_012871,316.45,Wallet,card_declined,Yes Bank,19,3,0,1,0.789,1
txn_012872,3332.98,Wallet,bank_server_down,Axis,5,5,1,2,0.796,0
txn_012873,839.98,UPI,insufficient_funds,HDFC,15,6,1,1,0.848,1
txn_012874,319.08,Debit Card,insufficient_funds,Kotak,12,4,0,2,0.791,0
txn_012875,602.91,Credit Card,expired_card,Axis,11,4,0,0,0.695,0
txn_012876,347.95,Netbanking,insufficient_funds,Yes Bank,7,4,0,1,0.845,0
txn_012877,627.17,UPI,bank_server_down,HDFC,19,2,0,2,0.911,1
txn_012878,387.04,UPI,insufficient_funds,Axis,11,4,0,1,0.882,1
txn_012879,1755.92,UPI,insufficient_funds,IDFC,22,5,1,0,0.663,0
txn_012880,186.3,Debit Card,network_timeout,Yes Bank,10,3,0,0,0.776,0
txn_012881,329.09,Debit Card,network_timeout,HDFC,15,6,1,0,0.725,1
txn_012882,55.0,UPI,bank_server_down,ICICI,3,3,0,2,0.643,1
txn_012883,288.64,Netbanking,bank_server_down,ICICI,1,3,0,0,0.944,1
txn_012884,227.5,UPI,network_timeout,HDFC,4,1,0,0,0.61,1
txn_012885,1242.39,UPI,bank_server_down,Kotak,23,6,1,0,0.775,0
txn_012886,478.86,UPI,bank_server_down,Axis,22,4,0,1,0.946,1
txn_012887,2709.18,Credit Card,network_timeout,Axis,13,6,1,0,0.404,0
txn_012888,495.33,Netbanking,risk_flagged,IDFC,21,6,1,0,0.729,1
txn_012889,641.37,UPI,insufficient_funds,ICICI,20,0,0,1,0.857,1
txn_012890,194.79,UPI,bank_server_down,IDFC,12,6,1,1,0.652,0
txn_012891,830.9,UPI,network_timeout,IDFC,2,5,1,1,0.945,1
txn_012892,2492.94,Credit Card,card_declined,IDFC,6,6,1,0,0.945,1
txn_012893,3769.12,UPI,risk_flagged,ICICI,18,0,0,0,0.666,0
txn_012894,455.27,UPI,bank_server_down,ICICI,7,0,0,2,0.906,1
txn_012895,1246.69,UPI,insufficient_funds,IDFC,11,6,1,0,0.863,0
txn_012896,1769.85,Credit Card,bank_server_down,ICICI,16,6,1,1,0.429,1
txn_012897,104.47,Debit Card,expired_card,Kotak,7,4,0,1,0.815,0
txn_012898,1469.73,Debit Card,wrong_otp,Yes Bank,13,0,0,2,0.907,0
txn_012899,682.25,UPI,card_declined,HDFC,10,0,0,1,0.766,1
txn_012900,1199.86,Credit Card,card_declined,SBI,21,2,0,0,0.943,0
txn_012901,127.29,UPI,card_declined,HDFC,3,6,1,2,0.662,0
txn_012902,409.46,UPI,bank_server_down,IDFC,8,0,0,1,0.736,1
txn_012903,2327.57,Credit Card,risk_flagged,Yes Bank,3,5,1,0,0.663,0
txn_012904,612.43,UPI,network_timeout,HDFC,20,5,1,1,0.834,1
txn_012905,4077.86,Credit Card,card_declined,IDFC,10,4,0,1,0.876,1
txn_012906,262.61,Debit Card,card_declined,IDFC,21,6,1,1,0.769,1
txn_012907,2132.78,UPI,wrong_otp,IDFC,11,5,1,2,0.51,1
txn_012908,282.41,Credit Card,risk_flagged,SBI,1,5,1,0,0.543,0
txn_012909,460.54,UPI,network_timeout,SBI,3,3,0,0,0.744,0
txn_012910,682.28,UPI,risk_flagged,Axis,21,6,1,0,0.74,0
txn_012911,487.12,UPI,insufficient_funds,Yes Bank,14,3,0,1,0.706,1
txn_012912,461.79,Debit Card,network_timeout,SBI,4,5,1,1,0.547,0
txn_012913,330.85,Credit Card,card_declined,SBI,3,6,1,1,0.714,0
txn_012914,1049.3,UPI,wrong_otp,Yes Bank,16,2,0,0,0.81,0
txn_012915,243.76,Credit Card,insufficient_funds,Kotak,3,3,0,0,0.475,0
txn_012916,587.87,UPI,bank_server_down,Axis,8,6,1,1,0.784,1
txn_012917,4875.77,UPI,insufficient_funds,ICICI,17,4,0,1,0.522,1
txn_012918,564.08,UPI,insufficient_funds,HDFC,0,1,0,0,0.877,1
txn_012919,5636.75,UPI,insufficient_funds,ICICI,11,3,0,0,0.802,1
txn_012920,1252.51,Debit Card,bank_server_down,Axis,3,6,1,2,0.762,0
txn_012921,3573.18,Credit Card,card_declined,Yes Bank,23,5,1,1,0.714,0
txn_012922,77.51,Netbanking,insufficient_funds,ICICI,14,3,0,2,0.907,1
txn_012923,2762.77,Debit Card,network_timeout,Yes Bank,8,6,1,1,0.623,1
txn_012924,412.43,Debit Card,insufficient_funds,Axis,5,6,1,2,0.808,0
txn_012925,537.34,Debit Card,network_timeout,Kotak,6,4,0,2,0.754,1
txn_012926,2454.52,Debit Card,bank_server_down,Axis,22,3,0,0,0.753,1
txn_012927,228.0,UPI,card_declined,IDFC,19,1,0,1,0.795,0
txn_012928,276.78,Debit Card,insufficient_funds,Kotak,0,4,0,0,0.653,0
txn_012929,778.04,Credit Card,bank_server_down,IDFC,18,1,0,2,0.825,1
txn_012930,136.75,UPI,card_declined,Yes Bank,20,0,0,2,0.706,0
txn_012931,1557.92,Credit Card,bank_server_down,IDFC,5,1,0,0,0.714,1
txn_012932,190.46,UPI,expired_card,IDFC,3,6,1,1,0.745,0
txn_012933,1603.13,Debit Card,network_timeout,IDFC,0,2,0,0,0.738,1
txn_012934,516.56,UPI,insufficient_funds,Axis,19,3,0,0,0.644,0
txn_012935,127.18,Credit Card,expired_card,SBI,3,6,1,1,0.694,0
txn_012936,397.77,Netbanking,network_timeout,ICICI,17,6,1,2,0.936,0
txn_012937,2421.27,UPI,network_timeout,Axis,10,5,1,1,0.815,0
txn_012938,3275.26,UPI,network_timeout,Axis,23,3,0,1,0.893,0
txn_012939,3142.31,UPI,wrong_otp,Yes Bank,23,0,0,0,0.798,0
txn_012940,904.74,Wallet,wrong_otp,SBI,9,5,1,2,0.958,1
txn_012941,2926.67,UPI,wrong_otp,Axis,16,6,1,1,0.498,1
txn_012942,5169.93,Credit Card,insufficient_funds,HDFC,23,6,1,1,0.983,0
txn_012943,345.49,Wallet,network_timeout,HDFC,9,2,0,1,0.482,1
txn_012944,352.59,UPI,insufficient_funds,SBI,14,3,0,1,0.809,0
txn_012945,709.2,Credit Card,insufficient_funds,HDFC,0,0,0,0,0.742,0
txn_012946,228.8,UPI,insufficient_funds,IDFC,20,0,0,0,0.704,1
txn_012947,3466.56,Debit Card,network_timeout,IDFC,0,1,0,0,0.662,0
txn_012948,950.71,UPI,wrong_otp,IDFC,13,1,0,0,0.965,0
txn_012949,369.66,Netbanking,insufficient_funds,Axis,17,6,1,1,0.81,0
txn_012950,1390.36,UPI,bank_server_down,SBI,8,3,0,0,0.883,0
txn_012951,750.03,Credit Card,insufficient_funds,HDFC,12,4,0,1,0.747,0
txn_012952,992.08,UPI,network_timeout,ICICI,20,4,0,1,0.965,1
txn_012953,4059.93,UPI,risk_flagged,Yes Bank,17,1,0,0,0.912,0
txn_012954,799.3,Debit Card,insufficient_funds,HDFC,11,2,0,1,0.884,0
txn_012955,271.58,UPI,network_timeout,IDFC,14,5,1,0,0.715,1
txn_012956,178.57,UPI,network_timeout,Kotak,14,4,0,1,0.621,0
txn_012957,2138.36,UPI,bank_server_down,Axis,2,5,1,0,0.82,1
txn_012958,1163.24,UPI,insufficient_funds,Kotak,12,0,0,0,0.712,1
txn_012959,842.72,UPI,insufficient_funds,Kotak,9,1,0,0,0.502,1
txn_012960,505.46,UPI,insufficient_funds,ICICI,17,5,1,2,0.483,0
txn_012961,468.95,Netbanking,wrong_otp,SBI,23,6,1,1,0.923,0
txn_012962,307.17,UPI,bank_server_down,Axis,21,5,1,1,0.62,0
txn_012963,178.8,UPI,insufficient_funds,ICICI,10,4,0,2,0.673,0
txn_012964,3218.35,Credit Card,network_timeout,Axis,16,6,1,0,0.671,1
txn_012965,4861.86,UPI,bank_server_down,HDFC,0,6,1,1,0.71,1
txn_012966,1645.2,Wallet,bank_server_down,ICICI,2,2,0,0,0.918,0
txn_012967,953.99,Credit Card,insufficient_funds,Axis,9,3,0,0,0.881,1
txn_012968,124.76,Debit Card,card_declined,SBI,4,0,0,0,0.652,1
txn_012969,669.67,UPI,risk_flagged,Yes Bank,22,2,0,0,0.501,0
txn_012970,498.51,Wallet,network_timeout,IDFC,20,3,0,1,0.727,0
txn_012971,487.15,Credit Card,card_declined,SBI,11,6,1,1,0.547,1
txn_012972,571.28,UPI,card_declined,Yes Bank,23,1,0,1,0.348,0
txn_012973,251.01,Netbanking,insufficient_funds,SBI,4,6,1,1,0.816,0
txn_012974,90.81,UPI,card_declined,Axis,5,1,0,1,0.74,0
txn_012975,266.16,Credit Card,insufficient_funds,Axis,18,2,0,1,0.908,0
txn_012976,985.58,Wallet,network_timeout,Kotak,4,5,1,1,0.69,1
txn_012977,2241.72,Wallet,insufficient_funds,IDFC,23,2,0,3,0.849,0
txn_012978,310.69,Credit Card,network_timeout,ICICI,19,0,0,0,0.871,1
txn_012979,731.9,Wallet,bank_server_down,ICICI,13,5,1,1,0.604,1
txn_012980,1677.96,UPI,wrong_otp,SBI,5,1,0,0,0.761,1
txn_012981,2879.37,Credit Card,insufficient_funds,HDFC,9,6,1,0,0.533,1
txn_012982,927.45,Debit Card,insufficient_funds,Yes Bank,17,3,0,0,0.772,0
txn_012983,835.39,UPI,insufficient_funds,HDFC,18,3,0,1,0.617,0
txn_012984,753.17,Wallet,insufficient_funds,IDFC,9,5,1,3,0.752,0
txn_012985,268.57,UPI,bank_server_down,ICICI,6,1,0,1,0.785,0
txn_012986,1385.56,Credit Card,card_declined,Axis,11,5,1,1,0.557,0
txn_012987,2449.86,Debit Card,card_declined,HDFC,19,4,0,1,0.53,0
txn_012988,1200.16,Netbanking,bank_server_down,Yes Bank,11,0,0,1,0.489,1
txn_012989,1452.0,Debit Card,insufficient_funds,Yes Bank,22,0,0,0,0.835,1
txn_012990,371.59,UPI,card_declined,ICICI,3,2,0,0,0.641,0
txn_012991,661.69,UPI,bank_server_down,ICICI,17,6,1,0,0.426,0
txn_012992,453.37,UPI,insufficient_funds,Yes Bank,13,0,0,1,0.432,0
txn_012993,432.93,UPI,card_declined,SBI,12,4,0,0,0.843,0
txn_012994,1568.64,Debit Card,wrong_otp,Axis,4,2,0,0,0.613,0
txn_012995,639.46,Debit Card,wrong_otp,SBI,22,5,1,1,0.519,1
txn_012996,1911.38,Netbanking,card_declined,Kotak,8,5,1,0,0.735,0
txn_012997,1435.4,Netbanking,risk_flagged,Yes Bank,7,1,0,0,0.633,0
txn_012998,3609.28,UPI,insufficient_funds,IDFC,20,6,1,1,0.625,0
txn_012999,243.04,Credit Card,expired_card,Yes Bank,19,1,0,1,0.562,0
txn_013000,126.37,Debit Card,bank_server_down,SBI,17,3,0,0,0.71,0
txn_013001,4026.18,Credit Card,insufficient_funds,Kotak,21,3,0,1,0.863,0
txn_013002,1090.62,Debit Card,network_timeout,IDFC,21,6,1,1,0.789,1
txn_013003,391.16,Debit Card,wrong_otp,ICICI,18,1,0,2,0.93,0
txn_013004,108.68,UPI,bank_server_down,IDFC,12,3,0,1,0.701,1
txn_013005,619.82,UPI,network_timeout,IDFC,14,2,0,0,0.765,0
txn_013006,254.92,Credit Card,insufficient_funds,HDFC,0,5,1,0,0.805,0
txn_013007,868.14,Netbanking,card_declined,HDFC,9,3,0,0,0.503,0
txn_013008,2212.24,UPI,insufficient_funds,HDFC,0,5,1,1,0.608,0
txn_013009,314.3,UPI,network_timeout,SBI,4,1,0,1,0.934,1
txn_013010,495.07,UPI,network_timeout,IDFC,10,6,1,2,0.738,0
txn_013011,317.07,Debit Card,bank_server_down,Axis,20,4,0,0,0.396,0
txn_013012,79.51,Wallet,card_declined,Yes Bank,3,1,0,0,0.385,0
txn_013013,148.3,Credit Card,insufficient_funds,ICICI,1,5,1,0,0.79,0
txn_013014,761.19,UPI,wrong_otp,ICICI,18,0,0,1,0.906,1
txn_013015,906.74,UPI,network_timeout,Yes Bank,18,1,0,0,0.811,1
txn_013016,4198.5,UPI,insufficient_funds,ICICI,2,3,0,1,0.93,1
txn_013017,2007.18,UPI,insufficient_funds,Yes Bank,10,5,1,1,0.868,0
txn_013018,3222.09,Debit Card,insufficient_funds,Axis,4,4,0,0,0.751,1
txn_013019,267.99,Netbanking,risk_flagged,HDFC,20,0,0,0,0.772,0
txn_013020,1405.04,Credit Card,wrong_otp,HDFC,8,2,0,0,0.678,1
txn_013021,164.01,UPI,network_timeout,IDFC,7,5,1,3,0.829,0
txn_013022,1553.2,Credit Card,card_declined,SBI,14,4,0,1,0.901,0
txn_013023,852.69,UPI,insufficient_funds,Axis,4,1,0,0,0.609,0
txn_013024,20.57,Credit Card,card_declined,Yes Bank,12,0,0,0,0.646,1
txn_013025,1077.12,Debit Card,network_timeout,ICICI,0,4,0,2,0.607,0
txn_013026,128.11,Netbanking,insufficient_funds,Yes Bank,15,6,1,0,0.738,0
txn_013027,2695.32,UPI,network_timeout,SBI,4,1,0,1,0.932,1
txn_013028,406.65,Debit Card,insufficient_funds,ICICI,3,5,1,0,0.493,0
txn_013029,168.52,UPI,card_declined,Axis,8,4,0,0,0.472,1
txn_013030,245.4,UPI,insufficient_funds,SBI,4,1,0,1,0.853,0
txn_013031,1188.58,UPI,expired_card,HDFC,19,3,0,0,0.72,0
txn_013032,371.09,UPI,bank_server_down,Yes Bank,4,5,1,2,0.64,1
txn_013033,2405.62,UPI,insufficient_funds,Kotak,0,4,0,0,0.736,0
txn_013034,482.91,Debit Card,bank_server_down,Yes Bank,2,0,0,1,0.674,1
txn_013035,225.32,Netbanking,wrong_otp,ICICI,16,6,1,1,0.636,1
txn_013036,990.1,UPI,wrong_otp,ICICI,21,6,1,1,0.942,0
txn_013037,1903.34,Credit Card,insufficient_funds,Yes Bank,15,6,1,0,0.871,1
txn_013038,1640.0,Credit Card,network_timeout,Axis,15,0,0,1,0.834,0
txn_013039,620.14,Debit Card,card_declined,SBI,1,0,0,3,0.879,0
txn_013040,1166.73,Credit Card,insufficient_funds,IDFC,0,6,1,2,0.914,0
txn_013041,11796.35,Debit Card,card_declined,HDFC,3,0,0,0,0.757,0
txn_013042,1335.73,Debit Card,risk_flagged,HDFC,22,3,0,2,0.924,0
txn_013043,420.18,Credit Card,network_timeout,IDFC,0,6,1,0,0.724,1
txn_013044,126.32,UPI,insufficient_funds,Kotak,9,1,0,1,0.425,1
txn_013045,459.53,Wallet,insufficient_funds,Axis,19,6,1,0,0.761,0
txn_013046,1878.42,Debit Card,expired_card,Yes Bank,3,6,1,1,0.813,0
txn_013047,348.83,Credit Card,bank_server_down,SBI,16,6,1,2,0.78,1
txn_013048,295.4,UPI,network_timeout,Kotak,6,2,0,0,0.547,1
txn_013049,1592.51,UPI,network_timeout,Axis,22,0,0,0,0.76,1
txn_013050,233.88,Debit Card,card_declined,Yes Bank,18,4,0,0,0.922,0
txn_013051,272.21,Credit Card,risk_flagged,ICICI,5,5,1,0,0.834,0
txn_013052,852.82,Debit Card,network_timeout,Yes Bank,3,6,1,3,0.961,0
txn_013053,591.47,Credit Card,network_timeout,Yes Bank,15,2,0,1,0.411,0
txn_013054,1107.22,Debit Card,insufficient_funds,SBI,11,2,0,2,0.715,0
txn_013055,2107.7,Debit Card,insufficient_funds,IDFC,6,6,1,0,0.683,1
txn_013056,856.47,Debit Card,network_timeout,Kotak,8,1,0,1,0.937,0
txn_013057,254.19,UPI,network_timeout,Kotak,1,0,0,0,0.939,1
txn_013058,747.99,UPI,insufficient_funds,Axis,6,6,1,1,0.657,1
txn_013059,862.5,Debit Card,network_timeout,Yes Bank,18,0,0,1,0.609,1
txn_013060,1877.02,Credit Card,card_declined,IDFC,7,4,0,0,0.713,1
txn_013061,1477.55,Debit Card,wrong_otp,Kotak,12,2,0,2,0.779,0
txn_013062,1010.2,UPI,network_timeout,ICICI,20,6,1,0,0.754,1
txn_013063,336.36,UPI,insufficient_funds,IDFC,9,4,0,1,0.76,0
txn_013064,623.71,Netbanking,risk_flagged,SBI,13,2,0,0,0.675,0
txn_013065,1095.48,Debit Card,risk_flagged,Yes Bank,9,5,1,2,0.739,0
txn_013066,197.92,Netbanking,card_declined,Yes Bank,19,6,1,0,0.617,0
txn_013067,566.61,Debit Card,bank_server_down,Axis,21,0,0,0,0.898,0
txn_013068,130.76,UPI,bank_server_down,Yes Bank,2,4,0,0,0.646,0
txn_013069,3244.34,UPI,expired_card,IDFC,12,5,1,1,0.929,1
txn_013070,217.1,Debit Card,risk_flagged,IDFC,7,4,0,1,0.621,0
txn_013071,559.73,Debit Card,insufficient_funds,HDFC,6,4,0,0,0.717,0
txn_013072,149.76,Credit Card,risk_flagged,IDFC,16,3,0,2,0.834,0
txn_013073,387.41,UPI,expired_card,SBI,20,6,1,2,0.701,0
txn_013074,2877.23,UPI,card_declined,Axis,7,4,0,3,0.498,0
txn_013075,164.91,UPI,network_timeout,IDFC,5,5,1,3,0.537,0
txn_013076,654.21,UPI,card_declined,Kotak,13,3,0,1,0.825,1
txn_013077,962.12,UPI,network_timeout,HDFC,3,6,1,1,0.791,0
txn_013078,391.07,UPI,network_timeout,Yes Bank,8,2,0,0,0.811,1
txn_013079,1758.79,UPI,wrong_otp,SBI,10,0,0,2,0.42,0
txn_013080,153.21,UPI,insufficient_funds,ICICI,22,1,0,0,0.414,1
txn_013081,1982.0,UPI,risk_flagged,ICICI,2,4,0,1,0.683,1
txn_013082,422.93,Debit Card,insufficient_funds,Yes Bank,2,5,1,2,0.615,0
txn_013083,197.55,Netbanking,bank_server_down,Kotak,14,5,1,1,0.694,0
txn_013084,448.68,UPI,insufficient_funds,Yes Bank,18,6,1,1,0.726,1
txn_013085,391.5,UPI,wrong_otp,Yes Bank,6,5,1,0,0.623,1
txn_013086,98.91,UPI,risk_flagged,SBI,5,0,0,0,0.779,0
txn_013087,625.97,Debit Card,card_declined,SBI,1,1,0,0,0.726,1
txn_013088,266.65,Credit Card,insufficient_funds,Kotak,0,5,1,0,0.763,0
txn_013089,1478.78,UPI,insufficient_funds,HDFC,12,6,1,1,0.807,0
txn_013090,2534.52,Wallet,insufficient_funds,IDFC,6,2,0,1,0.906,1
txn_013091,588.69,Netbanking,expired_card,ICICI,22,4,0,0,0.807,1
txn_013092,2316.51,UPI,bank_server_down,ICICI,13,4,0,0,0.427,0
txn_013093,1447.45,Netbanking,expired_card,Axis,15,0,0,1,0.731,0
txn_013094,1505.62,UPI,card_declined,ICICI,4,5,1,0,0.884,1
txn_013095,90.03,UPI,card_declined,ICICI,6,3,0,0,0.237,1
txn_013096,766.3,Credit Card,network_timeout,SBI,17,6,1,0,0.785,1
txn_013097,2397.39,UPI,insufficient_funds,Axis,7,6,1,0,0.636,1
txn_013098,64.76,Credit Card,network_timeout,Yes Bank,17,1,0,0,0.783,1
txn_013099,423.3,UPI,card_declined,IDFC,5,1,0,0,0.81,0
txn_013100,785.23,Debit Card,network_timeout,HDFC,19,1,0,2,0.752,1
txn_013101,4470.38,Credit Card,insufficient_funds,SBI,22,0,0,0,0.509,1
txn_013102,752.13,Credit Card,insufficient_funds,Yes Bank,16,1,0,1,0.778,0
txn_013103,342.83,UPI,bank_server_down,HDFC,19,6,1,0,0.844,1
txn_013104,615.16,Netbanking,bank_server_down,IDFC,11,3,0,0,0.67,0
txn_013105,87.2,UPI,expired_card,HDFC,12,2,0,2,0.515,0
txn_013106,281.07,Debit Card,bank_server_down,ICICI,10,6,1,0,0.822,1
txn_013107,360.69,UPI,insufficient_funds,Kotak,7,2,0,0,0.688,1
txn_013108,1684.77,UPI,insufficient_funds,Yes Bank,2,2,0,1,0.775,1
txn_013109,719.42,UPI,risk_flagged,Kotak,13,4,0,0,0.631,0
txn_013110,1284.87,Netbanking,wrong_otp,SBI,22,1,0,1,0.956,1
txn_013111,945.8,Debit Card,risk_flagged,Axis,1,2,0,1,0.799,0
txn_013112,507.66,Debit Card,insufficient_funds,SBI,18,2,0,0,0.749,0
txn_013113,310.97,UPI,bank_server_down,HDFC,1,0,0,1,0.65,0
txn_013114,3575.51,UPI,expired_card,Axis,2,6,1,1,0.597,0
txn_013115,1859.36,UPI,bank_server_down,IDFC,8,1,0,1,0.643,1
txn_013116,2089.62,UPI,network_timeout,HDFC,2,4,0,1,0.913,1
txn_013117,504.31,UPI,bank_server_down,ICICI,23,5,1,1,0.928,1
txn_013118,527.89,Debit Card,wrong_otp,IDFC,2,5,1,1,0.733,0
txn_013119,98.16,UPI,bank_server_down,IDFC,9,0,0,0,0.638,0
txn_013120,1046.22,UPI,bank_server_down,HDFC,16,6,1,0,0.957,1
txn_013121,4109.46,Netbanking,bank_server_down,IDFC,5,0,0,0,0.889,0
txn_013122,221.64,UPI,expired_card,Yes Bank,7,1,0,0,0.8,0
txn_013123,377.37,Netbanking,insufficient_funds,Axis,12,4,0,1,0.862,0
txn_013124,499.18,Debit Card,card_declined,SBI,6,5,1,0,0.888,1
txn_013125,555.52,Debit Card,risk_flagged,ICICI,9,2,0,1,0.701,0
txn_013126,2468.45,UPI,insufficient_funds,IDFC,8,1,0,0,0.79,0
txn_013127,3280.92,UPI,card_declined,IDFC,23,4,0,0,0.564,1
txn_013128,1112.49,UPI,risk_flagged,ICICI,3,2,0,1,0.795,0
txn_013129,305.79,UPI,insufficient_funds,Axis,2,5,1,1,0.883,0
txn_013130,91.98,Credit Card,wrong_otp,SBI,6,4,0,1,0.564,0
txn_013131,155.09,Netbanking,bank_server_down,Yes Bank,6,3,0,0,0.839,1
txn_013132,3335.5,UPI,network_timeout,Kotak,2,5,1,0,0.845,0
txn_013133,733.55,UPI,expired_card,SBI,11,4,0,2,0.563,0
txn_013134,779.14,UPI,risk_flagged,SBI,21,6,1,0,0.696,1
txn_013135,987.05,Credit Card,card_declined,HDFC,3,2,0,2,0.594,1
txn_013136,674.96,Credit Card,network_timeout,Yes Bank,10,2,0,0,0.524,1
txn_013137,291.89,UPI,network_timeout,Yes Bank,19,4,0,1,0.549,1
txn_013138,851.23,UPI,insufficient_funds,HDFC,20,0,0,0,0.626,1
txn_013139,491.56,UPI,wrong_otp,SBI,9,3,0,1,0.63,1
txn_013140,631.81,UPI,bank_server_down,Axis,9,6,1,0,0.811,1
txn_013141,346.84,Debit Card,insufficient_funds,Yes Bank,17,5,1,1,0.474,0
txn_013142,647.3,UPI,card_declined,HDFC,0,5,1,0,0.5,1
txn_013143,788.42,Credit Card,network_timeout,ICICI,15,1,0,1,0.964,1
txn_013144,394.6,UPI,insufficient_funds,ICICI,23,0,0,0,0.569,0
txn_013145,1730.84,Credit Card,bank_server_down,Kotak,8,4,0,1,0.687,1
txn_013146,471.64,Wallet,wrong_otp,Kotak,18,2,0,1,0.642,0
txn_013147,1140.93,UPI,network_timeout,IDFC,10,2,0,0,0.444,1
txn_013148,272.13,UPI,card_declined,Axis,8,3,0,1,0.715,1
txn_013149,5350.25,UPI,insufficient_funds,Yes Bank,18,4,0,0,0.81,0
txn_013150,1183.73,UPI,insufficient_funds,Kotak,16,5,1,0,0.975,0
txn_013151,1335.83,Credit Card,network_timeout,IDFC,2,0,0,2,0.721,1
txn_013152,442.61,Credit Card,network_timeout,Yes Bank,19,1,0,1,0.645,0
txn_013153,161.81,UPI,card_declined,IDFC,14,0,0,2,0.378,0
txn_013154,371.8,Debit Card,insufficient_funds,Kotak,16,5,1,0,0.732,0
txn_013155,462.72,UPI,network_timeout,IDFC,12,6,1,0,0.876,1
txn_013156,1732.23,Netbanking,insufficient_funds,Kotak,17,6,1,0,0.917,1
txn_013157,1882.36,Credit Card,card_declined,SBI,12,0,0,1,0.539,1
txn_013158,1015.83,UPI,network_timeout,SBI,5,2,0,0,0.536,1
txn_013159,244.78,UPI,card_declined,Kotak,12,4,0,1,0.818,1
txn_013160,130.53,UPI,card_declined,Yes Bank,19,5,1,1,0.718,0
txn_013161,1239.36,UPI,risk_flagged,HDFC,16,5,1,0,0.452,0
txn_013162,1062.64,Debit Card,insufficient_funds,SBI,13,5,1,0,0.515,0
txn_013163,372.12,Credit Card,bank_server_down,Kotak,10,1,0,0,0.606,1
txn_013164,158.26,Netbanking,insufficient_funds,Yes Bank,0,0,0,0,0.863,0
txn_013165,1846.69,Debit Card,insufficient_funds,Yes Bank,2,2,0,2,0.762,0
txn_013166,253.63,UPI,network_timeout,HDFC,18,3,0,3,0.727,0
txn_013167,896.48,UPI,insufficient_funds,IDFC,13,0,0,1,0.317,1
txn_013168,230.75,Debit Card,wrong_otp,Kotak,21,6,1,0,0.865,1
txn_013169,458.51,Credit Card,insufficient_funds,SBI,4,5,1,0,0.793,0
txn_013170,1740.69,UPI,bank_server_down,ICICI,23,6,1,0,0.665,1
txn_013171,2924.35,UPI,bank_server_down,IDFC,9,3,0,1,0.522,0
txn_013172,256.2,Credit Card,risk_flagged,ICICI,10,1,0,2,0.437,0
txn_013173,1825.14,Debit Card,bank_server_down,IDFC,16,2,0,0,0.907,1
txn_013174,150.06,Wallet,risk_flagged,HDFC,17,6,1,0,0.774,0
txn_013175,1004.89,Credit Card,wrong_otp,Yes Bank,3,1,0,0,0.435,0
txn_013176,656.91,Debit Card,bank_server_down,ICICI,6,0,0,0,0.68,1
txn_013177,588.46,Debit Card,insufficient_funds,Axis,12,5,1,0,0.689,0
txn_013178,2065.49,Debit Card,bank_server_down,ICICI,10,5,1,1,0.621,1
txn_013179,1751.86,Credit Card,network_timeout,Axis,21,6,1,0,0.699,1
txn_013180,334.02,UPI,bank_server_down,IDFC,13,5,1,0,0.68,1
txn_013181,1286.02,Netbanking,bank_server_down,ICICI,9,0,0,1,0.684,0
txn_013182,679.4,Wallet,bank_server_down,IDFC,8,2,0,0,0.493,1
txn_013183,4096.54,UPI,bank_server_down,Yes Bank,7,4,0,1,0.473,1
txn_013184,3982.42,UPI,card_declined,HDFC,19,3,0,1,0.743,0
txn_013185,235.83,UPI,card_declined,Axis,10,5,1,2,0.334,0
txn_013186,1277.36,Debit Card,insufficient_funds,HDFC,7,2,0,2,0.911,0
txn_013187,228.6,UPI,network_timeout,IDFC,0,0,0,1,0.323,1
txn_013188,1323.01,UPI,bank_server_down,SBI,9,4,0,1,0.778,1
txn_013189,346.43,Debit Card,insufficient_funds,Kotak,4,4,0,1,0.77,0
txn_013190,3630.92,UPI,network_timeout,Kotak,14,5,1,0,0.52,1
txn_013191,515.37,UPI,network_timeout,SBI,22,4,0,0,0.484,1
txn_013192,313.24,UPI,risk_flagged,Axis,5,5,1,1,0.482,0
txn_013193,638.34,Debit Card,risk_flagged,SBI,19,6,1,0,0.791,0
txn_013194,554.93,Debit Card,insufficient_funds,Yes Bank,0,4,0,1,0.467,0
txn_013195,85.47,Netbanking,network_timeout,Axis,0,6,1,0,0.709,1
txn_013196,270.21,Credit Card,bank_server_down,ICICI,15,4,0,0,0.794,0
txn_013197,268.39,UPI,card_declined,Axis,15,5,1,0,0.693,0
txn_013198,1461.37,Debit Card,card_declined,HDFC,10,0,0,0,0.779,1
txn_013199,78.62,UPI,card_declined,Axis,15,3,0,0,0.779,1
txn_013200,396.02,Netbanking,insufficient_funds,HDFC,7,2,0,0,0.835,0
txn_013201,671.22,Debit Card,bank_server_down,Yes Bank,1,6,1,0,0.808,1
txn_013202,1249.98,UPI,insufficient_funds,SBI,12,4,0,1,0.881,0
txn_013203,642.36,Credit Card,network_timeout,IDFC,20,0,0,1,0.763,1
txn_013204,1365.0,Debit Card,insufficient_funds,ICICI,13,6,1,0,0.304,0
txn_013205,557.27,UPI,bank_server_down,SBI,13,0,0,0,0.476,1
txn_013206,306.51,UPI,insufficient_funds,IDFC,21,2,0,2,0.768,0
txn_013207,1739.54,Credit Card,card_declined,Yes Bank,5,2,0,2,0.861,0
txn_013208,4616.13,Netbanking,expired_card,Yes Bank,23,0,0,1,0.696,0
txn_013209,2541.06,UPI,card_declined,Axis,15,0,0,0,0.689,1
txn_013210,186.26,Credit Card,bank_server_down,Kotak,10,1,0,1,0.903,0
txn_013211,681.54,UPI,network_timeout,Axis,14,4,0,1,0.765,0
txn_013212,253.41,Debit Card,card_declined,IDFC,1,3,0,1,0.626,0
txn_013213,1245.64,UPI,insufficient_funds,ICICI,20,1,0,0,0.775,1
txn_013214,1697.71,Debit Card,expired_card,SBI,9,6,1,1,0.654,0
txn_013215,415.71,UPI,bank_server_down,Axis,13,4,0,0,0.843,1
txn_013216,2427.24,UPI,network_timeout,ICICI,10,4,0,2,0.967,1
txn_013217,430.09,Debit Card,wrong_otp,Axis,6,0,0,0,0.482,0
txn_013218,513.42,UPI,bank_server_down,HDFC,7,2,0,1,0.616,0
txn_013219,892.14,Wallet,bank_server_down,Axis,6,6,1,0,0.867,1
txn_013220,149.56,UPI,network_timeout,ICICI,16,5,1,0,0.5,1
txn_013221,2363.03,UPI,card_declined,Kotak,7,5,1,0,0.847,1
txn_013222,2370.22,UPI,bank_server_down,ICICI,18,0,0,0,0.865,0
txn_013223,305.63,UPI,insufficient_funds,SBI,15,5,1,0,0.887,0
txn_013224,409.12,Credit Card,card_declined,Axis,22,4,0,0,0.612,1
txn_013225,614.09,Wallet,bank_server_down,HDFC,16,4,0,0,0.563,1
txn_013226,2299.28,UPI,bank_server_down,Axis,19,3,0,0,0.616,1
txn_013227,751.36,Debit Card,bank_server_down,Kotak,22,1,0,2,0.693,0
txn_013228,1556.16,Credit Card,insufficient_funds,SBI,11,5,1,0,0.758,0
txn_013229,652.75,UPI,risk_flagged,IDFC,9,5,1,0,0.833,1
txn_013230,415.15,UPI,insufficient_funds,Yes Bank,4,1,0,0,0.585,1
txn_013231,2498.76,UPI,network_timeout,Yes Bank,9,6,1,0,0.401,1
txn_013232,559.88,UPI,expired_card,SBI,16,1,0,0,0.561,0
txn_013233,1125.2,UPI,card_declined,IDFC,10,6,1,1,0.93,1
txn_013234,902.2,Credit Card,bank_server_down,SBI,20,1,0,1,0.669,0
txn_013235,462.32,Debit Card,card_declined,Axis,10,4,0,0,0.428,1
txn_013236,2595.61,Credit Card,insufficient_funds,HDFC,3,3,0,1,0.624,0
txn_013237,757.28,Netbanking,risk_flagged,IDFC,1,4,0,1,0.768,0
txn_013238,256.2,UPI,network_timeout,SBI,13,3,0,1,0.746,1
txn_013239,378.68,UPI,wrong_otp,HDFC,19,3,0,1,0.654,0
txn_013240,289.63,Credit Card,expired_card,Axis,20,1,0,0,0.75,1
txn_013241,264.12,UPI,card_declined,Kotak,16,5,1,3,0.559,0
txn_013242,218.95,Debit Card,wrong_otp,Yes Bank,9,4,0,2,0.944,1
txn_013243,1858.21,UPI,network_timeout,Axis,9,0,0,3,0.942,0
txn_013244,847.43,Credit Card,wrong_otp,Axis,13,6,1,1,0.348,0
txn_013245,1648.72,Credit Card,card_declined,ICICI,12,1,0,0,0.87,0
txn_013246,1489.92,Credit Card,card_declined,SBI,20,3,0,0,0.773,0
txn_013247,458.91,Debit Card,bank_server_down,Axis,1,2,0,0,0.678,0
txn_013248,1100.06,Credit Card,wrong_otp,SBI,18,6,1,2,0.776,0
txn_013249,687.71,UPI,network_timeout,IDFC,7,4,0,0,0.543,0
txn_013250,223.08,Credit Card,insufficient_funds,Yes Bank,4,2,0,0,0.405,0
txn_013251,88.5,UPI,insufficient_funds,Axis,19,3,0,1,0.603,1
txn_013252,697.58,Credit Card,bank_server_down,Yes Bank,0,3,0,2,0.702,1
txn_013253,1959.14,Debit Card,bank_server_down,IDFC,15,1,0,1,0.617,1
txn_013254,353.69,UPI,card_declined,IDFC,8,2,0,0,0.732,0
txn_013255,212.79,UPI,wrong_otp,Kotak,9,3,0,1,0.707,0
txn_013256,958.58,Debit Card,insufficient_funds,Axis,10,5,1,2,0.605,1
txn_013257,576.99,Netbanking,bank_server_down,HDFC,20,2,0,0,0.602,0
txn_013258,1625.87,Wallet,insufficient_funds,HDFC,17,1,0,0,0.783,1
txn_013259,1302.3,Credit Card,insufficient_funds,SBI,10,6,1,0,0.645,0
txn_013260,175.09,Credit Card,bank_server_down,Yes Bank,13,0,0,0,0.651,0
txn_013261,342.95,UPI,wrong_otp,Axis,23,6,1,0,0.836,0
txn_013262,317.12,Netbanking,insufficient_funds,Axis,4,6,1,0,0.582,0
txn_013263,2576.05,UPI,bank_server_down,SBI,7,1,0,0,0.961,1
txn_013264,180.33,UPI,insufficient_funds,HDFC,1,1,0,0,0.563,1
txn_013265,555.74,Credit Card,network_timeout,ICICI,9,6,1,0,0.762,1
txn_013266,576.31,UPI,insufficient_funds,IDFC,16,1,0,1,0.864,1
txn_013267,228.96,UPI,network_timeout,Axis,12,2,0,0,0.772,1
txn_013268,1261.86,Debit Card,card_declined,Kotak,4,2,0,1,0.745,0
txn_013269,508.32,UPI,network_timeout,IDFC,2,3,0,0,0.476,1
txn_013270,1015.04,Credit Card,insufficient_funds,ICICI,13,6,1,0,0.617,0
txn_013271,535.64,UPI,insufficient_funds,Kotak,18,2,0,1,0.839,0
txn_013272,387.78,Wallet,wrong_otp,HDFC,6,6,1,1,0.753,0
txn_013273,1026.41,Debit Card,bank_server_down,Axis,0,3,0,2,0.497,0
txn_013274,484.6,UPI,insufficient_funds,ICICI,14,2,0,0,0.891,0
txn_013275,841.47,Debit Card,bank_server_down,Axis,17,5,1,0,0.828,1
txn_013276,1283.78,UPI,network_timeout,Kotak,6,1,0,0,0.866,1
txn_013277,3030.85,UPI,network_timeout,HDFC,21,5,1,0,0.676,1
txn_013278,382.61,UPI,insufficient_funds,IDFC,10,0,0,1,0.577,1
txn_013279,272.56,Debit Card,insufficient_funds,ICICI,23,5,1,0,0.622,1
txn_013280,781.52,UPI,card_declined,IDFC,11,0,0,1,0.555,0
txn_013281,1257.27,UPI,wrong_otp,ICICI,10,4,0,0,0.559,1
txn_013282,440.29,Debit Card,insufficient_funds,ICICI,3,6,1,2,0.468,0
txn_013283,672.74,UPI,network_timeout,Kotak,3,5,1,1,0.922,0
txn_013284,892.7,UPI,risk_flagged,Axis,22,5,1,0,0.573,1
txn_013285,336.11,UPI,risk_flagged,HDFC,10,0,0,1,0.716,0
txn_013286,931.91,UPI,insufficient_funds,HDFC,13,2,0,0,0.565,0
txn_013287,130.81,Debit Card,expired_card,HDFC,3,4,0,0,0.703,0
txn_013288,705.33,Debit Card,bank_server_down,HDFC,18,4,0,0,0.88,0
txn_013289,790.87,UPI,expired_card,IDFC,8,4,0,2,0.667,0
txn_013290,2279.89,UPI,insufficient_funds,ICICI,11,4,0,0,0.523,0
txn_013291,2555.34,UPI,wrong_otp,IDFC,5,5,1,0,0.699,1
txn_013292,91.29,Credit Card,network_timeout,Axis,18,0,0,1,0.493,1
txn_013293,45.56,UPI,expired_card,IDFC,1,2,0,0,0.74,0
txn_013294,668.44,Credit Card,bank_server_down,Kotak,8,1,0,2,0.884,0
txn_013295,5603.49,Debit Card,expired_card,SBI,4,4,0,0,0.746,0
txn_013296,2187.91,UPI,network_timeout,SBI,11,2,0,1,0.945,0
txn_013297,1569.3,UPI,card_declined,Yes Bank,0,0,0,1,0.636,1
txn_013298,327.04,UPI,insufficient_funds,Yes Bank,13,6,1,0,0.854,0
txn_013299,1050.7,Credit Card,network_timeout,SBI,19,2,0,0,0.618,1
txn_013300,324.88,Wallet,network_timeout,IDFC,8,3,0,0,0.78,0
txn_013301,105.89,Wallet,card_declined,Kotak,8,1,0,2,0.633,1
txn_013302,693.6,UPI,card_declined,Kotak,21,5,1,1,0.741,1
txn_013303,704.14,Credit Card,network_timeout,ICICI,22,5,1,1,0.809,0
txn_013304,274.34,UPI,wrong_otp,Kotak,12,6,1,0,0.8,0
txn_013305,1149.95,Credit Card,expired_card,SBI,16,3,0,0,0.861,0
txn_013306,377.57,UPI,network_timeout,ICICI,14,2,0,2,0.684,1
txn_013307,996.42,UPI,insufficient_funds,HDFC,13,4,0,1,0.871,1
txn_013308,184.45,Credit Card,bank_server_down,HDFC,21,1,0,0,0.66,1
txn_013309,971.34,Debit Card,insufficient_funds,HDFC,8,1,0,1,0.869,1
txn_013310,312.98,Debit Card,wrong_otp,Yes Bank,5,2,0,1,0.539,0
txn_013311,633.85,Credit Card,insufficient_funds,SBI,11,6,1,0,0.747,0
txn_013312,451.9,UPI,expired_card,SBI,17,1,0,0,0.77,1
txn_013313,783.88,Credit Card,bank_server_down,ICICI,15,2,0,0,0.644,1
txn_013314,781.78,Credit Card,insufficient_funds,IDFC,1,0,0,2,0.79,0
txn_013315,1092.05,UPI,card_declined,Axis,11,6,1,0,0.804,0
txn_013316,1128.51,Netbanking,card_declined,Kotak,21,6,1,2,0.627,0
txn_013317,651.89,Credit Card,card_declined,SBI,14,6,1,1,0.941,1
txn_013318,2603.75,UPI,network_timeout,Kotak,18,6,1,1,0.855,0
txn_013319,1368.55,Debit Card,wrong_otp,SBI,1,1,0,0,0.623,0
txn_013320,971.86,Netbanking,network_timeout,Yes Bank,7,0,0,1,0.81,1
txn_013321,650.59,UPI,network_timeout,Yes Bank,14,5,1,0,0.65,0
txn_013322,187.59,UPI,card_declined,SBI,18,2,0,1,0.941,1
txn_013323,2595.92,Credit Card,bank_server_down,Yes Bank,23,2,0,0,0.68,1
txn_013324,3137.09,UPI,expired_card,SBI,4,3,0,0,0.76,0
txn_013325,1342.45,Credit Card,bank_server_down,Yes Bank,15,3,0,1,0.639,0
txn_013326,1029.58,UPI,bank_server_down,Yes Bank,8,1,0,1,0.93,1
txn_013327,1698.6,UPI,insufficient_funds,IDFC,16,5,1,1,0.796,1
txn_013328,1474.85,Wallet,card_declined,IDFC,23,6,1,1,0.602,1
txn_013329,543.06,Netbanking,wrong_otp,Yes Bank,22,0,0,1,0.572,0
txn_013330,1345.17,UPI,bank_server_down,Kotak,3,3,0,0,0.731,1
txn_013331,939.03,UPI,card_declined,ICICI,18,2,0,0,0.704,0
txn_013332,370.64,UPI,insufficient_funds,ICICI,19,6,1,0,0.739,0
txn_013333,2166.82,Credit Card,insufficient_funds,Kotak,21,4,0,1,0.788,0
txn_013334,303.49,UPI,expired_card,Yes Bank,4,5,1,1,0.794,0
txn_013335,1496.55,Debit Card,bank_server_down,IDFC,15,3,0,0,0.494,0
txn_013336,191.48,UPI,wrong_otp,Kotak,5,6,1,2,0.915,0
txn_013337,1956.58,Credit Card,network_timeout,Yes Bank,12,0,0,1,0.859,1
txn_013338,1622.64,UPI,insufficient_funds,SBI,8,2,0,2,0.908,1
txn_013339,1013.82,Debit Card,insufficient_funds,IDFC,0,1,0,0,0.396,1
txn_013340,358.85,Debit Card,insufficient_funds,HDFC,7,1,0,0,0.545,0
txn_013341,724.91,Debit Card,bank_server_down,Kotak,2,3,0,0,0.761,1
txn_013342,591.78,Credit Card,insufficient_funds,Kotak,8,5,1,2,0.673,1
txn_013343,3114.61,UPI,card_declined,Axis,14,2,0,5,0.65,0
txn_013344,472.25,UPI,card_declined,HDFC,13,5,1,0,0.59,0
txn_013345,14351.48,Netbanking,expired_card,Kotak,9,2,0,0,0.685,0
txn_013346,2446.47,Credit Card,card_declined,Axis,8,3,0,0,0.957,1
txn_013347,952.03,Netbanking,network_timeout,Axis,21,3,0,0,0.911,1
txn_013348,2010.04,UPI,expired_card,Axis,23,0,0,2,0.632,0
txn_013349,2320.42,Credit Card,insufficient_funds,ICICI,0,6,1,0,0.7,1
txn_013350,196.31,Credit Card,wrong_otp,Kotak,8,6,1,0,0.944,1
txn_013351,903.81,UPI,expired_card,Axis,12,1,0,0,0.956,1
txn_013352,423.93,Netbanking,network_timeout,HDFC,15,2,0,1,0.541,0
txn_013353,245.47,UPI,insufficient_funds,SBI,23,1,0,0,0.865,1
txn_013354,1232.76,Wallet,wrong_otp,ICICI,22,6,1,1,0.724,1
txn_013355,191.3,UPI,bank_server_down,ICICI,3,4,0,0,0.947,1
txn_013356,898.63,UPI,bank_server_down,Axis,4,4,0,1,0.843,0
txn_013357,501.56,Credit Card,card_declined,Yes Bank,15,3,0,3,0.446,1
txn_013358,1646.4,Debit Card,insufficient_funds,IDFC,18,5,1,2,0.673,1
txn_013359,385.15,Netbanking,bank_server_down,Axis,15,4,0,1,0.831,1
txn_013360,211.88,UPI,bank_server_down,Axis,19,2,0,0,0.762,1
txn_013361,971.05,UPI,wrong_otp,Yes Bank,14,5,1,0,0.559,0
txn_013362,574.02,Wallet,bank_server_down,Kotak,14,4,0,0,0.875,0
txn_013363,352.32,UPI,bank_server_down,ICICI,7,6,1,0,0.786,1
txn_013364,561.57,Netbanking,network_timeout,HDFC,14,3,0,0,0.717,1
txn_013365,322.28,Credit Card,insufficient_funds,Yes Bank,14,0,0,1,0.726,0
txn_013366,1221.92,Credit Card,risk_flagged,Kotak,12,2,0,1,0.56,0
txn_013367,345.19,Netbanking,card_declined,Kotak,15,6,1,1,0.972,0
txn_013368,490.35,UPI,wrong_otp,HDFC,1,2,0,2,0.635,1
txn_013369,558.27,UPI,insufficient_funds,Yes Bank,14,0,0,0,0.337,0
txn_013370,426.27,UPI,network_timeout,SBI,16,2,0,0,0.845,0
txn_013371,354.3,Credit Card,insufficient_funds,Yes Bank,23,5,1,1,0.87,1
txn_013372,591.3,Netbanking,insufficient_funds,SBI,1,5,1,0,0.904,0
txn_013373,4956.22,Netbanking,insufficient_funds,Yes Bank,15,6,1,2,0.889,0
txn_013374,526.38,Credit Card,network_timeout,IDFC,14,6,1,2,0.84,1
txn_013375,853.21,Wallet,risk_flagged,SBI,5,2,0,0,0.641,0
txn_013376,550.17,Netbanking,bank_server_down,Yes Bank,23,1,0,0,0.77,1
txn_013377,930.11,UPI,card_declined,IDFC,19,4,0,0,0.731,0
txn_013378,5123.91,Wallet,insufficient_funds,Kotak,4,1,0,0,0.873,0
txn_013379,463.46,UPI,bank_server_down,ICICI,19,6,1,0,0.549,1
txn_013380,211.6,Debit Card,network_timeout,HDFC,15,6,1,1,0.513,0
txn_013381,437.99,UPI,card_declined,Kotak,13,1,0,1,0.746,1
txn_013382,1371.52,Debit Card,card_declined,IDFC,8,3,0,0,0.575,1
txn_013383,152.11,UPI,insufficient_funds,SBI,23,1,0,0,0.936,1
txn_013384,1044.23,UPI,insufficient_funds,ICICI,20,5,1,0,0.713,1
txn_013385,568.9,Credit Card,card_declined,Yes Bank,14,5,1,0,0.545,1
txn_013386,205.25,Debit Card,wrong_otp,ICICI,16,4,0,1,0.806,0
txn_013387,735.53,UPI,card_declined,ICICI,22,1,0,2,0.86,1
txn_013388,1467.13,Debit Card,insufficient_funds,IDFC,7,2,0,0,0.57,1
txn_013389,1269.19,Credit Card,card_declined,Yes Bank,9,4,0,1,0.826,0
txn_013390,469.36,Credit Card,expired_card,SBI,21,0,0,0,0.659,0
txn_013391,705.95,Credit Card,expired_card,HDFC,21,2,0,1,0.544,0
txn_013392,86.91,UPI,expired_card,HDFC,12,0,0,1,0.419,0
txn_013393,3091.09,UPI,insufficient_funds,HDFC,5,6,1,1,0.776,0
txn_013394,573.49,UPI,bank_server_down,Axis,13,4,0,1,0.797,1
txn_013395,94.55,UPI,wrong_otp,Axis,5,0,0,0,0.468,0
txn_013396,371.37,Credit Card,wrong_otp,Axis,19,3,0,0,0.546,0
txn_013397,408.22,Credit Card,wrong_otp,Kotak,12,5,1,0,0.794,1
txn_013398,4969.86,Credit Card,insufficient_funds,Kotak,11,4,0,0,0.444,0
txn_013399,760.99,UPI,card_declined,Yes Bank,10,3,0,0,0.508,0
txn_013400,739.53,Credit Card,bank_server_down,HDFC,21,3,0,0,0.526,1
txn_013401,477.58,Credit Card,network_timeout,HDFC,9,5,1,0,0.49,0
txn_013402,985.67,Debit Card,insufficient_funds,Axis,17,6,1,2,0.795,0
txn_013403,41.34,Debit Card,wrong_otp,Kotak,17,4,0,0,0.811,0
txn_013404,559.3,UPI,insufficient_funds,Yes Bank,12,2,0,1,0.69,0
txn_013405,1385.67,UPI,card_declined,SBI,9,3,0,1,0.921,0
txn_013406,588.92,Debit Card,card_declined,IDFC,17,2,0,1,0.769,1
txn_013407,1751.21,UPI,network_timeout,ICICI,16,2,0,1,0.756,1
txn_013408,383.45,Credit Card,card_declined,IDFC,16,1,0,0,0.747,0
txn_013409,1253.28,UPI,network_timeout,ICICI,17,5,1,1,0.795,0
txn_013410,121.3,Netbanking,card_declined,Yes Bank,20,6,1,0,0.692,1
txn_013411,241.05,UPI,bank_server_down,HDFC,15,4,0,0,0.348,1
txn_013412,349.01,UPI,bank_server_down,Kotak,23,1,0,1,0.846,0
txn_013413,812.87,Netbanking,insufficient_funds,SBI,20,4,0,0,0.621,0
txn_013414,139.34,Credit Card,wrong_otp,SBI,0,0,0,1,0.593,1
txn_013415,2005.23,Debit Card,insufficient_funds,IDFC,8,1,0,2,0.865,0
txn_013416,565.76,Debit Card,card_declined,Kotak,19,2,0,2,0.641,0
txn_013417,717.43,UPI,card_declined,ICICI,11,6,1,0,0.867,1
txn_013418,241.16,Debit Card,insufficient_funds,ICICI,13,0,0,0,0.651,0
txn_013419,3808.56,Netbanking,card_declined,Axis,18,4,0,0,0.771,1
txn_013420,4260.4,Credit Card,wrong_otp,Kotak,2,5,1,0,0.606,0
txn_013421,510.92,Credit Card,network_timeout,IDFC,15,1,0,0,0.641,1
txn_013422,673.87,Debit Card,insufficient_funds,Kotak,7,0,0,0,0.607,1
txn_013423,946.75,Credit Card,card_declined,SBI,16,6,1,1,0.64,0
txn_013424,68.0,Debit Card,risk_flagged,Yes Bank,12,3,0,1,0.836,0
txn_013425,3577.11,UPI,expired_card,IDFC,15,2,0,0,0.535,0
txn_013426,312.26,UPI,card_declined,SBI,22,3,0,1,0.73,0
txn_013427,532.66,Wallet,card_declined,HDFC,20,1,0,0,0.843,1
txn_013428,558.53,Netbanking,insufficient_funds,Yes Bank,2,1,0,0,0.863,0
txn_013429,263.83,UPI,wrong_otp,ICICI,2,6,1,2,0.429,0
txn_013430,1849.11,UPI,wrong_otp,Kotak,11,2,0,1,0.937,0
txn_013431,6710.35,Credit Card,insufficient_funds,Kotak,16,0,0,0,0.672,0
txn_013432,737.79,UPI,card_declined,ICICI,19,3,0,0,0.808,0
txn_013433,5346.06,UPI,insufficient_funds,Axis,21,2,0,1,0.867,0
txn_013434,1246.8,Debit Card,wrong_otp,HDFC,11,0,0,0,0.967,1
txn_013435,191.44,Credit Card,card_declined,SBI,17,3,0,0,0.766,1
txn_013436,794.8,UPI,card_declined,ICICI,2,0,0,0,0.627,1
txn_013437,2421.19,Credit Card,insufficient_funds,Yes Bank,21,4,0,0,0.602,0
txn_013438,1781.37,Debit Card,card_declined,HDFC,17,6,1,2,0.632,0
txn_013439,938.82,UPI,bank_server_down,Yes Bank,7,6,1,1,0.663,1
txn_013440,362.92,Debit Card,wrong_otp,Axis,23,1,0,1,0.828,0
txn_013441,1576.3,Debit Card,insufficient_funds,Yes Bank,7,6,1,0,0.447,0
txn_013442,1556.44,Credit Card,insufficient_funds,Axis,10,0,0,1,0.68,0
txn_013443,476.56,Wallet,network_timeout,Kotak,17,2,0,0,0.743,1
txn_013444,551.9,Credit Card,insufficient_funds,ICICI,6,3,0,0,0.658,0
txn_013445,617.56,UPI,wrong_otp,Axis,20,4,0,0,0.403,1
txn_013446,308.19,Netbanking,wrong_otp,ICICI,21,1,0,0,0.642,0
txn_013447,326.31,Netbanking,insufficient_funds,Axis,2,6,1,1,0.658,1
txn_013448,734.34,UPI,network_timeout,HDFC,19,3,0,1,0.782,1
txn_013449,590.19,Debit Card,bank_server_down,ICICI,8,3,0,0,0.629,1
txn_013450,117.92,UPI,insufficient_funds,IDFC,22,4,0,0,0.666,1
txn_013451,250.12,Debit Card,insufficient_funds,SBI,15,0,0,1,0.767,1
txn_013452,289.75,UPI,risk_flagged,IDFC,14,1,0,3,0.613,0
txn_013453,448.63,UPI,insufficient_funds,HDFC,6,5,1,0,0.888,0
txn_013454,280.19,UPI,bank_server_down,Yes Bank,11,3,0,1,0.844,1
txn_013455,2170.44,Debit Card,expired_card,IDFC,13,2,0,0,0.924,0
txn_013456,1008.07,UPI,expired_card,Axis,18,2,0,1,0.7,0
txn_013457,2081.69,Debit Card,insufficient_funds,IDFC,23,1,0,2,0.8,0
txn_013458,2252.76,Debit Card,insufficient_funds,ICICI,12,1,0,1,0.724,0
txn_013459,1986.89,Netbanking,insufficient_funds,ICICI,22,3,0,0,0.707,0
txn_013460,153.01,Netbanking,bank_server_down,SBI,12,5,1,2,0.907,1
txn_013461,2416.99,Wallet,bank_server_down,Kotak,1,3,0,1,0.821,1
txn_013462,800.52,Credit Card,card_declined,Kotak,13,3,0,2,0.691,0
txn_013463,811.46,Credit Card,risk_flagged,SBI,16,0,0,0,0.429,0
txn_013464,4046.26,UPI,wrong_otp,Yes Bank,0,6,1,0,0.707,0
txn_013465,1441.21,Netbanking,insufficient_funds,Yes Bank,9,5,1,1,0.912,0
txn_013466,154.65,Credit Card,insufficient_funds,Yes Bank,23,3,0,1,0.81,1
txn_013467,396.31,Credit Card,card_declined,Yes Bank,0,6,1,1,0.861,0
txn_013468,1944.74,UPI,network_timeout,SBI,15,5,1,4,0.828,0
txn_013469,492.28,UPI,bank_server_down,HDFC,14,6,1,1,0.881,1
txn_013470,822.68,Debit Card,insufficient_funds,ICICI,18,2,0,1,0.79,0
txn_013471,446.71,Netbanking,bank_server_down,Axis,17,2,0,0,0.621,0
txn_013472,1419.66,Credit Card,insufficient_funds,Yes Bank,4,2,0,1,0.888,0
txn_013473,3894.15,UPI,card_declined,Kotak,3,2,0,1,0.747,1
txn_013474,1209.96,Debit Card,bank_server_down,Yes Bank,7,1,0,1,0.607,1
txn_013475,688.02,UPI,insufficient_funds,ICICI,4,0,0,0,0.744,0
txn_013476,648.7,Debit Card,insufficient_funds,HDFC,13,1,0,1,0.455,0
txn_013477,800.89,UPI,insufficient_funds,SBI,21,6,1,0,0.777,0
txn_013478,1117.44,Netbanking,expired_card,Axis,3,6,1,1,0.781,0
txn_013479,1377.04,Debit Card,wrong_otp,IDFC,5,2,0,1,0.703,1
txn_013480,1727.02,Netbanking,wrong_otp,HDFC,11,0,0,0,0.602,1
txn_013481,1026.89,Credit Card,card_declined,Axis,9,5,1,1,0.892,1
txn_013482,518.05,Netbanking,insufficient_funds,IDFC,1,4,0,1,0.644,0
txn_013483,187.34,Debit Card,card_declined,Yes Bank,2,2,0,1,0.669,0
txn_013484,635.26,UPI,expired_card,IDFC,7,0,0,1,0.916,0
txn_013485,2462.2,UPI,wrong_otp,Yes Bank,16,1,0,1,0.783,1
txn_013486,182.65,Credit Card,card_declined,Kotak,2,1,0,0,0.939,0
txn_013487,472.91,Debit Card,bank_server_down,HDFC,18,5,1,0,0.786,1
txn_013488,406.11,UPI,insufficient_funds,Yes Bank,1,5,1,0,0.696,1
txn_013489,5732.4,Debit Card,wrong_otp,ICICI,9,5,1,0,0.581,0
txn_013490,241.94,Credit Card,insufficient_funds,Yes Bank,19,4,0,0,0.483,0
txn_013491,360.75,Debit Card,insufficient_funds,Yes Bank,17,3,0,0,0.902,0
txn_013492,330.03,UPI,insufficient_funds,Kotak,21,5,1,0,0.819,0
txn_013493,810.36,Netbanking,bank_server_down,IDFC,13,4,0,0,0.591,1
txn_013494,1485.61,UPI,wrong_otp,SBI,9,3,0,2,0.873,0
txn_013495,576.73,Debit Card,risk_flagged,Yes Bank,13,1,0,1,0.737,0
txn_013496,215.06,UPI,bank_server_down,SBI,17,4,0,1,0.829,1
txn_013497,537.85,Debit Card,insufficient_funds,IDFC,15,2,0,0,0.572,0
txn_013498,869.46,UPI,card_declined,ICICI,21,6,1,1,0.735,1
txn_013499,156.18,UPI,network_timeout,ICICI,19,2,0,1,0.941,1
txn_013500,166.37,Debit Card,wrong_otp,Kotak,11,2,0,2,0.952,0
txn_013501,842.1,Debit Card,network_timeout,Yes Bank,6,0,0,0,0.476,0
txn_013502,514.49,UPI,card_declined,Axis,1,5,1,1,0.822,0
txn_013503,1074.56,Credit Card,insufficient_funds,IDFC,20,6,1,1,0.746,0
txn_013504,769.4,Credit Card,wrong_otp,SBI,9,5,1,1,0.252,0
txn_013505,774.43,Credit Card,card_declined,SBI,20,4,0,1,0.534,1
txn_013506,411.92,Netbanking,network_timeout,IDFC,4,3,0,1,0.659,0
txn_013507,3861.88,Debit Card,risk_flagged,SBI,6,5,1,2,0.484,0
txn_013508,1006.12,UPI,insufficient_funds,Axis,5,4,0,0,0.719,1
txn_013509,309.26,UPI,risk_flagged,Kotak,4,6,1,0,0.642,0
txn_013510,3178.35,UPI,card_declined,ICICI,4,3,0,0,0.728,1
txn_013511,89.99,UPI,bank_server_down,HDFC,18,3,0,0,0.458,0
txn_013512,2798.25,UPI,network_timeout,Yes Bank,20,2,0,2,0.817,1
txn_013513,758.3,UPI,expired_card,ICICI,10,2,0,0,0.401,0
txn_013514,801.45,Debit Card,wrong_otp,Axis,5,1,0,0,0.525,0
txn_013515,826.36,UPI,network_timeout,IDFC,21,5,1,1,0.659,1
txn_013516,151.22,Credit Card,insufficient_funds,ICICI,0,3,0,0,0.817,0
txn_013517,377.04,Debit Card,card_declined,SBI,21,4,0,1,0.526,1
txn_013518,345.13,Credit Card,card_declined,ICICI,9,3,0,1,0.785,0
txn_013519,287.66,Credit Card,card_declined,Yes Bank,16,1,0,2,0.764,0
txn_013520,973.77,Netbanking,expired_card,SBI,10,4,0,0,0.579,0
txn_013521,412.9,Credit Card,insufficient_funds,Yes Bank,19,3,0,1,0.883,1
txn_013522,268.21,Netbanking,card_declined,Yes Bank,14,6,1,1,0.771,1
txn_013523,216.84,Wallet,insufficient_funds,Axis,20,0,0,0,0.891,0
txn_013524,3128.31,Debit Card,network_timeout,Axis,23,1,0,0,0.902,0
txn_013525,383.05,Credit Card,insufficient_funds,Kotak,14,2,0,1,0.895,1
txn_013526,4165.76,Debit Card,wrong_otp,Kotak,18,1,0,0,0.652,1
txn_013527,328.55,Debit Card,network_timeout,HDFC,12,3,0,1,0.38,0
txn_013528,194.6,UPI,network_timeout,SBI,18,5,1,0,0.508,1
txn_013529,104.16,Debit Card,network_timeout,HDFC,9,6,1,1,0.637,1
txn_013530,471.83,UPI,insufficient_funds,IDFC,19,0,0,0,0.718,0
txn_013531,1702.5,UPI,insufficient_funds,ICICI,13,4,0,0,0.436,1
txn_013532,546.46,UPI,card_declined,HDFC,12,4,0,0,0.775,0
txn_013533,1371.26,Netbanking,risk_flagged,Kotak,4,3,0,0,0.779,0
txn_013534,1844.6,UPI,bank_server_down,IDFC,1,4,0,1,0.701,0
txn_013535,585.82,Wallet,risk_flagged,Axis,5,4,0,1,0.575,0
txn_013536,469.0,UPI,bank_server_down,ICICI,1,0,0,0,0.92,1
txn_013537,1821.95,UPI,insufficient_funds,Kotak,21,0,0,1,0.548,0
txn_013538,7462.28,UPI,insufficient_funds,SBI,15,5,1,0,0.915,1
txn_013539,1181.69,UPI,card_declined,Yes Bank,23,5,1,0,0.561,1
txn_013540,3374.11,Wallet,card_declined,HDFC,8,5,1,1,0.908,0
txn_013541,504.63,Credit Card,insufficient_funds,IDFC,0,5,1,0,0.813,0
txn_013542,847.58,UPI,wrong_otp,Yes Bank,5,2,0,2,0.83,0
txn_013543,194.16,UPI,bank_server_down,SBI,15,0,0,1,0.951,1
txn_013544,116.42,UPI,card_declined,HDFC,4,3,0,0,0.615,0
txn_013545,146.46,UPI,card_declined,ICICI,16,0,0,0,0.641,1
txn_013546,652.17,UPI,network_timeout,ICICI,12,2,0,1,0.725,1
txn_013547,965.97,Wallet,insufficient_funds,SBI,8,1,0,0,0.814,0
txn_013548,1070.39,UPI,insufficient_funds,Axis,23,3,0,3,0.757,0
txn_013549,809.96,UPI,bank_server_down,HDFC,11,5,1,1,0.583,0
txn_013550,1099.46,UPI,insufficient_funds,Kotak,5,6,1,1,0.563,1
txn_013551,254.84,UPI,insufficient_funds,HDFC,3,0,0,1,0.819,0
txn_013552,150.25,Credit Card,insufficient_funds,ICICI,21,6,1,2,0.849,0
txn_013553,252.01,Credit Card,insufficient_funds,ICICI,16,3,0,1,0.896,0
txn_013554,260.79,UPI,insufficient_funds,ICICI,15,1,0,1,0.871,1
txn_013555,2548.71,UPI,bank_server_down,SBI,8,3,0,1,0.466,1
txn_013556,741.95,UPI,expired_card,IDFC,21,2,0,0,0.679,0
txn_013557,939.29,Credit Card,card_declined,IDFC,23,2,0,0,0.752,0
txn_013558,675.82,UPI,card_declined,ICICI,10,5,1,1,0.748,1
txn_013559,2533.7,UPI,insufficient_funds,ICICI,5,6,1,3,0.697,0
txn_013560,479.01,Credit Card,bank_server_down,ICICI,2,5,1,0,0.954,1
txn_013561,456.75,Credit Card,bank_server_down,IDFC,12,3,0,0,0.741,0
txn_013562,208.26,Netbanking,network_timeout,SBI,19,2,0,0,0.596,0
txn_013563,1045.06,Credit Card,wrong_otp,Yes Bank,18,1,0,0,0.81,0
txn_013564,592.05,Netbanking,expired_card,HDFC,21,3,0,2,0.708,0
txn_013565,2397.9,UPI,insufficient_funds,ICICI,10,6,1,0,0.831,0
txn_013566,192.15,Debit Card,bank_server_down,Axis,17,2,0,1,0.829,1
txn_013567,1450.73,UPI,risk_flagged,HDFC,16,0,0,0,0.664,0
txn_013568,1278.25,UPI,insufficient_funds,ICICI,1,1,0,0,0.853,1
txn_013569,364.26,UPI,bank_server_down,Yes Bank,7,2,0,2,0.927,0
txn_013570,796.3,UPI,risk_flagged,IDFC,18,6,1,0,0.953,1
txn_013571,33.2,Credit Card,bank_server_down,ICICI,6,2,0,1,0.703,0
txn_013572,896.04,UPI,bank_server_down,IDFC,7,5,1,0,0.601,1
txn_013573,378.22,UPI,wrong_otp,HDFC,18,6,1,0,0.638,0
txn_013574,1343.18,Debit Card,bank_server_down,HDFC,6,2,0,4,0.65,1
txn_013575,740.69,Credit Card,wrong_otp,Kotak,15,6,1,1,0.978,1
txn_013576,807.02,Credit Card,insufficient_funds,Yes Bank,10,6,1,3,0.91,0
txn_013577,344.26,Debit Card,wrong_otp,Kotak,8,4,0,0,0.864,0
txn_013578,822.8,UPI,network_timeout,ICICI,16,3,0,0,0.449,1
txn_013579,1981.6,UPI,insufficient_funds,IDFC,23,4,0,0,0.561,0
txn_013580,115.47,UPI,wrong_otp,Kotak,5,5,1,1,0.929,0
txn_013581,469.5,Netbanking,insufficient_funds,HDFC,12,0,0,0,0.791,1
txn_013582,1798.11,Credit Card,bank_server_down,SBI,1,0,0,2,0.911,1
txn_013583,1503.57,UPI,wrong_otp,Yes Bank,9,6,1,0,0.598,0
txn_013584,781.2,UPI,network_timeout,Kotak,0,4,0,2,0.958,1
txn_013585,2147.25,UPI,bank_server_down,HDFC,17,1,0,0,0.746,1
txn_013586,229.6,Netbanking,insufficient_funds,SBI,21,0,0,2,0.811,0
txn_013587,3340.14,Credit Card,insufficient_funds,IDFC,5,2,0,1,0.827,0
txn_013588,329.29,Credit Card,insufficient_funds,HDFC,14,2,0,1,0.602,0
txn_013589,1127.61,Credit Card,wrong_otp,IDFC,11,0,0,1,0.77,0
txn_013590,414.05,Debit Card,card_declined,HDFC,4,2,0,0,0.57,0
txn_013591,277.58,Debit Card,insufficient_funds,Kotak,12,4,0,0,0.846,0
txn_013592,897.95,Netbanking,insufficient_funds,Kotak,7,1,0,1,0.831,0
txn_013593,745.21,UPI,insufficient_funds,Kotak,20,1,0,0,0.764,1
txn_013594,3079.9,Debit Card,wrong_otp,Kotak,22,3,0,1,0.619,1
txn_013595,1562.35,UPI,insufficient_funds,IDFC,7,3,0,1,0.583,0
txn_013596,3252.21,UPI,network_timeout,Axis,14,1,0,0,0.781,0
txn_013597,2779.33,UPI,network_timeout,HDFC,5,3,0,1,0.662,1
txn_013598,2617.81,Credit Card,insufficient_funds,ICICI,18,6,1,0,0.706,0
txn_013599,11710.98,UPI,risk_flagged,HDFC,14,2,0,0,0.655,0
txn_013600,1062.16,Credit Card,card_declined,Kotak,9,5,1,1,0.55,0
txn_013601,20588.74,Credit Card,risk_flagged,Kotak,15,6,1,1,0.96,0
txn_013602,433.6,UPI,bank_server_down,Yes Bank,22,2,0,1,0.517,1
txn_013603,216.27,Debit Card,network_timeout,IDFC,8,1,0,2,0.63,0
txn_013604,359.17,UPI,card_declined,HDFC,21,2,0,0,0.691,1
txn_013605,1577.22,UPI,insufficient_funds,Axis,2,1,0,1,0.404,0
txn_013606,911.42,UPI,risk_flagged,HDFC,19,5,1,0,0.849,0
txn_013607,436.0,Debit Card,bank_server_down,Axis,13,1,0,0,0.617,1
txn_013608,358.15,UPI,bank_server_down,HDFC,16,4,0,3,0.813,1
txn_013609,2366.24,UPI,card_declined,Kotak,11,4,0,1,0.718,1
txn_013610,803.1,Credit Card,insufficient_funds,SBI,4,6,1,0,0.799,0
txn_013611,46.84,UPI,card_declined,Kotak,19,6,1,0,0.638,0
txn_013612,217.17,Netbanking,bank_server_down,SBI,19,6,1,1,0.628,1
txn_013613,1886.35,Credit Card,card_declined,ICICI,19,3,0,0,0.728,0
txn_013614,1312.42,Debit Card,insufficient_funds,HDFC,6,1,0,0,0.908,0
txn_013615,665.93,UPI,network_timeout,Axis,11,0,0,1,0.829,1
txn_013616,425.7,UPI,risk_flagged,ICICI,20,5,1,2,0.779,0
txn_013617,447.62,Wallet,wrong_otp,ICICI,18,3,0,1,0.656,0
txn_013618,185.07,Netbanking,network_timeout,ICICI,22,4,0,1,0.675,0
txn_013619,1220.8,Credit Card,wrong_otp,HDFC,0,0,0,0,0.942,0
txn_013620,626.54,Netbanking,bank_server_down,IDFC,10,5,1,1,0.604,1
txn_013621,417.7,UPI,insufficient_funds,ICICI,10,4,0,1,0.751,0
txn_013622,348.63,UPI,insufficient_funds,Yes Bank,11,1,0,1,0.493,0
txn_013623,612.96,UPI,card_declined,IDFC,10,2,0,1,0.467,1
txn_013624,3821.0,Credit Card,insufficient_funds,Kotak,13,3,0,0,0.829,0
txn_013625,57.73,Wallet,card_declined,HDFC,22,6,1,1,0.729,1
txn_013626,155.13,UPI,card_declined,ICICI,17,3,0,1,0.678,1
txn_013627,417.89,UPI,bank_server_down,IDFC,9,4,0,1,0.755,1
txn_013628,1203.67,UPI,bank_server_down,HDFC,20,6,1,0,0.695,1
txn_013629,644.15,UPI,bank_server_down,HDFC,7,1,0,0,0.539,1
txn_013630,1614.2,UPI,bank_server_down,Yes Bank,16,2,0,1,0.951,1
txn_013631,2042.62,Netbanking,wrong_otp,Kotak,22,6,1,0,0.842,1
txn_013632,1524.42,Debit Card,bank_server_down,Axis,21,2,0,0,0.758,1
txn_013633,2664.95,UPI,network_timeout,ICICI,0,4,0,0,0.736,1
txn_013634,530.12,Debit Card,insufficient_funds,HDFC,9,2,0,2,0.656,0
txn_013635,832.95,UPI,wrong_otp,Yes Bank,15,3,0,0,0.916,1
txn_013636,1085.2,UPI,wrong_otp,ICICI,12,3,0,1,0.48,0
txn_013637,1180.12,Netbanking,card_declined,Kotak,17,0,0,1,0.789,0
txn_013638,318.39,UPI,bank_server_down,ICICI,2,1,0,0,0.827,1
txn_013639,2594.25,UPI,network_timeout,ICICI,6,3,0,1,0.747,1
txn_013640,375.65,Credit Card,insufficient_funds,Axis,19,4,0,0,0.68,1
txn_013641,440.77,UPI,bank_server_down,ICICI,15,2,0,0,0.735,1
txn_013642,1157.57,Netbanking,network_timeout,ICICI,7,5,1,0,0.803,1
txn_013643,568.49,UPI,network_timeout,IDFC,14,0,0,2,0.684,1
txn_013644,511.15,Debit Card,insufficient_funds,HDFC,23,5,1,1,0.569,1
txn_013645,2153.57,Debit Card,card_declined,IDFC,3,3,0,3,0.532,0
txn_013646,426.09,Credit Card,insufficient_funds,ICICI,10,5,1,0,0.905,0
txn_013647,492.99,Debit Card,insufficient_funds,IDFC,18,2,0,0,0.891,0
txn_013648,599.87,Credit Card,insufficient_funds,Yes Bank,21,5,1,1,0.663,0
txn_013649,151.88,UPI,insufficient_funds,Axis,15,2,0,2,0.817,0
txn_013650,53.67,UPI,bank_server_down,ICICI,23,3,0,0,0.592,1
txn_013651,2079.98,Credit Card,network_timeout,ICICI,0,6,1,1,0.929,1
txn_013652,395.07,UPI,wrong_otp,ICICI,6,0,0,1,0.808,1
txn_013653,5464.0,Credit Card,risk_flagged,ICICI,4,4,0,0,0.827,1
txn_013654,922.57,UPI,bank_server_down,Yes Bank,1,2,0,0,0.74,0
txn_013655,64.69,Debit Card,card_declined,IDFC,23,2,0,0,0.95,1
txn_013656,842.04,UPI,card_declined,SBI,3,5,1,0,0.888,0
txn_013657,606.06,Netbanking,card_declined,HDFC,11,4,0,0,0.925,1
txn_013658,9712.81,UPI,network_timeout,Kotak,5,1,0,0,0.861,1
txn_013659,133.22,Netbanking,wrong_otp,Yes Bank,20,3,0,0,0.639,1
txn_013660,240.69,UPI,bank_server_down,Kotak,14,5,1,2,0.875,0
txn_013661,845.48,UPI,card_declined,SBI,7,2,0,1,0.835,0
txn_013662,260.69,UPI,risk_flagged,Yes Bank,16,4,0,0,0.71,0
txn_013663,152.85,UPI,bank_server_down,Kotak,3,6,1,2,0.642,1
txn_013664,608.41,Credit Card,risk_flagged,IDFC,4,6,1,1,0.533,0
txn_013665,2390.46,Credit Card,card_declined,HDFC,16,3,0,2,0.793,1
txn_013666,545.08,UPI,insufficient_funds,SBI,2,4,0,1,0.416,0
txn_013667,1165.83,UPI,bank_server_down,HDFC,15,4,0,0,0.846,1
txn_013668,737.19,Netbanking,expired_card,Yes Bank,4,3,0,3,0.898,0
txn_013669,3000.96,UPI,insufficient_funds,Yes Bank,2,5,1,0,0.392,0
txn_013670,673.69,Debit Card,network_timeout,Kotak,2,3,0,1,0.798,0
txn_013671,484.8,Netbanking,bank_server_down,Yes Bank,6,6,1,1,0.39,1
txn_013672,1231.72,UPI,risk_flagged,HDFC,3,1,0,1,0.508,0
txn_013673,696.79,UPI,insufficient_funds,ICICI,13,0,0,0,0.646,1
txn_013674,226.94,Debit Card,insufficient_funds,ICICI,23,0,0,0,0.85,0
txn_013675,603.82,Netbanking,risk_flagged,Axis,19,3,0,0,0.648,1
txn_013676,205.4,Debit Card,card_declined,HDFC,19,3,0,1,0.995,0
txn_013677,5516.57,UPI,expired_card,SBI,0,4,0,1,0.462,0
txn_013678,1778.18,Credit Card,bank_server_down,Yes Bank,7,3,0,2,0.549,1
txn_013679,339.79,Credit Card,bank_server_down,Kotak,5,0,0,0,0.69,1
txn_013680,397.94,Debit Card,bank_server_down,Kotak,21,0,0,2,0.763,1
txn_013681,3018.92,Credit Card,card_declined,Kotak,21,2,0,1,0.743,1
txn_013682,2173.66,Credit Card,card_declined,HDFC,4,0,0,1,0.56,0
txn_013683,570.56,Debit Card,insufficient_funds,Yes Bank,7,5,1,1,0.684,0
txn_013684,720.12,Debit Card,card_declined,IDFC,3,4,0,2,0.666,1
txn_013685,1019.85,Debit Card,risk_flagged,HDFC,7,4,0,1,0.888,1
txn_013686,395.85,Netbanking,bank_server_down,ICICI,0,1,0,1,0.757,1
txn_013687,840.91,Debit Card,wrong_otp,SBI,15,4,0,0,0.562,1
txn_013688,1519.74,Credit Card,bank_server_down,SBI,11,1,0,0,0.586,1
txn_013689,412.86,Netbanking,card_declined,Axis,21,4,0,0,0.641,1
txn_013690,754.43,UPI,insufficient_funds,Yes Bank,4,3,0,0,0.463,0
txn_013691,885.87,Netbanking,card_declined,IDFC,18,0,0,0,0.756,0
txn_013692,375.4,UPI,network_timeout,IDFC,18,2,0,0,0.406,1
txn_013693,616.1,Credit Card,bank_server_down,ICICI,11,1,0,2,0.509,1
txn_013694,255.98,Wallet,wrong_otp,Yes Bank,23,4,0,0,0.754,1
txn_013695,925.07,Credit Card,wrong_otp,Yes Bank,9,6,1,1,0.736,0
txn_013696,720.03,Debit Card,bank_server_down,IDFC,1,6,1,0,0.634,0
txn_013697,573.44,Debit Card,insufficient_funds,ICICI,6,4,0,0,0.468,0
txn_013698,1412.38,UPI,card_declined,Kotak,20,2,0,0,0.721,1
txn_013699,1478.55,UPI,insufficient_funds,SBI,17,1,0,0,0.804,0
txn_013700,207.04,Debit Card,insufficient_funds,Yes Bank,10,0,0,2,0.528,0
txn_013701,690.17,UPI,bank_server_down,Kotak,8,1,0,0,0.574,1
txn_013702,2221.95,Debit Card,network_timeout,Axis,5,6,1,0,0.849,1
txn_013703,469.68,UPI,insufficient_funds,IDFC,16,4,0,1,0.657,1
txn_013704,420.28,Debit Card,insufficient_funds,HDFC,13,4,0,1,0.747,0
txn_013705,2603.58,UPI,insufficient_funds,ICICI,23,1,0,1,0.57,0
txn_013706,1311.8,UPI,insufficient_funds,ICICI,0,3,0,1,0.458,0
txn_013707,1399.47,Netbanking,insufficient_funds,IDFC,3,4,0,1,0.384,0
txn_013708,4200.96,Credit Card,insufficient_funds,SBI,2,1,0,1,0.376,0
txn_013709,912.26,Wallet,card_declined,ICICI,19,4,0,2,0.563,1
txn_013710,403.46,Wallet,insufficient_funds,ICICI,14,2,0,1,0.351,0
txn_013711,1300.45,Debit Card,network_timeout,ICICI,9,2,0,0,0.795,1
txn_013712,976.39,UPI,card_declined,IDFC,11,5,1,1,0.76,0
txn_013713,941.31,UPI,bank_server_down,HDFC,6,0,0,1,0.723,1
txn_013714,440.76,Credit Card,wrong_otp,SBI,15,5,1,1,0.971,0
txn_013715,4381.71,UPI,insufficient_funds,Yes Bank,4,1,0,1,0.815,1
txn_013716,823.23,Credit Card,wrong_otp,Axis,13,5,1,0,0.826,0
txn_013717,336.72,Credit Card,risk_flagged,Kotak,11,3,0,0,0.854,0
txn_013718,1491.19,UPI,bank_server_down,Axis,20,4,0,0,0.75,1
txn_013719,482.61,Debit Card,card_declined,Axis,18,3,0,0,0.713,0
txn_013720,682.02,Netbanking,bank_server_down,HDFC,8,0,0,1,0.682,1
txn_013721,1356.41,UPI,bank_server_down,SBI,9,2,0,0,0.678,0
txn_013722,1170.12,UPI,bank_server_down,ICICI,12,4,0,1,0.855,1
txn_013723,1077.85,UPI,network_timeout,Yes Bank,12,0,0,0,0.724,1
txn_013724,817.75,Netbanking,insufficient_funds,HDFC,10,6,1,1,0.669,1
txn_013725,181.87,Credit Card,insufficient_funds,ICICI,7,4,0,3,0.631,0
txn_013726,1844.72,Netbanking,card_declined,Kotak,14,3,0,0,0.879,1
txn_013727,654.37,UPI,network_timeout,Kotak,3,0,0,3,0.903,0
txn_013728,251.85,UPI,insufficient_funds,IDFC,20,6,1,1,0.354,0
txn_013729,2440.66,Netbanking,insufficient_funds,HDFC,6,0,0,0,0.648,1
txn_013730,154.16,Debit Card,risk_flagged,IDFC,9,1,0,0,0.698,0
txn_013731,305.07,UPI,network_timeout,IDFC,4,3,0,0,0.738,0
txn_013732,3581.94,Debit Card,network_timeout,Yes Bank,4,4,0,1,0.977,1
txn_013733,3144.49,Debit Card,risk_flagged,IDFC,9,2,0,1,0.571,0
txn_013734,991.71,UPI,wrong_otp,HDFC,12,6,1,0,0.943,1
txn_013735,248.38,Credit Card,network_timeout,HDFC,1,3,0,0,0.907,0
txn_013736,280.31,Wallet,network_timeout,Yes Bank,16,5,1,1,0.68,0
txn_013737,277.3,Credit Card,bank_server_down,ICICI,13,5,1,1,0.505,1
txn_013738,1241.73,UPI,risk_flagged,Kotak,18,4,0,1,0.578,0
txn_013739,825.09,UPI,expired_card,SBI,16,2,0,2,0.658,0
txn_013740,635.78,UPI,insufficient_funds,ICICI,14,6,1,0,0.86,0
txn_013741,363.39,Netbanking,wrong_otp,SBI,20,4,0,1,0.915,0
txn_013742,525.5,UPI,bank_server_down,HDFC,15,0,0,0,0.847,0
txn_013743,215.22,UPI,network_timeout,IDFC,18,5,1,0,0.392,1
txn_013744,115.07,Debit Card,bank_server_down,Yes Bank,18,2,0,0,0.745,1
txn_013745,97.84,UPI,bank_server_down,Kotak,19,1,0,1,0.663,1
txn_013746,2591.03,Netbanking,insufficient_funds,ICICI,2,0,0,0,0.445,0
txn_013747,1895.13,UPI,insufficient_funds,IDFC,11,1,0,1,0.743,0
txn_013748,301.33,Debit Card,expired_card,SBI,17,5,1,0,0.692,1
txn_013749,357.95,Debit Card,wrong_otp,Kotak,6,2,0,0,0.443,0
txn_013750,308.22,Credit Card,card_declined,Kotak,0,2,0,0,0.659,1
txn_013751,2240.53,UPI,bank_server_down,Axis,0,5,1,0,0.804,1
txn_013752,7715.32,Credit Card,bank_server_down,HDFC,5,0,0,0,0.573,0
txn_013753,265.6,Debit Card,wrong_otp,Axis,22,0,0,0,0.526,0
txn_013754,497.64,Credit Card,insufficient_funds,Yes Bank,17,6,1,2,0.554,0
txn_013755,4164.2,Debit Card,network_timeout,Axis,20,3,0,0,0.761,1
txn_013756,743.72,UPI,bank_server_down,HDFC,0,3,0,0,0.609,0
txn_013757,1540.01,UPI,expired_card,Axis,3,5,1,2,0.876,0
txn_013758,4096.56,UPI,risk_flagged,ICICI,1,0,0,0,0.751,0
txn_013759,1348.52,UPI,card_declined,ICICI,11,1,0,0,0.879,0
txn_013760,572.44,Debit Card,bank_server_down,Axis,11,3,0,0,0.894,0
txn_013761,80.52,UPI,wrong_otp,IDFC,7,2,0,0,0.773,1
txn_013762,367.06,Debit Card,card_declined,ICICI,11,2,0,0,0.794,0
txn_013763,152.82,UPI,network_timeout,HDFC,1,5,1,0,0.841,1
txn_013764,578.55,UPI,bank_server_down,Axis,12,3,0,0,0.678,1
txn_013765,246.99,UPI,insufficient_funds,ICICI,0,4,0,0,0.919,0
txn_013766,497.7,UPI,expired_card,Yes Bank,4,4,0,0,0.613,0
txn_013767,3528.82,UPI,card_declined,Yes Bank,9,1,0,0,0.381,1
txn_013768,41.06,UPI,bank_server_down,SBI,15,5,1,0,0.844,1
txn_013769,340.88,UPI,insufficient_funds,ICICI,23,6,1,0,0.542,0
txn_013770,139.15,Debit Card,risk_flagged,HDFC,11,4,0,0,0.887,1
txn_013771,1863.87,Credit Card,insufficient_funds,Axis,1,2,0,0,0.481,0
txn_013772,1250.64,Debit Card,risk_flagged,HDFC,15,0,0,0,0.718,1
txn_013773,388.74,Credit Card,insufficient_funds,Kotak,3,2,0,0,0.948,0
txn_013774,298.64,Credit Card,insufficient_funds,SBI,17,3,0,1,0.919,0
txn_013775,51.26,UPI,network_timeout,Yes Bank,7,2,0,2,0.802,1
txn_013776,693.77,Credit Card,insufficient_funds,ICICI,19,2,0,0,0.651,0
txn_013777,1397.43,UPI,insufficient_funds,Axis,12,4,0,0,0.776,1
txn_013778,65.73,Credit Card,insufficient_funds,ICICI,12,4,0,0,0.49,1
txn_013779,2103.86,UPI,card_declined,Kotak,14,0,0,1,0.422,0
txn_013780,179.2,UPI,network_timeout,ICICI,23,3,0,0,0.661,1
txn_013781,757.64,UPI,insufficient_funds,Kotak,19,3,0,1,0.866,0
txn_013782,135.7,Credit Card,insufficient_funds,HDFC,5,6,1,2,0.856,0
txn_013783,2338.68,UPI,expired_card,HDFC,4,0,0,2,0.542,0
txn_013784,146.17,Debit Card,insufficient_funds,SBI,11,1,0,0,0.417,0
txn_013785,703.22,UPI,bank_server_down,SBI,11,3,0,1,0.883,1
txn_013786,581.42,Debit Card,insufficient_funds,Axis,7,4,0,1,0.896,0
txn_013787,1237.18,Credit Card,network_timeout,SBI,0,2,0,0,0.597,0
txn_013788,184.19,UPI,risk_flagged,Axis,5,4,0,0,0.762,0
txn_013789,2020.4,UPI,card_declined,Axis,12,2,0,0,0.92,0
txn_013790,812.22,Credit Card,wrong_otp,SBI,13,2,0,0,0.86,1
txn_013791,161.61,Debit Card,bank_server_down,Yes Bank,23,0,0,0,0.458,1
txn_013792,1093.21,UPI,network_timeout,HDFC,13,1,0,1,0.989,1
txn_013793,457.37,Credit Card,card_declined,Kotak,21,5,1,1,0.607,1
txn_013794,1175.29,UPI,insufficient_funds,Axis,0,0,0,0,0.423,0
txn_013795,244.68,UPI,insufficient_funds,Axis,3,4,0,0,0.557,0
txn_013796,182.32,Wallet,insufficient_funds,ICICI,8,3,0,1,0.818,0
txn_013797,2141.73,Credit Card,insufficient_funds,Yes Bank,2,2,0,1,0.67,0
txn_013798,1119.37,Credit Card,insufficient_funds,Kotak,2,4,0,0,0.433,0
txn_013799,336.42,Wallet,risk_flagged,HDFC,15,1,0,0,0.327,0
txn_013800,879.91,UPI,bank_server_down,Yes Bank,6,4,0,0,0.998,1
txn_013801,1088.5,UPI,insufficient_funds,Yes Bank,12,0,0,0,0.649,0
txn_013802,362.8,Debit Card,network_timeout,Axis,0,3,0,0,0.776,1
txn_013803,1504.33,UPI,insufficient_funds,Kotak,18,2,0,0,0.839,1
txn_013804,248.38,Netbanking,network_timeout,Yes Bank,3,1,0,1,0.653,1
txn_013805,931.34,Credit Card,insufficient_funds,SBI,21,6,1,0,0.814,0
txn_013806,1144.14,Netbanking,bank_server_down,IDFC,2,3,0,0,0.793,0
txn_013807,3598.01,UPI,network_timeout,Axis,16,5,1,1,0.517,0
txn_013808,194.93,Debit Card,card_declined,ICICI,0,3,0,0,0.689,0
txn_013809,616.41,UPI,risk_flagged,IDFC,10,1,0,2,0.895,0
txn_013810,723.28,UPI,card_declined,SBI,23,6,1,1,0.921,0
txn_013811,171.66,UPI,bank_server_down,SBI,16,6,1,0,0.706,1
txn_013812,1059.6,UPI,bank_server_down,HDFC,7,0,0,0,0.779,1
txn_013813,278.9,Credit Card,insufficient_funds,HDFC,18,6,1,0,0.768,0
txn_013814,4598.28,Debit Card,network_timeout,Axis,0,2,0,1,0.773,1
txn_013815,335.2,UPI,insufficient_funds,Axis,18,4,0,0,0.832,1
txn_013816,2042.85,UPI,risk_flagged,Yes Bank,22,4,0,0,0.507,0
txn_013817,5916.38,Credit Card,network_timeout,Yes Bank,9,1,0,1,0.625,0
txn_013818,38.78,UPI,risk_flagged,Kotak,19,0,0,3,0.907,0
txn_013819,923.48,Credit Card,insufficient_funds,Axis,15,5,1,1,0.828,1
txn_013820,1368.2,Debit Card,insufficient_funds,Yes Bank,4,1,0,0,0.469,0
txn_013821,537.2,UPI,insufficient_funds,Kotak,17,0,0,0,0.673,0
txn_013822,125.84,UPI,insufficient_funds,ICICI,13,4,0,1,0.972,1
txn_013823,304.58,Credit Card,wrong_otp,Yes Bank,10,6,1,0,0.37,0
txn_013824,526.79,Credit Card,risk_flagged,ICICI,14,1,0,2,0.547,0
txn_013825,321.65,Debit Card,network_timeout,Kotak,11,0,0,1,0.881,0
txn_013826,231.24,Debit Card,network_timeout,Yes Bank,20,3,0,0,0.509,1
txn_013827,2208.33,Debit Card,risk_flagged,HDFC,6,6,1,2,0.641,0
txn_013828,124.72,Credit Card,expired_card,HDFC,23,2,0,0,0.916,0
txn_013829,4035.79,Netbanking,risk_flagged,Yes Bank,3,0,0,1,0.825,1
txn_013830,643.32,UPI,wrong_otp,IDFC,0,0,0,1,0.769,1
txn_013831,122.4,UPI,network_timeout,IDFC,22,1,0,0,0.779,1
txn_013832,90.08,UPI,risk_flagged,SBI,11,3,0,1,0.626,1
txn_013833,1495.93,UPI,risk_flagged,Yes Bank,0,5,1,0,0.932,0
txn_013834,495.73,Debit Card,expired_card,HDFC,14,3,0,2,0.79,0
txn_013835,475.44,Debit Card,risk_flagged,IDFC,3,6,1,0,0.74,0
txn_013836,1142.48,UPI,network_timeout,SBI,5,4,0,1,0.572,1
txn_013837,91.27,Credit Card,insufficient_funds,HDFC,1,4,0,0,0.742,0
txn_013838,2662.05,UPI,card_declined,SBI,9,3,0,1,0.745,0
txn_013839,645.02,UPI,insufficient_funds,Kotak,11,1,0,2,0.779,0
txn_013840,1511.03,UPI,wrong_otp,Yes Bank,15,4,0,0,0.748,0
txn_013841,895.8,UPI,wrong_otp,Kotak,21,6,1,1,0.624,1
txn_013842,808.06,Debit Card,insufficient_funds,ICICI,20,3,0,0,0.583,0
txn_013843,1958.3,Credit Card,bank_server_down,Kotak,14,5,1,1,0.657,1
txn_013844,357.64,UPI,insufficient_funds,Axis,12,2,0,0,0.791,1
txn_013845,567.51,UPI,network_timeout,HDFC,8,3,0,1,0.767,1
txn_013846,489.23,Debit Card,wrong_otp,Yes Bank,13,5,1,0,0.793,0
txn_013847,149.83,UPI,network_timeout,IDFC,15,0,0,0,0.848,1
txn_013848,406.79,UPI,bank_server_down,IDFC,10,1,0,0,0.79,1
txn_013849,184.93,Credit Card,risk_flagged,Kotak,0,0,0,0,0.474,1
txn_013850,508.08,UPI,network_timeout,SBI,5,5,1,1,0.877,0
txn_013851,1789.23,UPI,bank_server_down,ICICI,23,3,0,0,0.833,1
txn_013852,990.13,Debit Card,bank_server_down,Axis,12,3,0,0,0.756,0
txn_013853,609.12,Debit Card,bank_server_down,Axis,20,3,0,0,0.696,1
txn_013854,312.72,Wallet,card_declined,IDFC,12,2,0,0,0.465,0
txn_013855,949.73,UPI,card_declined,Axis,14,3,0,1,0.776,0
txn_013856,451.63,Credit Card,network_timeout,SBI,15,5,1,0,0.538,1
txn_013857,139.96,UPI,insufficient_funds,ICICI,23,0,0,1,0.678,0
txn_013858,274.44,Debit Card,bank_server_down,SBI,6,6,1,0,0.888,1
txn_013859,288.58,UPI,insufficient_funds,Kotak,4,4,0,2,0.884,0
txn_013860,3285.62,Debit Card,bank_server_down,Yes Bank,0,6,1,0,0.708,1
txn_013861,928.17,UPI,insufficient_funds,Axis,14,0,0,0,0.792,1
txn_013862,191.16,UPI,card_declined,SBI,4,4,0,0,0.702,0
txn_013863,271.57,UPI,network_timeout,Kotak,12,3,0,2,0.395,1
txn_013864,3032.79,UPI,insufficient_funds,SBI,8,2,0,2,0.701,0
txn_013865,406.15,Debit Card,risk_flagged,Kotak,15,6,1,1,0.668,0
txn_013866,184.75,UPI,network_timeout,Yes Bank,16,1,0,0,0.635,0
txn_013867,325.94,Debit Card,network_timeout,SBI,6,4,0,1,0.903,0
txn_013868,1477.16,UPI,network_timeout,SBI,19,6,1,0,0.79,1
txn_013869,1932.43,Credit Card,bank_server_down,SBI,22,6,1,0,0.417,1
txn_013870,1031.31,UPI,insufficient_funds,SBI,5,6,1,2,0.929,1
txn_013871,175.94,UPI,network_timeout,SBI,7,2,0,1,0.92,0
txn_013872,175.08,Debit Card,network_timeout,Kotak,1,6,1,1,0.533,0
txn_013873,924.39,Netbanking,insufficient_funds,Yes Bank,6,2,0,0,0.834,0
txn_013874,519.14,UPI,card_declined,HDFC,19,0,0,1,0.835,1
txn_013875,1380.27,UPI,insufficient_funds,ICICI,16,4,0,0,0.226,1
txn_013876,366.46,Debit Card,expired_card,IDFC,19,1,0,1,0.736,0
txn_013877,325.26,UPI,bank_server_down,Kotak,10,2,0,1,0.594,1
txn_013878,995.67,UPI,card_declined,SBI,14,6,1,0,0.587,0
txn_013879,325.9,Debit Card,insufficient_funds,SBI,3,5,1,0,0.803,0
txn_013880,383.13,Credit Card,risk_flagged,HDFC,6,5,1,2,0.113,0
txn_013881,1205.62,Debit Card,risk_flagged,SBI,13,5,1,2,0.943,0
txn_013882,840.04,Debit Card,card_declined,HDFC,5,1,0,1,0.654,1
txn_013883,1660.17,UPI,insufficient_funds,ICICI,6,5,1,0,0.674,0
txn_013884,557.79,UPI,insufficient_funds,IDFC,15,0,0,0,0.651,0
txn_013885,859.73,UPI,network_timeout,SBI,19,3,0,2,0.771,0
txn_013886,646.25,Debit Card,bank_server_down,Axis,23,1,0,1,0.37,0
txn_013887,342.95,Netbanking,bank_server_down,ICICI,22,2,0,2,0.961,1
txn_013888,208.13,Credit Card,wrong_otp,ICICI,8,3,0,1,0.548,0
txn_013889,1050.06,Netbanking,insufficient_funds,Kotak,7,6,1,1,0.541,0
txn_013890,527.43,UPI,expired_card,IDFC,6,2,0,1,0.619,0
txn_013891,836.68,Credit Card,bank_server_down,SBI,21,1,0,1,0.621,1
txn_013892,198.06,UPI,network_timeout,ICICI,10,5,1,0,0.83,1
txn_013893,1046.17,Credit Card,card_declined,HDFC,1,6,1,1,0.719,0
txn_013894,603.41,Debit Card,card_declined,Kotak,5,4,0,0,0.848,0
txn_013895,623.39,Wallet,insufficient_funds,Axis,2,2,0,2,0.662,0
txn_013896,668.8,Debit Card,risk_flagged,IDFC,7,0,0,0,0.887,0
txn_013897,316.75,Debit Card,insufficient_funds,HDFC,2,5,1,2,0.568,0
txn_013898,481.76,Debit Card,insufficient_funds,ICICI,10,4,0,1,0.882,1
txn_013899,670.47,Debit Card,bank_server_down,ICICI,13,4,0,0,0.352,1
txn_013900,659.86,Debit Card,network_timeout,IDFC,16,3,0,2,0.93,1
txn_013901,734.7,Debit Card,insufficient_funds,HDFC,20,1,0,0,0.895,0
txn_013902,1241.91,Wallet,bank_server_down,SBI,8,0,0,3,0.783,1
txn_013903,218.07,Netbanking,bank_server_down,HDFC,22,6,1,2,0.761,1
txn_013904,293.07,Credit Card,expired_card,Yes Bank,19,2,0,1,0.72,0
txn_013905,571.82,UPI,expired_card,Yes Bank,16,3,0,0,0.814,1
txn_013906,2990.54,UPI,bank_server_down,Yes Bank,23,3,0,0,0.612,1
txn_013907,244.53,UPI,network_timeout,Yes Bank,20,2,0,0,0.813,0
txn_013908,509.5,Credit Card,card_declined,Kotak,10,5,1,0,0.664,1
txn_013909,766.03,Netbanking,card_declined,HDFC,0,4,0,1,0.784,0
txn_013910,413.12,Credit Card,network_timeout,ICICI,18,0,0,0,0.442,0
txn_013911,494.07,UPI,risk_flagged,HDFC,10,1,0,0,0.73,0
txn_013912,492.77,UPI,bank_server_down,SBI,21,4,0,1,0.697,1
txn_013913,620.93,UPI,insufficient_funds,Axis,4,0,0,2,0.895,0
txn_013914,1111.96,Debit Card,insufficient_funds,HDFC,12,4,0,0,0.766,0
txn_013915,1031.15,UPI,wrong_otp,Axis,12,6,1,1,0.906,1
txn_013916,855.13,Debit Card,card_declined,IDFC,15,0,0,0,0.782,0
txn_013917,1304.77,Netbanking,network_timeout,HDFC,0,4,0,0,0.827,1
txn_013918,566.43,UPI,risk_flagged,Yes Bank,3,0,0,0,0.921,0
txn_013919,570.88,Wallet,risk_flagged,SBI,9,6,1,0,0.49,0
txn_013920,258.37,UPI,insufficient_funds,Kotak,11,6,1,1,0.812,0
txn_013921,2320.88,UPI,insufficient_funds,Kotak,18,4,0,1,0.622,0
txn_013922,265.42,UPI,expired_card,Kotak,13,2,0,0,0.697,1
txn_013923,931.15,Wallet,bank_server_down,HDFC,13,5,1,1,0.765,0
txn_013924,1603.9,UPI,bank_server_down,HDFC,12,1,0,0,0.915,1
txn_013925,2341.06,Debit Card,insufficient_funds,Kotak,22,3,0,0,0.533,0
txn_013926,643.18,UPI,card_declined,Yes Bank,1,5,1,1,0.727,0
txn_013927,589.18,Netbanking,bank_server_down,Kotak,2,0,0,0,0.713,1
txn_013928,764.79,UPI,expired_card,HDFC,12,6,1,2,0.875,0
txn_013929,378.64,UPI,card_declined,Yes Bank,4,4,0,2,0.438,0
txn_013930,1100.54,Debit Card,card_declined,Yes Bank,3,6,1,0,0.712,1
txn_013931,1419.51,Credit Card,card_declined,HDFC,22,6,1,0,0.858,0
txn_013932,614.12,Netbanking,insufficient_funds,Axis,12,4,0,1,0.701,0
txn_013933,606.99,UPI,risk_flagged,ICICI,3,1,0,1,0.731,0
txn_013934,494.38,Debit Card,bank_server_down,SBI,0,0,0,0,0.577,1
txn_013935,149.75,UPI,network_timeout,Kotak,20,3,0,2,0.797,1
txn_013936,719.44,UPI,bank_server_down,IDFC,22,2,0,0,0.928,0
txn_013937,1590.31,Debit Card,expired_card,IDFC,19,0,0,0,0.697,0
txn_013938,144.03,Netbanking,bank_server_down,SBI,13,6,1,1,0.538,1
txn_013939,277.72,UPI,insufficient_funds,Yes Bank,14,1,0,1,0.938,0
txn_013940,329.08,Netbanking,bank_server_down,ICICI,4,6,1,2,0.683,0
txn_013941,645.99,UPI,risk_flagged,HDFC,23,1,0,1,0.363,0
txn_013942,2190.85,Wallet,insufficient_funds,Kotak,19,4,0,0,0.545,1
txn_013943,6638.89,Wallet,card_declined,ICICI,17,1,0,1,0.713,1
txn_013944,1814.54,UPI,bank_server_down,SBI,2,6,1,1,0.752,1
txn_013945,1248.65,Debit Card,insufficient_funds,Yes Bank,2,0,0,0,0.797,1
txn_013946,1133.36,Debit Card,card_declined,Yes Bank,0,6,1,1,0.698,1
txn_013947,880.22,UPI,insufficient_funds,Kotak,15,1,0,0,0.789,0
txn_013948,366.95,UPI,network_timeout,Kotak,1,6,1,1,0.791,0
txn_013949,184.91,UPI,bank_server_down,Yes Bank,7,2,0,0,0.77,1
txn_013950,459.98,UPI,risk_flagged,ICICI,22,6,1,0,0.751,0
txn_013951,1604.21,Credit Card,card_declined,Yes Bank,3,5,1,0,0.644,0
txn_013952,46.46,Debit Card,risk_flagged,ICICI,12,4,0,1,0.422,0
txn_013953,1100.98,Debit Card,card_declined,Yes Bank,0,1,0,0,0.776,1
txn_013954,56.02,Credit Card,bank_server_down,Kotak,3,1,0,1,0.672,0
txn_013955,1785.32,UPI,card_declined,ICICI,1,6,1,1,0.805,0
txn_013956,366.92,UPI,risk_flagged,Axis,9,3,0,3,0.569,0
txn_013957,958.43,UPI,risk_flagged,ICICI,9,3,0,0,0.763,0
txn_013958,1160.4,UPI,wrong_otp,Kotak,16,1,0,0,0.899,1
txn_013959,810.32,Debit Card,insufficient_funds,Kotak,9,6,1,0,0.751,0
txn_013960,251.83,Credit Card,bank_server_down,Yes Bank,7,5,1,1,0.763,0
txn_013961,341.7,Credit Card,expired_card,Yes Bank,20,6,1,1,0.633,0
txn_013962,415.01,Netbanking,insufficient_funds,ICICI,16,0,0,0,0.8,0
txn_013963,527.07,Debit Card,risk_flagged,ICICI,23,6,1,2,0.932,0
txn_013964,513.62,Debit Card,insufficient_funds,ICICI,22,0,0,1,0.522,0
txn_013965,1330.53,UPI,card_declined,ICICI,14,0,0,1,0.703,0
txn_013966,1372.63,UPI,bank_server_down,IDFC,20,0,0,0,0.828,1
txn_013967,1620.06,UPI,card_declined,IDFC,10,2,0,0,0.569,1
txn_013968,269.43,UPI,risk_flagged,Axis,4,0,0,1,0.614,1
txn_013969,564.69,Netbanking,expired_card,IDFC,19,6,1,1,0.672,0
txn_013970,1474.12,Wallet,bank_server_down,ICICI,3,3,0,0,0.849,1
txn_013971,2042.53,Credit Card,wrong_otp,IDFC,7,6,1,1,0.653,0
txn_013972,997.1,Wallet,network_timeout,Kotak,6,0,0,0,0.716,0
txn_013973,993.08,UPI,wrong_otp,HDFC,8,1,0,1,0.972,1
txn_013974,533.94,UPI,network_timeout,HDFC,16,6,1,1,0.62,1
txn_013975,98.8,Credit Card,insufficient_funds,HDFC,20,3,0,1,0.859,1
txn_013976,2493.27,Credit Card,bank_server_down,Yes Bank,22,6,1,1,0.755,1
txn_013977,3491.12,Debit Card,network_timeout,Axis,15,6,1,0,0.66,0
txn_013978,99.89,Wallet,risk_flagged,Kotak,5,5,1,1,0.765,0
txn_013979,993.06,UPI,expired_card,ICICI,4,5,1,0,0.604,0
txn_013980,671.84,Credit Card,bank_server_down,Axis,23,5,1,0,0.981,1
txn_013981,1894.31,Credit Card,card_declined,SBI,5,4,0,1,0.669,1
txn_013982,190.57,UPI,bank_server_down,SBI,22,5,1,0,0.681,1
txn_013983,1204.97,Debit Card,bank_server_down,Yes Bank,11,0,0,1,0.811,1
txn_013984,1651.85,UPI,wrong_otp,IDFC,11,5,1,1,0.637,1
txn_013985,1914.99,Credit Card,insufficient_funds,HDFC,3,1,0,1,0.75,0
txn_013986,918.57,UPI,insufficient_funds,Axis,7,2,0,0,0.799,0
txn_013987,693.67,Credit Card,bank_server_down,HDFC,0,3,0,0,0.567,1
txn_013988,159.06,Debit Card,bank_server_down,Axis,9,5,1,0,0.725,1
txn_013989,1695.14,UPI,bank_server_down,SBI,14,6,1,1,0.521,1
txn_013990,429.98,UPI,card_declined,Kotak,0,6,1,1,0.843,0
txn_013991,1502.69,Credit Card,insufficient_funds,ICICI,16,2,0,0,0.923,0
txn_013992,933.6,Wallet,bank_server_down,ICICI,19,5,1,0,0.565,0
txn_013993,4224.02,UPI,network_timeout,IDFC,14,3,0,0,0.6,1
txn_013994,280.48,Debit Card,insufficient_funds,Axis,13,5,1,0,0.738,0
txn_013995,1074.65,Credit Card,bank_server_down,SBI,6,0,0,3,0.785,0
txn_013996,359.87,Netbanking,wrong_otp,SBI,17,5,1,0,0.604,1
txn_013997,192.67,Credit Card,card_declined,SBI,18,0,0,0,0.903,1
txn_013998,140.53,UPI,insufficient_funds,SBI,6,3,0,1,0.882,0
txn_013999,1457.91,Credit Card,wrong_otp,ICICI,11,0,0,0,0.736,0
txn_014000,885.61,UPI,bank_server_down,ICICI,18,0,0,2,0.889,1
txn_014001,111.31,Netbanking,bank_server_down,HDFC,15,2,0,1,0.735,1
txn_014002,747.57,Netbanking,bank_server_down,HDFC,8,1,0,0,0.666,0
txn_014003,1448.17,UPI,bank_server_down,SBI,2,5,1,0,0.466,1
txn_014004,734.56,Netbanking,network_timeout,Kotak,17,4,0,0,0.775,1
txn_014005,322.5,UPI,risk_flagged,Yes Bank,1,2,0,0,0.903,0
txn_014006,143.9,Debit Card,card_declined,ICICI,1,4,0,0,0.869,0
txn_014007,1645.32,Credit Card,bank_server_down,Axis,5,2,0,2,0.919,0
txn_014008,266.25,UPI,network_timeout,SBI,18,0,0,1,0.792,1
txn_014009,389.66,Debit Card,bank_server_down,Kotak,9,3,0,2,0.567,0
txn_014010,199.31,Wallet,insufficient_funds,IDFC,7,3,0,1,0.935,0
txn_014011,135.36,UPI,bank_server_down,HDFC,2,5,1,0,0.902,1
txn_014012,61.09,Credit Card,network_timeout,ICICI,18,6,1,0,0.821,1
txn_014013,2095.82,UPI,network_timeout,Kotak,12,3,0,0,0.971,1
txn_014014,1442.54,UPI,bank_server_down,SBI,20,2,0,1,0.767,0
txn_014015,77.54,UPI,insufficient_funds,HDFC,19,2,0,1,0.466,0
txn_014016,1017.87,Netbanking,wrong_otp,SBI,18,0,0,0,0.921,1
txn_014017,502.56,UPI,bank_server_down,ICICI,5,4,0,0,0.684,0
txn_014018,723.99,Debit Card,network_timeout,HDFC,11,0,0,0,0.914,1
txn_014019,69.28,Credit Card,bank_server_down,Yes Bank,23,0,0,0,0.67,0
txn_014020,116.63,UPI,card_declined,ICICI,20,6,1,0,0.952,0
txn_014021,829.71,UPI,bank_server_down,Yes Bank,22,2,0,0,0.567,1
txn_014022,206.34,Debit Card,card_declined,Axis,12,2,0,2,0.41,0
txn_014023,862.74,UPI,network_timeout,SBI,14,6,1,0,0.773,0
txn_014024,1256.06,Credit Card,bank_server_down,IDFC,1,2,0,1,0.709,1
txn_014025,174.81,Debit Card,insufficient_funds,SBI,9,2,0,1,0.775,0
txn_014026,479.3,UPI,bank_server_down,Yes Bank,8,5,1,1,0.746,1
txn_014027,100.0,Credit Card,insufficient_funds,HDFC,12,2,0,2,0.869,1
txn_014028,320.39,Credit Card,network_timeout,SBI,18,1,0,0,0.745,1
txn_014029,1697.76,UPI,bank_server_down,HDFC,2,5,1,1,0.638,0
txn_014030,858.78,UPI,card_declined,ICICI,2,0,0,0,0.516,1
txn_014031,173.41,UPI,insufficient_funds,ICICI,16,1,0,2,0.708,0
txn_014032,443.13,Netbanking,card_declined,Axis,21,2,0,0,0.641,0
txn_014033,644.75,Debit Card,insufficient_funds,Yes Bank,2,4,0,1,0.934,1
txn_014034,226.4,Wallet,card_declined,Yes Bank,4,0,0,0,0.649,0
txn_014035,1053.44,Debit Card,insufficient_funds,IDFC,3,4,0,1,0.57,0
txn_014036,765.05,UPI,wrong_otp,IDFC,12,2,0,2,0.761,0
txn_014037,276.09,UPI,card_declined,IDFC,4,5,1,0,0.978,1
txn_014038,215.84,Debit Card,expired_card,HDFC,14,0,0,1,0.641,0
txn_014039,220.44,UPI,bank_server_down,HDFC,23,5,1,0,0.887,1
txn_014040,414.68,UPI,insufficient_funds,IDFC,19,6,1,0,0.641,0
txn_014041,4002.98,UPI,wrong_otp,Axis,23,2,0,0,0.725,0
txn_014042,274.52,Netbanking,bank_server_down,IDFC,0,6,1,0,0.447,1
txn_014043,83.65,UPI,network_timeout,ICICI,1,0,0,1,0.658,1
txn_014044,716.45,Netbanking,card_declined,HDFC,8,5,1,2,0.66,1
txn_014045,228.45,UPI,network_timeout,Axis,23,1,0,1,0.747,1
txn_014046,524.27,UPI,bank_server_down,SBI,12,6,1,0,0.509,1
txn_014047,1999.32,Debit Card,bank_server_down,Yes Bank,8,1,0,0,0.947,1
txn_014048,723.21,UPI,network_timeout,Yes Bank,13,3,0,0,0.787,1
txn_014049,479.61,Credit Card,card_declined,HDFC,19,5,1,1,0.948,1
txn_014050,1925.94,Debit Card,network_timeout,SBI,14,5,1,2,0.56,1
txn_014051,414.63,Debit Card,insufficient_funds,Yes Bank,11,0,0,1,0.886,0
txn_014052,161.8,Debit Card,network_timeout,SBI,11,2,0,2,0.841,1
txn_014053,298.39,UPI,card_declined,IDFC,12,0,0,0,0.654,1
txn_014054,462.89,Credit Card,wrong_otp,Kotak,18,4,0,1,0.594,0
txn_014055,1874.01,Credit Card,insufficient_funds,Kotak,9,3,0,1,0.818,0
txn_014056,626.2,Netbanking,card_declined,HDFC,14,6,1,2,0.171,0
txn_014057,1626.81,UPI,card_declined,Kotak,22,3,0,1,0.877,0
txn_014058,854.9,UPI,network_timeout,IDFC,11,2,0,1,0.571,1
txn_014059,2329.36,UPI,insufficient_funds,ICICI,10,5,1,1,0.826,0
txn_014060,6947.98,UPI,insufficient_funds,IDFC,22,3,0,0,0.848,1
txn_014061,528.32,Credit Card,wrong_otp,Kotak,0,5,1,0,0.752,0
txn_014062,561.5,Credit Card,card_declined,Kotak,12,3,0,1,0.328,0
txn_014063,1129.88,UPI,network_timeout,Kotak,23,6,1,1,0.918,0
txn_014064,286.36,Netbanking,insufficient_funds,Kotak,12,5,1,0,0.784,1
txn_014065,2529.99,Netbanking,wrong_otp,Axis,20,5,1,2,0.84,1
txn_014066,769.18,UPI,expired_card,Axis,15,0,0,1,0.819,0
txn_014067,444.78,UPI,wrong_otp,SBI,19,6,1,0,0.651,1
txn_014068,228.82,Netbanking,insufficient_funds,Axis,17,1,0,0,0.401,0
txn_014069,1477.6,UPI,wrong_otp,Yes Bank,15,3,0,0,0.821,0
txn_014070,2869.18,Debit Card,card_declined,Axis,23,0,0,0,0.69,1
txn_014071,320.28,Credit Card,insufficient_funds,Kotak,8,2,0,1,0.921,1
txn_014072,6836.19,Credit Card,risk_flagged,IDFC,10,6,1,1,0.806,0
txn_014073,669.47,UPI,insufficient_funds,IDFC,11,6,1,1,0.95,1
txn_014074,1251.78,Credit Card,insufficient_funds,Yes Bank,5,5,1,0,0.707,0
txn_014075,435.72,UPI,insufficient_funds,Axis,22,5,1,0,0.875,0
txn_014076,2060.56,Netbanking,expired_card,Yes Bank,7,0,0,0,0.843,0
txn_014077,574.8,Netbanking,bank_server_down,Kotak,1,2,0,0,0.768,1
txn_014078,886.73,Netbanking,bank_server_down,Yes Bank,1,1,0,1,0.351,1
txn_014079,462.12,UPI,risk_flagged,Kotak,8,4,0,2,0.723,0
txn_014080,1203.19,Credit Card,network_timeout,Axis,14,4,0,1,0.932,1
txn_014081,197.93,Debit Card,insufficient_funds,HDFC,5,5,1,2,0.937,0
txn_014082,319.76,Debit Card,wrong_otp,SBI,0,4,0,0,0.778,0
txn_014083,1011.87,UPI,insufficient_funds,Axis,0,0,0,2,0.566,0
txn_014084,1666.05,Netbanking,bank_server_down,Axis,16,5,1,0,0.827,1
txn_014085,1082.59,Credit Card,card_declined,Kotak,1,2,0,0,0.905,0
txn_014086,1214.75,UPI,network_timeout,Yes Bank,4,4,0,1,0.687,1
txn_014087,1373.16,UPI,bank_server_down,Yes Bank,0,4,0,1,0.57,0
txn_014088,2437.79,Credit Card,insufficient_funds,SBI,15,3,0,3,0.723,0
txn_014089,1536.04,UPI,bank_server_down,ICICI,4,4,0,0,0.901,1
txn_014090,872.85,Credit Card,network_timeout,IDFC,9,4,0,0,0.756,1
txn_014091,667.46,UPI,bank_server_down,SBI,6,1,0,1,0.688,0
txn_014092,711.92,Debit Card,bank_server_down,ICICI,11,0,0,0,0.715,0
txn_014093,628.31,Debit Card,card_declined,Yes Bank,9,5,1,0,0.753,1
txn_014094,1209.55,Credit Card,bank_server_down,IDFC,16,1,0,2,0.892,0
txn_014095,649.4,Credit Card,expired_card,IDFC,8,6,1,1,0.265,0
txn_014096,142.57,UPI,insufficient_funds,Kotak,9,1,0,4,0.684,0
txn_014097,222.48,Netbanking,bank_server_down,Yes Bank,12,3,0,1,0.864,0
txn_014098,468.23,Credit Card,bank_server_down,Axis,2,3,0,0,0.583,0
txn_014099,1556.17,Debit Card,card_declined,HDFC,14,4,0,0,0.663,0
txn_014100,1323.72,UPI,risk_flagged,IDFC,0,3,0,1,0.935,1
txn_014101,921.52,Debit Card,expired_card,Kotak,15,3,0,0,0.876,0
txn_014102,826.85,Credit Card,insufficient_funds,ICICI,15,3,0,1,0.785,0
txn_014103,827.57,UPI,insufficient_funds,ICICI,16,6,1,0,0.846,1
txn_014104,622.88,Credit Card,insufficient_funds,Axis,12,2,0,2,0.509,0
txn_014105,191.16,Netbanking,card_declined,ICICI,9,2,0,1,0.956,1
txn_014106,1041.51,Debit Card,insufficient_funds,IDFC,13,0,0,2,0.914,1
txn_014107,1766.19,Debit Card,bank_server_down,ICICI,2,2,0,0,0.499,1
txn_014108,325.66,UPI,expired_card,Kotak,9,1,0,0,0.664,0
txn_014109,2083.2,Debit Card,risk_flagged,ICICI,13,2,0,2,0.814,0
txn_014110,747.05,Credit Card,insufficient_funds,IDFC,16,0,0,1,0.564,0
txn_014111,82.98,UPI,card_declined,SBI,11,2,0,2,0.864,0
txn_014112,254.29,UPI,wrong_otp,Axis,17,0,0,1,0.391,0
txn_014113,808.96,UPI,expired_card,IDFC,3,2,0,1,0.624,0
txn_014114,554.59,Netbanking,insufficient_funds,IDFC,13,0,0,1,0.559,1
txn_014115,429.84,UPI,insufficient_funds,SBI,15,3,0,2,0.738,0
txn_014116,200.71,Credit Card,bank_server_down,ICICI,10,3,0,0,0.738,1
txn_014117,1267.04,UPI,insufficient_funds,IDFC,4,0,0,0,0.724,0
txn_014118,309.61,UPI,bank_server_down,IDFC,23,6,1,0,0.301,0
txn_014119,720.91,Wallet,wrong_otp,Kotak,17,6,1,0,0.778,1
txn_014120,498.24,Netbanking,bank_server_down,ICICI,1,4,0,2,0.944,1
txn_014121,608.38,Debit Card,network_timeout,ICICI,6,3,0,1,0.776,1
txn_014122,2112.91,UPI,insufficient_funds,Yes Bank,0,1,0,2,0.918,0
txn_014123,693.85,Netbanking,insufficient_funds,SBI,1,3,0,0,0.594,0
txn_014124,1101.59,Credit Card,card_declined,SBI,7,5,1,1,0.652,0
txn_014125,1218.52,UPI,risk_flagged,Yes Bank,3,3,0,1,0.811,0
txn_014126,729.35,Netbanking,bank_server_down,SBI,15,4,0,1,0.902,1
txn_014127,633.38,Credit Card,insufficient_funds,IDFC,19,4,0,2,0.662,0
txn_014128,52.61,UPI,insufficient_funds,SBI,20,6,1,2,0.522,0
txn_014129,2844.28,Credit Card,bank_server_down,HDFC,5,5,1,1,0.777,0
txn_014130,725.78,Wallet,bank_server_down,ICICI,0,3,0,0,0.688,1
txn_014131,1782.01,Debit Card,insufficient_funds,SBI,15,1,0,0,0.837,0
txn_014132,919.13,UPI,wrong_otp,ICICI,13,1,0,0,0.418,0
txn_014133,6300.0,UPI,insufficient_funds,Yes Bank,22,6,1,0,0.483,0
txn_014134,71.22,Credit Card,card_declined,Axis,14,1,0,0,0.525,0
txn_014135,1201.72,Credit Card,card_declined,Kotak,15,2,0,0,0.779,0
txn_014136,420.31,Netbanking,insufficient_funds,SBI,5,3,0,0,0.879,1
txn_014137,353.8,UPI,insufficient_funds,Yes Bank,16,5,1,2,0.407,1
txn_014138,628.55,UPI,bank_server_down,IDFC,5,3,0,1,0.834,1
txn_014139,1025.52,Credit Card,insufficient_funds,ICICI,20,6,1,0,0.633,0
txn_014140,522.04,UPI,expired_card,SBI,2,6,1,0,0.814,0
txn_014141,109.72,UPI,network_timeout,Axis,15,0,0,0,0.623,1
txn_014142,1311.64,Netbanking,insufficient_funds,ICICI,14,6,1,0,0.847,1
txn_014143,581.64,Credit Card,bank_server_down,SBI,22,1,0,0,0.515,1
txn_014144,635.18,Debit Card,network_timeout,ICICI,4,3,0,0,0.54,0
txn_014145,1264.45,Wallet,wrong_otp,HDFC,13,0,0,0,0.784,1
txn_014146,2168.63,UPI,bank_server_down,IDFC,10,6,1,0,0.691,1
txn_014147,1869.22,Netbanking,network_timeout,HDFC,16,3,0,0,0.802,1
txn_014148,593.27,Debit Card,expired_card,Kotak,17,0,0,2,0.664,0
txn_014149,764.08,Netbanking,network_timeout,IDFC,8,0,0,1,0.674,1
txn_014150,164.25,Debit Card,insufficient_funds,Yes Bank,20,5,1,2,0.542,0
txn_014151,1753.14,Credit Card,wrong_otp,SBI,20,6,1,0,0.648,1
txn_014152,1869.71,Netbanking,bank_server_down,SBI,1,5,1,2,0.802,0
txn_014153,425.72,UPI,expired_card,Yes Bank,3,5,1,0,0.988,0
txn_014154,487.87,Debit Card,bank_server_down,ICICI,4,1,0,0,0.663,1
txn_014155,467.34,UPI,card_declined,SBI,5,4,0,0,0.837,1
txn_014156,698.5,Netbanking,card_declined,Axis,23,4,0,0,0.934,1
txn_014157,138.53,UPI,card_declined,HDFC,4,1,0,0,0.89,1
txn_014158,8644.63,Debit Card,insufficient_funds,Axis,9,2,0,0,0.721,0
txn_014159,713.5,UPI,insufficient_funds,Yes Bank,19,5,1,3,0.736,0
txn_014160,2061.99,UPI,card_declined,ICICI,21,3,0,1,0.594,0
txn_014161,829.84,Credit Card,risk_flagged,Yes Bank,20,1,0,1,0.749,0
txn_014162,1122.69,Credit Card,bank_server_down,ICICI,9,6,1,3,0.76,0
txn_014163,200.84,UPI,expired_card,IDFC,6,1,0,0,0.894,0
txn_014164,4165.81,Debit Card,insufficient_funds,IDFC,21,6,1,1,0.782,0
txn_014165,2104.57,UPI,wrong_otp,Yes Bank,11,2,0,1,0.599,0
txn_014166,190.22,Credit Card,expired_card,Kotak,14,0,0,0,0.603,0
txn_014167,846.84,Netbanking,risk_flagged,Yes Bank,14,0,0,1,0.879,0
txn_014168,2035.66,Credit Card,network_timeout,Kotak,21,2,0,2,0.824,0
txn_014169,255.89,UPI,bank_server_down,Axis,9,4,0,1,0.766,1
txn_014170,388.1,UPI,risk_flagged,Axis,12,3,0,2,0.402,0
txn_014171,695.53,Credit Card,bank_server_down,Yes Bank,5,5,1,0,0.451,0
txn_014172,294.73,Netbanking,expired_card,Axis,20,0,0,2,0.731,0
txn_014173,1328.28,Wallet,wrong_otp,SBI,6,2,0,1,0.891,1
txn_014174,187.52,Netbanking,bank_server_down,Axis,12,1,0,0,0.939,1
txn_014175,225.72,UPI,wrong_otp,ICICI,19,6,1,0,0.74,1
txn_014176,393.74,UPI,card_declined,IDFC,10,1,0,0,0.784,0
txn_014177,893.8,Credit Card,bank_server_down,Yes Bank,21,6,1,0,0.683,1
txn_014178,416.11,Debit Card,risk_flagged,IDFC,20,2,0,0,0.821,0
txn_014179,254.8,Debit Card,network_timeout,SBI,15,0,0,0,0.66,1
txn_014180,1585.65,UPI,bank_server_down,HDFC,2,3,0,0,0.482,0
txn_014181,1188.61,Credit Card,expired_card,ICICI,21,1,0,0,0.915,0
txn_014182,252.9,Debit Card,bank_server_down,IDFC,1,1,0,1,0.726,1
txn_014183,903.11,UPI,insufficient_funds,Axis,16,5,1,1,0.758,0
txn_014184,2363.08,Credit Card,wrong_otp,SBI,12,4,0,1,0.532,1
txn_014185,695.98,UPI,bank_server_down,Kotak,12,0,0,0,0.525,1
txn_014186,1008.14,Credit Card,wrong_otp,Yes Bank,6,2,0,1,0.794,0
txn_014187,583.84,Debit Card,insufficient_funds,ICICI,6,1,0,1,0.815,1
txn_014188,607.22,UPI,insufficient_funds,HDFC,9,3,0,0,0.649,0
txn_014189,1538.44,UPI,card_declined,Axis,21,0,0,0,0.637,0
txn_014190,694.62,UPI,insufficient_funds,HDFC,2,6,1,1,0.85,1
txn_014191,228.84,UPI,bank_server_down,Axis,3,5,1,1,0.847,1
txn_014192,936.31,UPI,card_declined,IDFC,15,1,0,0,0.286,0
txn_014193,487.2,Debit Card,wrong_otp,SBI,1,1,0,0,0.462,0
txn_014194,311.24,UPI,network_timeout,Yes Bank,9,0,0,2,0.777,1
txn_014195,253.83,UPI,risk_flagged,Yes Bank,7,2,0,2,0.787,0
txn_014196,372.54,Netbanking,insufficient_funds,Yes Bank,21,4,0,0,0.516,0
txn_014197,89.01,UPI,insufficient_funds,Yes Bank,8,2,0,2,0.725,0
txn_014198,292.83,UPI,insufficient_funds,Kotak,6,2,0,0,0.831,1
txn_014199,701.77,UPI,risk_flagged,Axis,9,6,1,0,0.796,0
txn_014200,67.16,Debit Card,bank_server_down,HDFC,21,2,0,1,0.768,1
txn_014201,2018.88,UPI,network_timeout,Axis,15,0,0,1,0.684,0
txn_014202,264.22,UPI,network_timeout,Yes Bank,6,2,0,1,0.843,1
txn_014203,1089.34,UPI,card_declined,Axis,19,3,0,0,0.471,0
txn_014204,283.22,UPI,network_timeout,ICICI,3,2,0,0,0.79,1
txn_014205,92.83,UPI,card_declined,HDFC,15,2,0,1,0.613,0
txn_014206,107.2,UPI,insufficient_funds,IDFC,6,2,0,1,0.958,0
txn_014207,214.34,Debit Card,insufficient_funds,HDFC,10,0,0,1,0.663,0
txn_014208,1198.22,UPI,wrong_otp,ICICI,9,4,0,0,0.447,1
txn_014209,446.52,UPI,network_timeout,Kotak,15,2,0,0,0.97,1
txn_014210,4522.55,Netbanking,card_declined,IDFC,5,5,1,1,0.812,1
txn_014211,1149.88,Debit Card,insufficient_funds,IDFC,23,3,0,3,0.447,0
txn_014212,2437.67,Netbanking,network_timeout,IDFC,9,1,0,1,0.687,1
txn_014213,359.81,Wallet,bank_server_down,Yes Bank,10,4,0,0,0.908,1
txn_014214,674.42,Credit Card,bank_server_down,Axis,22,3,0,1,0.756,1
txn_014215,541.93,Debit Card,insufficient_funds,Axis,10,5,1,0,0.931,0
txn_014216,540.68,UPI,insufficient_funds,HDFC,14,1,0,0,0.588,0
txn_014217,1003.47,Debit Card,card_declined,Kotak,15,3,0,0,0.573,1
txn_014218,789.74,UPI,insufficient_funds,Yes Bank,17,6,1,3,0.73,0
txn_014219,1752.16,Wallet,card_declined,Kotak,9,4,0,2,0.933,1
txn_014220,579.92,UPI,risk_flagged,IDFC,12,4,0,0,0.796,0
txn_014221,296.78,Credit Card,network_timeout,SBI,11,0,0,0,0.568,0
txn_014222,223.38,UPI,network_timeout,ICICI,21,0,0,1,0.559,1
txn_014223,3251.71,UPI,insufficient_funds,HDFC,20,0,0,2,0.85,0
txn_014224,1123.17,Debit Card,wrong_otp,SBI,2,2,0,1,0.825,0
txn_014225,683.22,UPI,bank_server_down,Axis,14,3,0,1,0.57,1
txn_014226,462.64,Debit Card,network_timeout,SBI,14,6,1,0,0.816,1
txn_014227,460.91,UPI,wrong_otp,Kotak,0,1,0,0,0.864,1
txn_014228,328.47,UPI,expired_card,Kotak,8,5,1,1,0.596,0
txn_014229,468.64,UPI,risk_flagged,SBI,23,1,0,0,0.716,0
txn_014230,534.58,UPI,bank_server_down,IDFC,1,3,0,0,0.884,1
txn_014231,231.02,Debit Card,bank_server_down,Yes Bank,14,6,1,0,0.598,1
txn_014232,241.8,Debit Card,bank_server_down,ICICI,19,3,0,0,0.831,0
txn_014233,845.78,Debit Card,bank_server_down,ICICI,0,0,0,0,0.837,0
txn_014234,557.47,Credit Card,bank_server_down,SBI,3,6,1,1,0.796,0
txn_014235,69.2,Wallet,insufficient_funds,Yes Bank,10,3,0,2,0.729,0
txn_014236,710.34,Credit Card,wrong_otp,IDFC,4,4,0,1,0.897,0
txn_014237,241.49,UPI,bank_server_down,Yes Bank,18,1,0,0,0.599,1
txn_014238,386.65,UPI,network_timeout,Kotak,8,1,0,0,0.879,1
txn_014239,387.24,UPI,insufficient_funds,Axis,7,5,1,0,0.701,0
txn_014240,447.99,Debit Card,insufficient_funds,SBI,1,5,1,1,0.664,0
txn_014241,844.14,UPI,card_declined,Axis,23,5,1,2,0.733,1
txn_014242,367.02,Debit Card,insufficient_funds,HDFC,18,6,1,0,0.758,1
txn_014243,1552.49,UPI,insufficient_funds,Kotak,11,4,0,1,0.925,0
txn_014244,856.29,UPI,network_timeout,ICICI,13,2,0,0,0.855,1
txn_014245,328.43,Debit Card,insufficient_funds,Yes Bank,19,0,0,0,0.276,1
txn_014246,95.33,Credit Card,wrong_otp,ICICI,18,5,1,0,0.895,1
txn_014247,95.85,Debit Card,wrong_otp,Kotak,15,2,0,0,0.686,0
txn_014248,679.67,Debit Card,insufficient_funds,SBI,4,1,0,0,0.546,0
txn_014249,178.13,UPI,risk_flagged,Axis,18,4,0,0,0.896,0
txn_014250,1088.94,Credit Card,insufficient_funds,HDFC,10,5,1,1,0.622,0
txn_014251,485.43,Debit Card,bank_server_down,Axis,20,3,0,0,0.763,1
txn_014252,550.21,Debit Card,network_timeout,Axis,2,4,0,1,0.778,1
txn_014253,1061.28,UPI,risk_flagged,Kotak,12,6,1,0,0.972,1
txn_014254,1053.36,UPI,wrong_otp,SBI,9,4,0,1,0.905,1
txn_014255,542.85,Netbanking,card_declined,IDFC,21,5,1,2,0.676,0
txn_014256,775.27,UPI,wrong_otp,Yes Bank,7,1,0,2,0.515,0
txn_014257,100.02,Credit Card,network_timeout,IDFC,7,1,0,3,0.575,0
txn_014258,3438.89,Netbanking,insufficient_funds,SBI,19,2,0,0,0.693,0
txn_014259,590.02,Credit Card,card_declined,IDFC,4,6,1,1,0.308,0
txn_014260,107.52,Netbanking,bank_server_down,Kotak,15,3,0,2,0.684,0
txn_014261,3754.73,UPI,wrong_otp,Kotak,9,4,0,1,0.487,1
txn_014262,230.72,Debit Card,card_declined,SBI,11,2,0,0,0.568,0
txn_014263,916.28,Credit Card,wrong_otp,IDFC,23,0,0,0,0.673,1
txn_014264,1727.56,UPI,insufficient_funds,ICICI,10,4,0,0,0.899,0
txn_014265,268.14,UPI,bank_server_down,Axis,22,1,0,0,0.811,1
txn_014266,310.89,UPI,bank_server_down,Yes Bank,20,2,0,1,0.878,1
txn_014267,146.88,Debit Card,card_declined,HDFC,23,4,0,2,0.609,1
txn_014268,752.53,UPI,insufficient_funds,Yes Bank,3,4,0,0,0.743,0
txn_014269,729.33,Credit Card,card_declined,HDFC,2,3,0,1,0.815,0
txn_014270,1937.96,UPI,card_declined,Yes Bank,18,6,1,1,0.723,1
txn_014271,86.08,Credit Card,card_declined,Yes Bank,9,4,0,1,0.571,0
txn_014272,951.86,UPI,insufficient_funds,Axis,5,0,0,0,0.898,0
txn_014273,221.96,Netbanking,network_timeout,Kotak,9,5,1,2,0.735,0
txn_014274,153.29,UPI,wrong_otp,Axis,12,6,1,0,0.438,0
txn_014275,622.64,Debit Card,card_declined,SBI,12,4,0,0,0.719,1
txn_014276,1792.16,Credit Card,insufficient_funds,IDFC,9,3,0,1,0.712,0
txn_014277,341.84,UPI,wrong_otp,IDFC,8,4,0,0,0.518,1
txn_014278,3228.05,UPI,insufficient_funds,Kotak,0,0,0,1,0.793,1
txn_014279,541.0,UPI,network_timeout,Axis,21,5,1,0,0.93,1
txn_014280,1758.37,Debit Card,network_timeout,HDFC,7,6,1,0,0.7,1
txn_014281,861.09,UPI,insufficient_funds,ICICI,22,1,0,0,0.876,1
txn_014282,894.83,Credit Card,card_declined,SBI,5,6,1,0,0.973,0
txn_014283,868.19,UPI,wrong_otp,Yes Bank,16,6,1,1,0.92,1
txn_014284,914.08,UPI,insufficient_funds,SBI,22,6,1,2,0.376,0
txn_014285,1057.7,Credit Card,bank_server_down,ICICI,21,3,0,1,0.932,0
txn_014286,112.0,Netbanking,insufficient_funds,Axis,8,4,0,0,0.731,1
txn_014287,188.35,UPI,bank_server_down,IDFC,19,3,0,0,0.743,0
txn_014288,5449.63,UPI,insufficient_funds,Kotak,11,4,0,0,0.444,0
txn_014289,1056.57,Debit Card,network_timeout,Yes Bank,21,0,0,1,0.572,1
txn_014290,313.28,Debit Card,card_declined,ICICI,1,2,0,1,0.599,1
txn_014291,249.46,Netbanking,risk_flagged,Axis,10,6,1,0,0.882,0
txn_014292,410.66,UPI,wrong_otp,IDFC,14,1,0,0,0.36,0
txn_014293,344.39,UPI,card_declined,HDFC,2,3,0,1,0.481,1
txn_014294,148.42,UPI,insufficient_funds,Axis,9,3,0,0,0.942,0
txn_014295,2962.35,Debit Card,card_declined,ICICI,4,1,0,3,0.602,0
txn_014296,1344.5,Credit Card,insufficient_funds,Axis,21,1,0,0,0.714,0
txn_014297,2317.0,Wallet,wrong_otp,HDFC,7,1,0,0,0.808,0
txn_014298,3549.7,Wallet,risk_flagged,ICICI,2,6,1,1,0.618,0
txn_014299,175.8,Debit Card,card_declined,ICICI,16,2,0,1,0.712,0
txn_014300,557.45,UPI,wrong_otp,Kotak,3,4,0,0,0.482,0
txn_014301,808.12,UPI,card_declined,IDFC,9,5,1,0,0.617,1
txn_014302,265.92,Credit Card,insufficient_funds,Yes Bank,17,6,1,1,0.954,0
txn_014303,1423.32,UPI,insufficient_funds,Kotak,19,2,0,2,0.671,0
txn_014304,578.11,Netbanking,network_timeout,IDFC,22,2,0,1,0.564,0
txn_014305,855.71,Debit Card,card_declined,Kotak,8,4,0,0,0.789,1
txn_014306,1008.22,Debit Card,risk_flagged,IDFC,7,3,0,1,0.317,0
txn_014307,243.74,Debit Card,insufficient_funds,IDFC,16,2,0,1,0.894,1
txn_014308,1302.97,Credit Card,bank_server_down,IDFC,11,5,1,2,0.455,1
txn_014309,503.52,Debit Card,insufficient_funds,ICICI,1,6,1,0,0.512,0
txn_014310,652.35,UPI,network_timeout,Axis,6,4,0,0,0.855,1
txn_014311,1051.16,UPI,insufficient_funds,Axis,8,5,1,1,0.702,0
txn_014312,1934.67,UPI,insufficient_funds,Kotak,10,0,0,2,0.595,0
txn_014313,1487.07,UPI,wrong_otp,SBI,5,0,0,0,0.917,1
txn_014314,8355.81,UPI,insufficient_funds,Axis,9,2,0,0,0.332,0
txn_014315,381.42,UPI,bank_server_down,IDFC,1,6,1,1,0.889,1
txn_014316,848.17,Credit Card,network_timeout,SBI,15,1,0,1,0.7,1
txn_014317,2450.49,UPI,expired_card,ICICI,0,0,0,1,0.629,0
txn_014318,340.44,Netbanking,wrong_otp,SBI,23,1,0,1,0.611,1
txn_014319,656.96,UPI,insufficient_funds,Axis,17,4,0,0,0.416,0
txn_014320,1247.4,Debit Card,network_timeout,Yes Bank,4,5,1,0,0.941,1
txn_014321,187.24,Credit Card,network_timeout,IDFC,2,5,1,0,0.599,0
txn_014322,1529.75,UPI,card_declined,Yes Bank,2,3,0,2,0.582,0
txn_014323,144.5,Netbanking,bank_server_down,HDFC,11,3,0,0,0.785,1
txn_014324,1907.37,UPI,network_timeout,Kotak,12,0,0,1,0.91,1
txn_014325,1846.56,Credit Card,insufficient_funds,Yes Bank,6,4,0,2,0.642,0
txn_014326,1285.71,Credit Card,bank_server_down,Yes Bank,10,1,0,1,0.88,1
txn_014327,2587.96,Debit Card,network_timeout,Kotak,17,5,1,2,0.753,0
txn_014328,139.2,Netbanking,card_declined,Axis,10,6,1,0,0.88,1
txn_014329,525.99,Credit Card,card_declined,Axis,16,2,0,2,0.714,1
txn_014330,763.29,Netbanking,wrong_otp,HDFC,22,0,0,0,0.899,1
txn_014331,944.09,Credit Card,risk_flagged,Yes Bank,13,3,0,1,0.749,0
txn_014332,911.05,Credit Card,bank_server_down,Yes Bank,22,5,1,1,0.894,1
txn_014333,274.65,Credit Card,insufficient_funds,Axis,6,0,0,1,0.73,1
txn_014334,488.79,Debit Card,risk_flagged,ICICI,22,4,0,1,0.829,1
txn_014335,114.25,Credit Card,wrong_otp,Kotak,16,0,0,0,0.797,0
txn_014336,492.46,Credit Card,network_timeout,SBI,7,4,0,0,0.43,0
txn_014337,679.31,Credit Card,wrong_otp,Kotak,15,6,1,1,0.981,1
txn_014338,1233.66,UPI,network_timeout,ICICI,9,4,0,0,0.919,1
txn_014339,217.3,UPI,card_declined,Kotak,21,4,0,0,0.742,0
txn_014340,1433.08,UPI,insufficient_funds,SBI,21,3,0,1,0.775,0
txn_014341,307.47,UPI,network_timeout,ICICI,11,6,1,0,0.779,1
txn_014342,343.01,Credit Card,network_timeout,ICICI,9,3,0,1,0.535,1
txn_014343,5311.78,Netbanking,network_timeout,Yes Bank,19,6,1,0,0.909,1
txn_014344,774.65,UPI,card_declined,HDFC,19,4,0,0,0.901,1
txn_014345,495.12,UPI,expired_card,Axis,18,0,0,0,0.632,0
txn_014346,356.5,Credit Card,bank_server_down,Kotak,14,5,1,0,0.586,0
txn_014347,460.27,Credit Card,network_timeout,SBI,19,0,0,0,0.683,1
txn_014348,375.33,Credit Card,bank_server_down,Kotak,5,5,1,0,0.675,1
txn_014349,1540.78,Credit Card,bank_server_down,Yes Bank,17,5,1,0,0.954,1
txn_014350,91.49,UPI,risk_flagged,ICICI,2,0,0,0,0.931,0
txn_014351,1322.05,Netbanking,network_timeout,Yes Bank,18,3,0,1,0.409,1
txn_014352,611.49,Credit Card,risk_flagged,SBI,12,1,0,1,0.807,0
txn_014353,162.46,Debit Card,insufficient_funds,Axis,18,2,0,0,0.967,0
txn_014354,1440.7,UPI,bank_server_down,Kotak,21,4,0,2,0.81,0
txn_014355,3539.41,Debit Card,card_declined,HDFC,0,5,1,0,0.86,0
txn_014356,21.66,Credit Card,expired_card,IDFC,15,2,0,0,0.716,0
txn_014357,604.73,Credit Card,card_declined,ICICI,19,4,0,1,0.841,1
txn_014358,816.29,UPI,insufficient_funds,ICICI,16,0,0,0,0.881,0
txn_014359,461.46,Credit Card,insufficient_funds,Yes Bank,17,0,0,0,0.532,0
txn_014360,516.91,UPI,wrong_otp,ICICI,7,2,0,0,0.683,1
txn_014361,663.2,UPI,wrong_otp,IDFC,21,3,0,0,0.451,1
txn_014362,315.94,UPI,card_declined,IDFC,11,1,0,0,0.746,1
txn_014363,1694.9,UPI,bank_server_down,Yes Bank,16,1,0,0,0.426,1
txn_014364,2168.46,UPI,insufficient_funds,ICICI,18,5,1,0,0.77,1
txn_014365,356.05,Debit Card,card_declined,IDFC,23,6,1,1,0.839,1
txn_014366,2740.72,Wallet,insufficient_funds,HDFC,8,6,1,2,0.742,0
txn_014367,676.96,Debit Card,card_declined,IDFC,23,1,0,0,0.765,0
txn_014368,2394.25,Credit Card,card_declined,Kotak,4,0,0,0,0.898,1
txn_014369,748.57,UPI,wrong_otp,ICICI,3,6,1,2,0.679,0
txn_014370,532.59,UPI,insufficient_funds,SBI,8,3,0,0,0.831,0
txn_014371,489.23,Debit Card,insufficient_funds,HDFC,5,5,1,0,0.794,0
txn_014372,276.18,UPI,wrong_otp,SBI,22,3,0,2,0.829,0
txn_014373,441.38,UPI,card_declined,IDFC,1,2,0,0,0.59,1
txn_014374,1974.98,UPI,card_declined,HDFC,4,2,0,0,0.589,0
txn_014375,717.06,Debit Card,insufficient_funds,Kotak,1,1,0,1,0.391,0
txn_014376,688.04,UPI,bank_server_down,Yes Bank,9,2,0,0,0.793,1
txn_014377,450.92,UPI,network_timeout,Yes Bank,10,2,0,0,0.835,1
txn_014378,1695.64,Debit Card,insufficient_funds,ICICI,6,1,0,0,0.629,1
txn_014379,569.6,Credit Card,network_timeout,Axis,19,4,0,2,0.893,1
txn_014380,1530.21,UPI,wrong_otp,ICICI,14,6,1,2,0.687,0
txn_014381,404.1,Netbanking,wrong_otp,Axis,5,0,0,0,0.528,0
txn_014382,227.47,UPI,card_declined,SBI,11,3,0,0,0.371,0
txn_014383,90.83,Credit Card,insufficient_funds,Yes Bank,17,5,1,3,0.642,0
txn_014384,768.44,UPI,insufficient_funds,ICICI,17,0,0,1,0.491,1
txn_014385,898.89,Netbanking,risk_flagged,Kotak,3,1,0,0,0.956,0
txn_014386,53.74,UPI,network_timeout,Yes Bank,19,1,0,0,0.95,1
txn_014387,612.63,Credit Card,risk_flagged,Axis,2,1,0,0,0.879,0
txn_014388,3627.09,UPI,insufficient_funds,Kotak,18,3,0,0,0.777,1
txn_014389,5460.43,UPI,network_timeout,ICICI,12,5,1,1,0.756,0
txn_014390,271.68,UPI,bank_server_down,Kotak,10,1,0,1,0.565,1
txn_014391,301.39,UPI,wrong_otp,IDFC,7,3,0,0,0.619,0
txn_014392,1468.75,UPI,insufficient_funds,Yes Bank,12,6,1,1,0.649,0
txn_014393,183.19,Debit Card,card_declined,HDFC,1,6,1,0,0.82,0
txn_014394,476.17,UPI,bank_server_down,IDFC,11,1,0,0,0.781,1
txn_014395,1841.5,UPI,insufficient_funds,Axis,13,5,1,0,0.946,0
txn_014396,2882.59,UPI,bank_server_down,Axis,17,4,0,0,0.646,0
txn_014397,373.45,UPI,insufficient_funds,SBI,16,6,1,1,0.631,0
txn_014398,2141.77,UPI,network_timeout,IDFC,7,5,1,0,0.867,1
txn_014399,315.76,Credit Card,bank_server_down,Kotak,22,0,0,1,0.733,0
txn_014400,116.04,Credit Card,network_timeout,HDFC,16,4,0,1,0.741,0
txn_014401,142.1,Credit Card,card_declined,ICICI,19,5,1,1,0.833,1
txn_014402,1934.94,Netbanking,insufficient_funds,SBI,23,0,0,0,0.671,0
txn_014403,499.44,Netbanking,wrong_otp,SBI,23,0,0,1,0.884,0
txn_014404,592.22,Credit Card,card_declined,Kotak,2,0,0,0,0.729,0
txn_014405,1059.13,UPI,network_timeout,IDFC,2,1,0,0,0.9,0
txn_014406,261.37,UPI,risk_flagged,Kotak,8,4,0,0,0.758,1
txn_014407,770.73,Credit Card,bank_server_down,HDFC,2,0,0,3,0.606,1
txn_014408,1118.22,Wallet,card_declined,SBI,15,1,0,2,0.602,1
txn_014409,1202.04,Credit Card,card_declined,ICICI,14,2,0,2,0.74,0
txn_014410,735.36,UPI,insufficient_funds,SBI,7,6,1,1,0.627,0
txn_014411,2468.67,UPI,insufficient_funds,HDFC,8,5,1,1,0.798,1
txn_014412,443.91,Credit Card,network_timeout,Axis,4,5,1,0,0.516,0
txn_014413,862.02,Credit Card,insufficient_funds,ICICI,0,0,0,1,0.847,1
txn_014414,1166.81,Credit Card,insufficient_funds,Axis,19,1,0,1,0.434,0
txn_014415,2148.08,UPI,card_declined,Axis,4,6,1,1,0.864,1
txn_014416,3688.66,Debit Card,bank_server_down,HDFC,11,2,0,0,0.587,1
txn_014417,3141.72,Debit Card,risk_flagged,IDFC,20,1,0,0,0.621,0
txn_014418,206.65,UPI,card_declined,Axis,11,5,1,0,0.907,1
txn_014419,363.66,Debit Card,expired_card,HDFC,23,6,1,0,0.944,0
txn_014420,2881.05,Debit Card,insufficient_funds,ICICI,10,2,0,2,0.881,0
txn_014421,683.79,UPI,insufficient_funds,Kotak,10,5,1,1,0.884,1
txn_014422,6237.49,Wallet,card_declined,Kotak,13,5,1,1,0.473,1
txn_014423,218.42,Debit Card,bank_server_down,HDFC,1,4,0,1,0.921,0
txn_014424,2976.33,Credit Card,network_timeout,Yes Bank,0,5,1,1,0.851,1
txn_014425,105.65,UPI,insufficient_funds,IDFC,23,5,1,3,0.686,1
txn_014426,136.98,UPI,card_declined,Kotak,15,3,0,1,0.725,0
txn_014427,4057.8,UPI,insufficient_funds,Yes Bank,11,3,0,0,0.849,1
txn_014428,699.5,UPI,card_declined,HDFC,23,5,1,3,0.635,0
txn_014429,628.18,UPI,insufficient_funds,SBI,10,3,0,0,0.628,0
txn_014430,1436.23,Wallet,network_timeout,Axis,8,5,1,1,0.933,1
txn_014431,1574.59,Netbanking,wrong_otp,Kotak,17,4,0,1,0.801,1
txn_014432,231.47,Debit Card,bank_server_down,ICICI,2,5,1,0,0.804,0
txn_014433,150.83,UPI,insufficient_funds,Kotak,1,5,1,0,0.789,0
txn_014434,390.8,UPI,card_declined,Yes Bank,0,5,1,0,0.688,0
txn_014435,1690.1,Netbanking,risk_flagged,Kotak,9,3,0,1,0.76,1
txn_014436,312.63,Netbanking,network_timeout,Yes Bank,7,4,0,0,0.662,1
txn_014437,193.82,UPI,network_timeout,IDFC,15,5,1,0,0.863,1
txn_014438,875.93,Credit Card,network_timeout,Yes Bank,16,0,0,1,0.413,0
txn_014439,690.62,Netbanking,bank_server_down,Axis,15,6,1,2,0.606,0
txn_014440,346.56,Debit Card,network_timeout,IDFC,8,1,0,4,0.716,0
txn_014441,1014.21,UPI,card_declined,Kotak,21,5,1,0,0.63,1
txn_014442,3080.28,UPI,card_declined,Kotak,19,5,1,0,0.765,1
txn_014443,127.59,UPI,bank_server_down,Yes Bank,9,3,0,0,0.496,1
txn_014444,1116.11,Credit Card,insufficient_funds,Kotak,15,2,0,0,0.615,0
txn_014445,355.5,Credit Card,card_declined,HDFC,11,1,0,2,0.772,0
txn_014446,1589.73,Netbanking,bank_server_down,IDFC,13,0,0,0,0.829,0
txn_014447,449.81,Credit Card,insufficient_funds,IDFC,1,4,0,0,0.674,0
txn_014448,824.22,UPI,wrong_otp,HDFC,19,5,1,2,0.929,1
txn_014449,1053.24,Netbanking,insufficient_funds,HDFC,5,2,0,2,0.53,0
txn_014450,202.38,UPI,wrong_otp,Yes Bank,12,1,0,0,0.799,1
txn_014451,609.61,UPI,insufficient_funds,SBI,4,6,1,3,0.653,0
txn_014452,1312.34,UPI,network_timeout,SBI,3,4,0,0,0.8,0
txn_014453,325.7,UPI,network_timeout,IDFC,14,3,0,0,0.922,1
txn_014454,1407.88,Netbanking,wrong_otp,SBI,16,1,0,0,0.871,1
txn_014455,330.32,Credit Card,wrong_otp,Kotak,13,2,0,2,0.835,0
txn_014456,2069.18,UPI,expired_card,HDFC,18,1,0,1,0.755,0
txn_014457,204.18,UPI,risk_flagged,IDFC,11,6,1,0,0.635,0
txn_014458,1703.07,UPI,network_timeout,Kotak,12,5,1,2,0.462,1
txn_014459,3428.5,Credit Card,insufficient_funds,SBI,6,6,1,2,0.748,1
txn_014460,1897.76,Netbanking,bank_server_down,IDFC,15,6,1,0,0.639,1
txn_014461,328.38,UPI,insufficient_funds,HDFC,19,4,0,0,0.812,0
txn_014462,322.23,UPI,insufficient_funds,SBI,1,3,0,1,0.9,0
txn_014463,3721.95,Netbanking,bank_server_down,ICICI,9,4,0,1,0.546,0
txn_014464,746.29,Netbanking,insufficient_funds,Yes Bank,1,1,0,0,0.683,0
txn_014465,2927.78,UPI,network_timeout,HDFC,3,6,1,0,0.958,1
txn_014466,235.44,UPI,risk_flagged,HDFC,22,6,1,0,0.731,0
txn_014467,335.7,UPI,card_declined,IDFC,13,2,0,1,0.822,1
txn_014468,495.82,Credit Card,wrong_otp,Yes Bank,20,2,0,1,0.823,0
txn_014469,59.41,Wallet,network_timeout,ICICI,2,4,0,1,0.766,0
txn_014470,1275.06,Credit Card,expired_card,Yes Bank,9,1,0,3,0.832,0
txn_014471,263.97,Credit Card,network_timeout,SBI,6,3,0,0,0.547,1
txn_014472,437.88,UPI,insufficient_funds,Axis,9,6,1,1,0.603,1
txn_014473,458.24,UPI,bank_server_down,SBI,0,2,0,0,0.806,0
txn_014474,6036.52,Debit Card,card_declined,Axis,2,0,0,0,0.6,0
txn_014475,344.12,Netbanking,risk_flagged,HDFC,13,6,1,3,0.793,0
txn_014476,526.43,Credit Card,wrong_otp,Axis,3,1,0,0,0.615,1
txn_014477,1325.94,UPI,insufficient_funds,ICICI,17,0,0,1,0.89,0
txn_014478,648.08,UPI,network_timeout,SBI,9,5,1,0,0.872,0
txn_014479,7096.1,UPI,insufficient_funds,Axis,23,1,0,0,0.636,0
txn_014480,512.34,Netbanking,insufficient_funds,Yes Bank,4,0,0,0,0.511,0
txn_014481,2721.9,UPI,network_timeout,ICICI,13,2,0,1,0.6,1
txn_014482,498.73,Netbanking,network_timeout,Axis,9,5,1,3,0.953,1
txn_014483,5817.24,Debit Card,wrong_otp,ICICI,18,3,0,2,0.966,0
txn_014484,439.21,Netbanking,card_declined,Kotak,2,2,0,0,0.784,0
txn_014485,298.57,Debit Card,risk_flagged,Yes Bank,0,4,0,0,0.497,0
txn_014486,339.14,Credit Card,card_declined,Axis,17,4,0,0,0.17,0
txn_014487,85.09,Credit Card,network_timeout,SBI,14,1,0,0,0.826,1
txn_014488,1170.21,Credit Card,insufficient_funds,HDFC,8,4,0,0,0.747,0
txn_014489,210.03,UPI,insufficient_funds,ICICI,4,2,0,0,0.837,0
txn_014490,2011.09,UPI,card_declined,Axis,1,2,0,0,0.96,1
txn_014491,107.84,Netbanking,wrong_otp,Axis,20,1,0,3,0.504,0
txn_014492,3982.11,UPI,insufficient_funds,Axis,10,2,0,1,0.896,1
txn_014493,666.56,Credit Card,insufficient_funds,IDFC,2,0,0,0,0.82,0
txn_014494,1823.87,UPI,network_timeout,IDFC,20,5,1,1,0.315,1
txn_014495,3557.1,Netbanking,bank_server_down,ICICI,18,0,0,0,0.893,0
txn_014496,881.16,UPI,network_timeout,Kotak,13,6,1,1,0.81,1
txn_014497,423.67,Credit Card,wrong_otp,Kotak,14,5,1,1,0.589,1
txn_014498,286.11,Wallet,expired_card,Yes Bank,3,5,1,1,0.739,0
txn_014499,1021.83,Credit Card,bank_server_down,HDFC,2,4,0,0,0.872,1
txn_014500,365.42,Debit Card,insufficient_funds,SBI,0,4,0,1,0.761,0
txn_014501,592.38,Credit Card,bank_server_down,Yes Bank,14,6,1,1,0.892,1
txn_014502,358.2,Credit Card,bank_server_down,SBI,5,2,0,0,0.869,1
txn_014503,656.58,UPI,insufficient_funds,Kotak,14,6,1,0,0.704,0
txn_014504,545.3,UPI,insufficient_funds,Axis,16,0,0,0,0.709,1
txn_014505,465.52,Debit Card,bank_server_down,SBI,22,4,0,1,0.469,1
txn_014506,747.94,Debit Card,bank_server_down,SBI,2,0,0,0,0.977,1
txn_014507,209.72,UPI,insufficient_funds,Kotak,21,3,0,1,0.681,0
txn_014508,2201.85,Netbanking,insufficient_funds,Axis,22,3,0,0,0.549,0
txn_014509,684.02,Credit Card,wrong_otp,Kotak,20,6,1,1,0.466,0
txn_014510,1735.49,Debit Card,card_declined,Kotak,15,1,0,2,0.817,0
txn_014511,1038.36,UPI,insufficient_funds,Yes Bank,16,5,1,2,0.723,0
txn_014512,5979.37,UPI,insufficient_funds,Axis,17,5,1,0,0.734,1
txn_014513,627.97,UPI,network_timeout,Axis,9,1,0,0,0.817,1
txn_014514,822.7,UPI,card_declined,Yes Bank,14,6,1,1,0.637,1
txn_014515,171.4,UPI,insufficient_funds,IDFC,0,3,0,0,0.839,1
txn_014516,1510.74,Debit Card,wrong_otp,Axis,16,5,1,0,0.755,0
txn_014517,2140.27,UPI,expired_card,Axis,3,5,1,1,0.735,0
txn_014518,3618.23,Credit Card,expired_card,SBI,3,5,1,0,0.831,0
txn_014519,196.62,UPI,insufficient_funds,Axis,14,4,0,1,0.669,1
txn_014520,315.41,UPI,network_timeout,Kotak,23,0,0,1,0.694,0
txn_014521,396.01,UPI,network_timeout,IDFC,18,4,0,3,0.927,1
txn_014522,315.27,UPI,card_declined,ICICI,16,3,0,1,0.851,1
txn_014523,944.29,Debit Card,bank_server_down,HDFC,20,1,0,1,0.695,0
txn_014524,1016.93,Debit Card,insufficient_funds,HDFC,21,1,0,1,0.92,0
txn_014525,475.05,UPI,card_declined,Yes Bank,17,2,0,0,0.775,0
txn_014526,1605.81,Credit Card,network_timeout,ICICI,15,2,0,0,0.824,0
txn_014527,392.36,Debit Card,card_declined,HDFC,11,2,0,0,0.485,0
txn_014528,1808.73,UPI,insufficient_funds,IDFC,7,0,0,2,0.78,0
txn_014529,527.61,Debit Card,risk_flagged,Axis,7,5,1,1,0.735,0
txn_014530,343.68,Debit Card,bank_server_down,SBI,1,4,0,0,0.939,1
txn_014531,149.6,Credit Card,expired_card,SBI,12,3,0,1,0.735,1
txn_014532,613.04,UPI,expired_card,SBI,13,1,0,2,0.542,0
txn_014533,763.83,Credit Card,insufficient_funds,Axis,20,1,0,1,0.698,1
txn_014534,981.72,UPI,bank_server_down,HDFC,8,5,1,1,0.77,0
txn_014535,338.07,Debit Card,insufficient_funds,Axis,22,4,0,0,0.975,1
txn_014536,693.95,UPI,insufficient_funds,ICICI,11,3,0,0,0.657,0
txn_014537,5008.29,Debit Card,insufficient_funds,Kotak,20,6,1,0,0.712,0
txn_014538,1556.27,Credit Card,network_timeout,Axis,17,4,0,0,0.838,1
txn_014539,653.87,Netbanking,card_declined,ICICI,3,1,0,0,0.779,1
txn_014540,4416.07,Debit Card,expired_card,Yes Bank,3,0,0,0,0.612,0
txn_014541,109.58,Credit Card,bank_server_down,HDFC,1,6,1,1,0.704,0
txn_014542,1566.46,Credit Card,card_declined,Yes Bank,13,4,0,1,0.722,0
txn_014543,1109.68,Wallet,bank_server_down,SBI,14,2,0,3,0.525,0
txn_014544,231.64,Credit Card,insufficient_funds,HDFC,18,3,0,1,0.669,1
txn_014545,408.69,UPI,bank_server_down,Axis,21,5,1,0,0.401,1
txn_014546,476.85,Credit Card,card_declined,Kotak,7,0,0,0,0.827,0
txn_014547,1353.75,UPI,bank_server_down,IDFC,6,2,0,0,0.795,1
txn_014548,1127.77,UPI,card_declined,Kotak,21,2,0,0,0.86,0
txn_014549,450.1,Credit Card,network_timeout,HDFC,14,5,1,0,0.828,1
txn_014550,162.53,UPI,card_declined,HDFC,5,2,0,0,0.83,1
txn_014551,384.64,Wallet,card_declined,Axis,19,4,0,0,0.825,0
txn_014552,100.47,UPI,risk_flagged,Kotak,14,2,0,0,0.938,0
txn_014553,16889.44,Netbanking,bank_server_down,Kotak,11,3,0,0,0.912,1
txn_014554,2913.69,Credit Card,insufficient_funds,Kotak,12,0,0,2,0.913,0
txn_014555,730.4,Debit Card,wrong_otp,IDFC,5,5,1,0,0.511,0
txn_014556,325.3,Credit Card,network_timeout,ICICI,4,5,1,0,0.785,1
txn_014557,559.74,Debit Card,insufficient_funds,Axis,14,5,1,1,0.655,0
txn_014558,887.48,Netbanking,wrong_otp,SBI,22,1,0,2,0.785,0
txn_014559,433.92,UPI,bank_server_down,IDFC,22,3,0,0,0.81,1
txn_014560,371.24,Debit Card,insufficient_funds,SBI,19,1,0,0,0.918,0
txn_014561,1503.67,Credit Card,insufficient_funds,HDFC,14,2,0,1,0.618,0
txn_014562,889.13,Wallet,insufficient_funds,Kotak,19,4,0,0,0.957,0
txn_014563,793.15,UPI,wrong_otp,Axis,17,3,0,0,0.885,1
txn_014564,1307.68,UPI,insufficient_funds,Kotak,13,3,0,1,0.715,1
txn_014565,103.57,Debit Card,insufficient_funds,Yes Bank,10,2,0,0,0.929,1
txn_014566,2741.06,Netbanking,card_declined,Yes Bank,16,4,0,1,0.708,1
txn_014567,507.38,Debit Card,insufficient_funds,Yes Bank,17,4,0,0,0.928,1
txn_014568,376.73,Credit Card,insufficient_funds,Yes Bank,20,6,1,0,0.847,0
txn_014569,2380.99,UPI,bank_server_down,Kotak,7,6,1,1,0.729,1
txn_014570,370.73,UPI,insufficient_funds,SBI,11,5,1,0,0.324,0
txn_014571,1359.78,Debit Card,insufficient_funds,HDFC,5,0,0,0,0.489,0
txn_014572,120.97,Credit Card,card_declined,Kotak,16,4,0,1,0.469,0
txn_014573,1973.9,Credit Card,insufficient_funds,HDFC,18,3,0,0,0.512,0
txn_014574,2207.33,Credit Card,bank_server_down,Axis,12,2,0,1,0.876,1
txn_014575,766.03,UPI,insufficient_funds,SBI,12,4,0,3,0.951,1
txn_014576,624.32,UPI,network_timeout,IDFC,23,0,0,1,0.937,1
txn_014577,3978.42,Credit Card,bank_server_down,IDFC,11,5,1,0,0.495,0
txn_014578,937.04,UPI,wrong_otp,Kotak,1,6,1,0,0.736,0
txn_014579,1083.92,Debit Card,risk_flagged,Kotak,10,1,0,0,0.624,0
txn_014580,242.07,UPI,bank_server_down,Kotak,20,5,1,2,0.583,1
txn_014581,1484.59,Credit Card,wrong_otp,Kotak,19,4,0,3,0.844,1
txn_014582,3742.24,UPI,expired_card,Kotak,11,6,1,0,0.84,0
txn_014583,638.53,Debit Card,wrong_otp,HDFC,8,3,0,1,0.574,1
txn_014584,451.47,UPI,wrong_otp,ICICI,15,0,0,1,0.793,0
txn_014585,1179.12,Netbanking,wrong_otp,HDFC,5,1,0,0,0.523,0
txn_014586,163.58,UPI,network_timeout,SBI,16,5,1,0,0.645,0
txn_014587,383.87,Credit Card,wrong_otp,SBI,7,5,1,0,0.979,0
txn_014588,678.78,UPI,insufficient_funds,SBI,13,2,0,0,0.556,0
txn_014589,1420.22,Debit Card,network_timeout,HDFC,4,6,1,1,0.371,1
txn_014590,485.25,Credit Card,wrong_otp,Axis,10,0,0,0,0.682,0
txn_014591,371.74,UPI,risk_flagged,Kotak,19,1,0,2,0.586,0
txn_014592,2166.01,Credit Card,insufficient_funds,ICICI,7,5,1,0,0.431,0
txn_014593,357.93,Credit Card,wrong_otp,IDFC,16,5,1,0,0.868,0
txn_014594,1935.31,Credit Card,insufficient_funds,Kotak,9,4,0,0,0.557,0
txn_014595,2635.06,Wallet,card_declined,Yes Bank,17,5,1,0,0.729,0
txn_014596,530.95,UPI,insufficient_funds,ICICI,14,2,0,0,0.748,0
txn_014597,396.09,Debit Card,bank_server_down,IDFC,14,4,0,0,0.736,1
txn_014598,409.71,UPI,insufficient_funds,HDFC,12,6,1,2,0.914,1
txn_014599,442.29,Credit Card,bank_server_down,Kotak,16,5,1,0,0.677,1
txn_014600,2446.88,Debit Card,expired_card,HDFC,9,1,0,0,0.74,0
txn_014601,359.2,Credit Card,network_timeout,Axis,12,5,1,0,0.501,1
txn_014602,342.0,UPI,risk_flagged,SBI,7,2,0,1,0.894,0
txn_014603,124.76,UPI,card_declined,Axis,4,1,0,0,0.916,1
txn_014604,1400.53,Netbanking,network_timeout,Axis,16,1,0,2,0.485,1
txn_014605,261.15,Credit Card,insufficient_funds,HDFC,20,0,0,0,0.756,1
txn_014606,669.84,UPI,bank_server_down,Kotak,2,0,0,1,0.935,1
txn_014607,336.54,Netbanking,insufficient_funds,Yes Bank,8,4,0,1,0.959,0
txn_014608,2561.38,Netbanking,insufficient_funds,Kotak,12,0,0,0,0.579,0
txn_014609,296.17,Debit Card,wrong_otp,HDFC,23,2,0,1,0.646,0
txn_014610,1757.14,UPI,network_timeout,HDFC,10,5,1,0,0.67,1
txn_014611,314.55,UPI,insufficient_funds,ICICI,20,1,0,3,0.554,0
txn_014612,1804.15,UPI,insufficient_funds,Kotak,1,4,0,1,0.763,0
txn_014613,994.32,UPI,insufficient_funds,HDFC,11,5,1,0,0.862,0
txn_014614,235.82,Credit Card,bank_server_down,Kotak,21,5,1,0,0.905,1
txn_014615,1951.14,Credit Card,wrong_otp,SBI,6,6,1,0,0.841,0
txn_014616,1090.07,Debit Card,card_declined,SBI,5,4,0,0,0.773,0
txn_014617,236.76,Netbanking,bank_server_down,Yes Bank,0,4,0,1,0.778,1
txn_014618,908.71,Debit Card,expired_card,Axis,4,3,0,1,0.789,0
txn_014619,424.75,UPI,insufficient_funds,HDFC,8,2,0,1,0.937,1
txn_014620,1998.08,Netbanking,network_timeout,SBI,12,1,0,2,0.761,1
txn_014621,209.94,Debit Card,insufficient_funds,Yes Bank,2,2,0,0,0.738,1
txn_014622,239.39,Credit Card,expired_card,Axis,14,1,0,0,0.889,0
txn_014623,491.84,UPI,card_declined,HDFC,23,3,0,1,0.561,0
txn_014624,891.2,Netbanking,bank_server_down,IDFC,19,0,0,0,0.704,0
txn_014625,3313.09,UPI,card_declined,SBI,15,3,0,1,0.355,0
txn_014626,123.65,UPI,network_timeout,Kotak,8,6,1,0,0.799,1
txn_014627,560.91,Debit Card,insufficient_funds,Axis,15,2,0,0,0.345,0
txn_014628,2179.34,UPI,insufficient_funds,Yes Bank,3,0,0,1,0.78,1
txn_014629,161.55,Netbanking,bank_server_down,IDFC,14,2,0,1,0.544,1
txn_014630,650.37,UPI,network_timeout,HDFC,12,2,0,0,0.757,0
txn_014631,2893.8,Netbanking,card_declined,HDFC,9,1,0,0,0.687,0
txn_014632,1352.69,Credit Card,bank_server_down,Axis,12,0,0,0,0.623,1
txn_014633,840.64,Debit Card,bank_server_down,IDFC,2,5,1,0,0.821,0
txn_014634,497.93,UPI,insufficient_funds,Yes Bank,7,6,1,0,0.827,0
txn_014635,843.86,UPI,insufficient_funds,HDFC,1,2,0,0,0.438,0
txn_014636,1001.9,Credit Card,insufficient_funds,SBI,0,1,0,0,0.577,0
txn_014637,351.35,Credit Card,wrong_otp,Axis,8,4,0,1,0.635,0
txn_014638,890.17,UPI,bank_server_down,ICICI,20,0,0,1,0.703,1
txn_014639,4353.64,UPI,insufficient_funds,SBI,18,6,1,0,0.922,1
txn_014640,3150.41,UPI,insufficient_funds,IDFC,5,6,1,0,0.52,0
txn_014641,371.01,Netbanking,card_declined,Kotak,13,6,1,1,0.704,0
txn_014642,706.0,Credit Card,insufficient_funds,IDFC,20,3,0,0,0.579,0
txn_014643,744.94,Credit Card,bank_server_down,IDFC,3,6,1,1,0.835,0
txn_014644,1777.45,Netbanking,card_declined,HDFC,19,1,0,0,0.849,1
txn_014645,74.94,Credit Card,insufficient_funds,Kotak,5,3,0,0,0.904,0
txn_014646,475.18,Wallet,insufficient_funds,ICICI,2,1,0,0,0.521,0
txn_014647,3167.6,Debit Card,insufficient_funds,IDFC,3,1,0,3,0.563,0
txn_014648,2546.49,Debit Card,network_timeout,IDFC,21,5,1,0,0.722,0
txn_014649,593.58,Debit Card,expired_card,IDFC,4,2,0,0,0.399,0
txn_014650,1112.4,Credit Card,insufficient_funds,ICICI,6,1,0,1,0.836,1
txn_014651,469.72,UPI,bank_server_down,Yes Bank,2,4,0,0,0.763,1
txn_014652,1203.18,Wallet,insufficient_funds,IDFC,22,0,0,0,0.531,0
txn_014653,696.54,UPI,insufficient_funds,ICICI,6,5,1,2,0.646,1
txn_014654,1896.53,UPI,insufficient_funds,SBI,3,2,0,1,0.928,0
txn_014655,532.7,Credit Card,risk_flagged,ICICI,13,6,1,2,0.763,0
txn_014656,1260.44,Debit Card,bank_server_down,ICICI,12,5,1,2,0.696,0
txn_014657,376.32,UPI,insufficient_funds,Axis,9,1,0,0,0.909,0
txn_014658,546.04,UPI,network_timeout,SBI,5,2,0,1,0.816,1
txn_014659,810.27,Credit Card,card_declined,Kotak,13,6,1,0,0.724,0
txn_014660,1003.45,UPI,card_declined,Yes Bank,9,3,0,0,0.624,1
txn_014661,64.77,Netbanking,network_timeout,Axis,7,6,1,1,0.82,1
txn_014662,2821.85,Credit Card,bank_server_down,Kotak,9,2,0,1,0.458,1
txn_014663,510.62,Credit Card,insufficient_funds,Axis,8,0,0,1,0.861,0
txn_014664,264.46,UPI,insufficient_funds,Axis,20,2,0,0,0.785,1
txn_014665,406.52,UPI,wrong_otp,Yes Bank,21,4,0,3,0.943,1
txn_014666,453.61,UPI,bank_server_down,Axis,0,4,0,0,0.572,1
txn_014667,800.65,UPI,bank_server_down,HDFC,23,3,0,1,0.753,1
txn_014668,172.0,Debit Card,expired_card,Yes Bank,8,2,0,1,0.966,0
txn_014669,722.52,UPI,insufficient_funds,ICICI,21,4,0,1,0.551,0
txn_014670,273.29,Wallet,bank_server_down,Axis,5,2,0,0,0.714,0
txn_014671,821.58,UPI,insufficient_funds,SBI,15,2,0,1,0.434,0
txn_014672,1076.72,Netbanking,wrong_otp,SBI,12,5,1,1,0.582,0
txn_014673,395.65,Netbanking,insufficient_funds,Kotak,5,6,1,0,0.634,0
txn_014674,863.41,Wallet,bank_server_down,SBI,3,1,0,0,0.88,0
txn_014675,1083.81,UPI,network_timeout,HDFC,12,6,1,0,0.383,0
txn_014676,287.75,Debit Card,wrong_otp,Axis,14,4,0,2,0.755,1
txn_014677,5633.5,Debit Card,insufficient_funds,Axis,11,6,1,0,0.788,0
txn_014678,1485.62,Credit Card,card_declined,IDFC,10,1,0,0,0.454,1
txn_014679,796.17,Debit Card,network_timeout,Axis,2,5,1,0,0.688,0
txn_014680,2190.99,Credit Card,network_timeout,Yes Bank,1,3,0,1,0.891,1
txn_014681,12940.1,Wallet,insufficient_funds,Kotak,13,2,0,0,0.929,0
txn_014682,840.81,Wallet,network_timeout,HDFC,8,4,0,0,0.496,0
txn_014683,102.87,UPI,bank_server_down,HDFC,22,4,0,0,0.716,1
txn_014684,1382.9,UPI,network_timeout,ICICI,3,5,1,1,0.723,1
txn_014685,1079.42,UPI,bank_server_down,Axis,5,3,0,0,0.307,1
txn_014686,691.01,UPI,bank_server_down,SBI,19,3,0,0,0.836,1
txn_014687,115.47,Debit Card,insufficient_funds,Kotak,5,3,0,0,0.654,1
txn_014688,248.21,Netbanking,bank_server_down,ICICI,22,1,0,0,0.687,1
txn_014689,277.95,UPI,insufficient_funds,Yes Bank,20,3,0,0,0.665,1
txn_014690,573.66,Netbanking,network_timeout,Yes Bank,10,3,0,1,0.468,0
txn_014691,718.75,Netbanking,network_timeout,Yes Bank,8,3,0,0,0.909,1
txn_014692,1133.41,UPI,wrong_otp,Kotak,16,5,1,0,0.902,1
txn_014693,303.22,Debit Card,wrong_otp,Kotak,9,2,0,0,0.653,1
txn_014694,388.23,Debit Card,network_timeout,IDFC,20,1,0,0,0.909,1
txn_014695,3580.46,UPI,insufficient_funds,ICICI,13,0,0,0,0.843,0
txn_014696,1257.96,Credit Card,insufficient_funds,ICICI,8,4,0,0,0.867,0
txn_014697,2806.98,Debit Card,card_declined,IDFC,16,0,0,1,0.625,1
txn_014698,340.13,Netbanking,bank_server_down,Axis,7,0,0,1,0.734,1
txn_014699,208.83,UPI,card_declined,IDFC,22,2,0,0,0.753,1
txn_014700,204.17,UPI,risk_flagged,HDFC,19,4,0,1,0.753,0
txn_014701,272.27,UPI,insufficient_funds,Kotak,12,1,0,2,0.778,0
txn_014702,875.6,UPI,wrong_otp,ICICI,5,5,1,0,0.937,0
txn_014703,1569.69,UPI,insufficient_funds,Kotak,0,5,1,1,0.873,1
txn_014704,918.22,UPI,insufficient_funds,Axis,3,5,1,2,0.916,0
txn_014705,358.3,UPI,bank_server_down,Yes Bank,11,4,0,1,0.872,1
txn_014706,1338.92,UPI,insufficient_funds,Yes Bank,12,1,0,1,0.683,1
txn_014707,3394.86,UPI,insufficient_funds,ICICI,17,5,1,1,0.994,1
txn_014708,106.14,Credit Card,expired_card,Axis,1,4,0,1,0.683,0
txn_014709,61.18,Wallet,card_declined,SBI,3,6,1,0,0.537,0
txn_014710,545.5,UPI,card_declined,ICICI,21,5,1,1,0.671,0
txn_014711,170.91,Debit Card,insufficient_funds,Kotak,18,0,0,1,0.727,0
txn_014712,670.78,UPI,insufficient_funds,Kotak,21,4,0,1,0.93,1
txn_014713,766.88,Credit Card,insufficient_funds,Yes Bank,22,4,0,1,0.688,0
txn_014714,1661.06,Credit Card,wrong_otp,ICICI,14,4,0,1,0.937,0
txn_014715,263.16,UPI,insufficient_funds,Kotak,16,0,0,1,0.889,1
txn_014716,198.74,UPI,network_timeout,Kotak,12,3,0,2,0.614,0
txn_014717,544.64,Credit Card,insufficient_funds,Yes Bank,23,1,0,2,0.482,0
txn_014718,126.5,UPI,bank_server_down,ICICI,7,3,0,2,0.717,1
txn_014719,1849.31,UPI,card_declined,Kotak,2,4,0,1,0.828,0
txn_014720,345.52,UPI,network_timeout,SBI,6,6,1,1,0.844,1
txn_014721,535.38,UPI,bank_server_down,SBI,20,2,0,1,0.88,1
txn_014722,1226.44,UPI,wrong_otp,IDFC,3,6,1,1,0.949,0
txn_014723,341.46,Credit Card,card_declined,HDFC,12,1,0,0,0.827,1
txn_014724,633.01,Credit Card,risk_flagged,IDFC,18,5,1,1,0.919,0
txn_014725,458.49,UPI,network_timeout,ICICI,2,1,0,0,0.736,1
txn_014726,683.16,Credit Card,card_declined,IDFC,22,1,0,0,0.672,0
txn_014727,685.58,Credit Card,network_timeout,SBI,10,0,0,0,0.865,1
txn_014728,290.08,Debit Card,wrong_otp,Kotak,11,5,1,0,0.45,0
txn_014729,495.72,Credit Card,network_timeout,Yes Bank,3,0,0,0,0.69,0
txn_014730,667.85,UPI,risk_flagged,Kotak,23,4,0,1,0.755,0
txn_014731,2501.35,Credit Card,insufficient_funds,HDFC,0,5,1,0,0.901,0
txn_014732,555.11,Credit Card,risk_flagged,Axis,4,4,0,0,0.608,0
txn_014733,1109.78,Debit Card,insufficient_funds,SBI,17,6,1,2,0.425,0
txn_014734,798.46,UPI,risk_flagged,SBI,8,5,1,1,0.908,1
txn_014735,5546.49,Credit Card,network_timeout,Axis,15,3,0,0,0.864,0
txn_014736,1095.14,UPI,card_declined,IDFC,9,5,1,0,0.668,0
txn_014737,1255.24,Wallet,wrong_otp,SBI,20,3,0,1,0.444,1
txn_014738,582.36,Wallet,wrong_otp,SBI,9,1,0,1,0.752,0
txn_014739,943.95,UPI,insufficient_funds,Kotak,4,5,1,1,0.642,0
txn_014740,3664.07,Debit Card,bank_server_down,Axis,22,4,0,1,0.434,1
txn_014741,105.23,Credit Card,insufficient_funds,SBI,4,1,0,2,0.81,0
txn_014742,380.75,Credit Card,wrong_otp,Yes Bank,4,3,0,2,0.514,0
txn_014743,3051.29,Netbanking,insufficient_funds,SBI,6,2,0,0,0.812,0
txn_014744,453.1,UPI,wrong_otp,SBI,22,5,1,1,0.702,1
txn_014745,346.52,Debit Card,wrong_otp,Kotak,10,0,0,0,0.821,0
txn_014746,307.19,UPI,bank_server_down,Kotak,9,4,0,1,0.766,1
txn_014747,625.7,UPI,bank_server_down,SBI,20,1,0,0,0.587,1
txn_014748,561.3,UPI,risk_flagged,IDFC,17,4,0,1,0.797,0
txn_014749,1443.59,Debit Card,insufficient_funds,HDFC,18,2,0,0,0.779,0
txn_014750,302.42,Netbanking,insufficient_funds,Kotak,12,5,1,0,0.477,1
txn_014751,1028.3,UPI,card_declined,ICICI,17,1,0,0,0.834,0
txn_014752,372.71,Wallet,insufficient_funds,Axis,20,3,0,0,0.631,0
txn_014753,11006.54,UPI,network_timeout,SBI,6,1,0,1,0.504,1
txn_014754,221.62,UPI,insufficient_funds,SBI,2,5,1,2,0.58,0
txn_014755,1297.49,Netbanking,bank_server_down,Axis,14,3,0,1,0.761,1
txn_014756,160.83,Debit Card,wrong_otp,ICICI,13,4,0,0,0.529,1
txn_014757,496.25,UPI,bank_server_down,Kotak,7,6,1,0,0.588,1
txn_014758,1600.33,Credit Card,card_declined,HDFC,0,6,1,0,0.91,1
txn_014759,237.69,Netbanking,network_timeout,IDFC,21,4,0,2,0.663,1
txn_014760,940.95,Debit Card,bank_server_down,Axis,19,1,0,0,0.905,0
txn_014761,700.01,Debit Card,wrong_otp,Yes Bank,7,6,1,2,0.697,0
txn_014762,2470.83,UPI,bank_server_down,SBI,10,0,0,2,0.696,1
txn_014763,686.46,Debit Card,insufficient_funds,SBI,16,3,0,1,0.381,0
txn_014764,182.78,Credit Card,network_timeout,ICICI,9,2,0,1,0.637,1
txn_014765,78.52,Credit Card,insufficient_funds,Kotak,5,0,0,2,0.902,0
txn_014766,250.15,UPI,risk_flagged,HDFC,21,0,0,1,0.761,0
txn_014767,1845.34,Debit Card,expired_card,HDFC,5,1,0,0,0.883,0
txn_014768,329.61,Credit Card,network_timeout,Kotak,9,6,1,1,0.665,1
txn_014769,249.77,Credit Card,insufficient_funds,Kotak,13,2,0,0,0.908,0
txn_014770,811.82,UPI,network_timeout,HDFC,13,1,0,0,0.555,1
txn_014771,324.71,Wallet,card_declined,HDFC,5,3,0,0,0.515,0
txn_014772,318.63,Credit Card,card_declined,Kotak,8,4,0,1,0.724,0
txn_014773,798.59,Credit Card,card_declined,SBI,3,1,0,0,0.561,0
txn_014774,266.54,UPI,risk_flagged,Axis,19,4,0,0,0.853,1
txn_014775,60.38,Credit Card,card_declined,Yes Bank,5,6,1,1,0.684,0
txn_014776,4143.05,UPI,card_declined,Axis,19,3,0,0,0.689,1
txn_014777,825.17,UPI,risk_flagged,Axis,2,6,1,2,0.863,0
txn_014778,355.92,UPI,risk_flagged,IDFC,15,1,0,1,0.555,0
txn_014779,2416.18,Wallet,card_declined,IDFC,17,1,0,0,0.851,0
txn_014780,972.47,UPI,insufficient_funds,Axis,19,6,1,0,0.895,1
txn_014781,679.46,UPI,card_declined,SBI,11,6,1,0,0.7,0
txn_014782,617.97,Debit Card,network_timeout,HDFC,13,1,0,1,0.396,0
txn_014783,851.63,UPI,card_declined,IDFC,5,0,0,1,0.647,0
txn_014784,1122.23,Credit Card,insufficient_funds,Axis,19,5,1,1,0.363,0
txn_014785,1409.94,UPI,insufficient_funds,Kotak,2,4,0,0,0.852,0
txn_014786,586.94,UPI,bank_server_down,HDFC,13,1,0,2,0.849,0
txn_014787,3203.6,Netbanking,insufficient_funds,SBI,13,2,0,0,0.919,0
txn_014788,2384.02,Debit Card,insufficient_funds,Axis,22,5,1,1,0.777,1
txn_014789,126.8,UPI,bank_server_down,Yes Bank,23,4,0,1,0.485,1
txn_014790,1590.16,Debit Card,bank_server_down,IDFC,2,1,0,0,0.847,0
txn_014791,578.97,Netbanking,expired_card,Axis,2,2,0,3,0.833,0
txn_014792,371.87,Wallet,bank_server_down,SBI,8,3,0,2,0.391,0
txn_014793,345.89,Credit Card,wrong_otp,Axis,8,3,0,1,0.598,0
txn_014794,314.77,UPI,wrong_otp,ICICI,17,2,0,2,0.918,1
txn_014795,398.53,Credit Card,insufficient_funds,Kotak,19,5,1,0,0.491,0
txn_014796,1783.03,UPI,insufficient_funds,Kotak,23,5,1,0,0.418,0
txn_014797,281.42,UPI,network_timeout,SBI,1,5,1,1,0.432,0
txn_014798,412.64,UPI,bank_server_down,Yes Bank,17,4,0,0,0.633,1
txn_014799,359.41,UPI,card_declined,ICICI,23,0,0,1,0.942,0
txn_014800,2029.54,Debit Card,network_timeout,Kotak,11,2,0,1,0.771,0
txn_014801,829.64,Netbanking,wrong_otp,HDFC,15,0,0,1,0.763,1
txn_014802,184.0,Debit Card,network_timeout,Axis,10,1,0,2,0.659,0
txn_014803,1061.42,UPI,insufficient_funds,IDFC,8,5,1,2,0.589,0
txn_014804,986.42,UPI,card_declined,Kotak,15,2,0,2,0.41,0
txn_014805,610.19,Netbanking,card_declined,IDFC,15,6,1,0,0.839,1
txn_014806,621.07,UPI,risk_flagged,ICICI,13,4,0,0,0.797,0
txn_014807,936.12,UPI,bank_server_down,Axis,5,1,0,1,0.901,1
txn_014808,589.46,Credit Card,card_declined,Yes Bank,7,3,0,0,0.748,0
txn_014809,322.1,Debit Card,network_timeout,Axis,8,3,0,0,0.608,1
txn_014810,403.98,Debit Card,card_declined,Yes Bank,6,3,0,1,0.934,0
txn_014811,439.59,UPI,insufficient_funds,Axis,4,1,0,0,0.976,1
txn_014812,125.46,Credit Card,wrong_otp,IDFC,19,5,1,0,0.873,1
txn_014813,878.87,Debit Card,bank_server_down,ICICI,17,2,0,0,0.76,1
txn_014814,2760.3,UPI,card_declined,Kotak,12,0,0,0,0.78,1
txn_014815,734.59,UPI,risk_flagged,HDFC,9,6,1,1,0.625,0
txn_014816,268.73,UPI,insufficient_funds,Axis,9,1,0,0,0.5,1
txn_014817,564.76,Debit Card,insufficient_funds,IDFC,11,3,0,0,0.703,1
txn_014818,336.3,Debit Card,bank_server_down,IDFC,3,2,0,0,0.939,0
txn_014819,741.54,Credit Card,card_declined,Axis,19,6,1,0,0.819,0
txn_014820,330.53,UPI,network_timeout,IDFC,21,5,1,0,0.762,0
txn_014821,512.03,Credit Card,bank_server_down,Yes Bank,21,4,0,1,0.718,1
txn_014822,1087.73,Netbanking,bank_server_down,Yes Bank,6,4,0,0,0.8,0
txn_014823,283.77,UPI,expired_card,HDFC,1,0,0,0,0.556,0
txn_014824,228.14,Netbanking,bank_server_down,Yes Bank,9,6,1,0,0.919,0
txn_014825,1022.38,Debit Card,insufficient_funds,IDFC,12,6,1,1,0.516,0
txn_014826,326.9,Credit Card,insufficient_funds,SBI,10,4,0,0,0.503,1
txn_014827,121.08,UPI,expired_card,Yes Bank,7,6,1,1,0.921,0
txn_014828,772.6,Netbanking,wrong_otp,HDFC,12,5,1,1,0.872,0
txn_014829,407.48,UPI,insufficient_funds,Kotak,8,2,0,1,0.858,0
txn_014830,612.23,UPI,network_timeout,ICICI,14,3,0,1,0.668,0
txn_014831,408.14,Credit Card,wrong_otp,ICICI,11,1,0,0,0.273,0
txn_014832,562.7,Credit Card,bank_server_down,SBI,10,3,0,0,0.578,1
txn_014833,182.16,Credit Card,wrong_otp,Yes Bank,13,2,0,0,0.492,0
txn_014834,1577.37,UPI,bank_server_down,SBI,2,2,0,0,0.867,1
txn_014835,815.51,UPI,network_timeout,HDFC,23,2,0,1,0.809,0
txn_014836,3015.64,UPI,risk_flagged,Axis,10,2,0,0,0.843,0
txn_014837,958.96,UPI,bank_server_down,IDFC,2,6,1,0,0.481,1
txn_014838,734.33,Credit Card,insufficient_funds,ICICI,17,4,0,1,0.698,0
txn_014839,456.44,UPI,insufficient_funds,Axis,8,5,1,0,0.824,1
txn_014840,571.86,Wallet,bank_server_down,Kotak,23,2,0,0,0.395,1
txn_014841,2094.26,Credit Card,card_declined,Yes Bank,19,1,0,1,0.697,0
txn_014842,377.22,UPI,bank_server_down,ICICI,0,6,1,1,0.845,1
txn_014843,3050.31,Netbanking,insufficient_funds,ICICI,1,2,0,0,0.862,1
txn_014844,1024.47,UPI,card_declined,IDFC,15,1,0,0,0.763,0
txn_014845,203.9,Netbanking,network_timeout,ICICI,15,5,1,0,0.539,0
txn_014846,522.53,Credit Card,insufficient_funds,HDFC,21,3,0,2,0.784,0
txn_014847,846.99,Credit Card,wrong_otp,ICICI,19,1,0,1,0.638,1
txn_014848,313.1,UPI,card_declined,Kotak,14,5,1,1,0.939,1
txn_014849,852.52,UPI,bank_server_down,Axis,9,4,0,0,0.288,0
txn_014850,162.11,Debit Card,network_timeout,Axis,9,4,0,0,0.689,1
txn_014851,264.15,Debit Card,card_declined,Axis,16,2,0,0,0.841,0
txn_014852,259.12,Credit Card,insufficient_funds,Axis,6,3,0,1,0.838,1
txn_014853,201.25,UPI,card_declined,Yes Bank,2,2,0,0,0.702,0
txn_014854,1271.42,Netbanking,card_declined,Axis,17,6,1,2,0.721,0
txn_014855,515.29,Credit Card,expired_card,ICICI,15,5,1,1,0.648,0
txn_014856,300.07,Credit Card,bank_server_down,SBI,22,0,0,0,0.639,1
txn_014857,199.11,Debit Card,insufficient_funds,Kotak,18,2,0,0,0.78,0
txn_014858,1157.47,Debit Card,insufficient_funds,Axis,6,4,0,1,0.736,0
txn_014859,1080.9,UPI,network_timeout,HDFC,18,2,0,0,0.519,1
txn_014860,419.8,Debit Card,expired_card,Kotak,6,2,0,0,0.516,0
txn_014861,469.32,Credit Card,bank_server_down,Axis,18,6,1,1,0.698,1
txn_014862,1647.64,Credit Card,network_timeout,Yes Bank,12,0,0,1,0.736,1
txn_014863,3032.64,UPI,bank_server_down,Kotak,4,6,1,0,0.767,1
txn_014864,82.33,Credit Card,card_declined,HDFC,5,5,1,1,0.241,0
txn_014865,1417.33,Wallet,insufficient_funds,IDFC,2,2,0,0,0.47,0
txn_014866,1241.28,UPI,risk_flagged,SBI,22,3,0,0,0.675,0
txn_014867,234.79,UPI,risk_flagged,Kotak,20,3,0,1,0.319,0
txn_014868,540.19,Debit Card,bank_server_down,HDFC,5,2,0,1,0.795,1
txn_014869,107.11,Credit Card,insufficient_funds,IDFC,22,4,0,0,0.835,0
txn_014870,1344.67,UPI,risk_flagged,IDFC,20,3,0,3,0.915,0
txn_014871,821.15,Credit Card,insufficient_funds,Kotak,8,6,1,0,0.848,0
txn_014872,1405.7,Debit Card,network_timeout,Yes Bank,14,2,0,0,0.848,1
txn_014873,411.8,UPI,card_declined,HDFC,15,2,0,1,0.688,0
txn_014874,1075.95,Credit Card,card_declined,IDFC,7,5,1,2,0.67,0
txn_014875,3693.49,UPI,wrong_otp,SBI,13,6,1,0,0.754,1
txn_014876,2166.09,Credit Card,risk_flagged,Axis,3,0,0,0,0.626,0
txn_014877,6088.27,Wallet,card_declined,IDFC,7,1,0,1,0.93,0
txn_014878,2195.23,UPI,insufficient_funds,IDFC,6,5,1,2,0.857,1
txn_014879,1477.25,Netbanking,bank_server_down,SBI,4,1,0,1,0.601,1
txn_014880,263.12,UPI,wrong_otp,SBI,13,1,0,1,0.68,0
txn_014881,2998.71,UPI,wrong_otp,ICICI,9,5,1,2,0.749,0
txn_014882,712.02,Debit Card,insufficient_funds,Kotak,13,3,0,1,0.832,0
txn_014883,1000.91,Debit Card,bank_server_down,Kotak,10,6,1,0,0.967,1
txn_014884,211.67,Debit Card,insufficient_funds,ICICI,20,0,0,1,0.672,0
txn_014885,542.83,Debit Card,card_declined,IDFC,17,2,0,1,0.329,0
txn_014886,4158.44,UPI,bank_server_down,Kotak,0,6,1,2,0.826,1
txn_014887,380.5,Debit Card,card_declined,Kotak,4,0,0,0,0.726,1
txn_014888,319.92,Debit Card,risk_flagged,IDFC,3,2,0,0,0.684,0
txn_014889,120.78,UPI,card_declined,Yes Bank,12,6,1,0,0.818,1
txn_014890,968.62,UPI,insufficient_funds,Axis,8,6,1,0,0.553,1
txn_014891,463.33,Debit Card,network_timeout,SBI,20,2,0,1,0.775,0
txn_014892,773.59,Debit Card,bank_server_down,Kotak,11,4,0,1,0.627,1
txn_014893,496.05,Debit Card,insufficient_funds,Yes Bank,0,1,0,0,0.641,0
txn_014894,165.03,Credit Card,bank_server_down,Axis,12,0,0,1,0.899,1
txn_014895,64.78,UPI,network_timeout,HDFC,20,4,0,1,0.709,1
txn_014896,1149.51,Debit Card,wrong_otp,HDFC,0,0,0,0,0.541,1
txn_014897,2919.93,UPI,card_declined,HDFC,8,0,0,1,0.894,1
txn_014898,4307.6,UPI,card_declined,Axis,0,3,0,0,0.813,0
txn_014899,4285.69,Debit Card,card_declined,Kotak,20,1,0,0,0.371,1
txn_014900,2701.9,Credit Card,card_declined,SBI,9,4,0,3,0.895,0
txn_014901,667.34,UPI,wrong_otp,Axis,14,3,0,0,0.901,0
txn_014902,803.67,Netbanking,card_declined,IDFC,3,4,0,2,0.621,0
txn_014903,1439.37,Debit Card,wrong_otp,Yes Bank,9,4,0,0,0.749,1
txn_014904,405.59,UPI,insufficient_funds,SBI,12,5,1,1,0.565,0
txn_014905,159.88,UPI,card_declined,Yes Bank,6,6,1,0,0.706,0
txn_014906,884.51,Debit Card,insufficient_funds,Kotak,17,6,1,0,0.825,0
txn_014907,354.77,Credit Card,risk_flagged,Axis,11,2,0,0,0.916,0
txn_014908,2291.79,UPI,network_timeout,ICICI,12,6,1,2,0.576,0
txn_014909,740.93,UPI,network_timeout,ICICI,22,3,0,1,0.686,1
txn_014910,508.65,UPI,card_declined,IDFC,8,5,1,1,0.621,1
txn_014911,848.25,UPI,bank_server_down,Kotak,9,6,1,1,0.699,1
txn_014912,331.4,UPI,insufficient_funds,Kotak,7,6,1,0,0.617,1
txn_014913,533.26,UPI,risk_flagged,IDFC,6,0,0,0,0.9,0
txn_014914,189.4,UPI,insufficient_funds,Kotak,12,3,0,1,0.51,0
txn_014915,771.43,UPI,insufficient_funds,ICICI,10,0,0,1,0.653,0
txn_014916,1689.3,UPI,card_declined,Yes Bank,4,0,0,1,0.565,0
txn_014917,86.65,UPI,insufficient_funds,HDFC,17,4,0,0,0.515,0
txn_014918,700.85,UPI,insufficient_funds,Axis,20,1,0,1,0.735,1
txn_014919,140.58,Wallet,card_declined,ICICI,14,6,1,0,0.881,1
txn_014920,134.21,UPI,wrong_otp,IDFC,5,1,0,1,0.821,1
txn_014921,1144.66,UPI,wrong_otp,Axis,21,1,0,1,0.642,0
txn_014922,307.17,UPI,insufficient_funds,IDFC,11,0,0,2,0.698,0
txn_014923,90.51,UPI,network_timeout,Kotak,8,2,0,1,0.752,1
txn_014924,187.74,UPI,card_declined,Axis,5,0,0,3,0.692,0
txn_014925,3271.69,Credit Card,wrong_otp,SBI,15,2,0,0,0.415,0
txn_014926,278.61,UPI,bank_server_down,SBI,18,6,1,1,0.783,1
txn_014927,435.53,Wallet,network_timeout,IDFC,18,1,0,1,0.722,0
txn_014928,598.0,Credit Card,bank_server_down,HDFC,5,5,1,0,0.778,1
txn_014929,390.05,UPI,wrong_otp,HDFC,5,5,1,0,0.707,1
txn_014930,74.2,Debit Card,card_declined,SBI,18,5,1,2,0.764,0
txn_014931,919.71,UPI,card_declined,Axis,13,4,0,0,0.814,1
txn_014932,596.48,UPI,risk_flagged,Yes Bank,23,3,0,0,0.669,0
txn_014933,541.9,Credit Card,network_timeout,Kotak,9,2,0,3,0.664,0
txn_014934,481.16,Debit Card,card_declined,Kotak,9,6,1,3,0.613,0
txn_014935,625.85,Credit Card,insufficient_funds,Yes Bank,2,3,0,1,0.664,0
txn_014936,628.93,Debit Card,expired_card,HDFC,2,1,0,0,0.559,0
txn_014937,5795.51,UPI,card_declined,IDFC,16,6,1,0,0.625,1
txn_014938,563.11,Credit Card,card_declined,HDFC,19,5,1,1,0.978,0
txn_014939,767.73,Debit Card,bank_server_down,Yes Bank,21,4,0,1,0.449,1
txn_014940,1440.74,Debit Card,network_timeout,Yes Bank,11,6,1,0,0.896,1
txn_014941,1119.28,Netbanking,wrong_otp,Yes Bank,16,3,0,1,0.867,0
txn_014942,706.33,UPI,wrong_otp,SBI,7,2,0,0,0.73,1
txn_014943,88.16,Debit Card,insufficient_funds,ICICI,15,3,0,1,0.791,0
txn_014944,1069.45,Debit Card,insufficient_funds,Kotak,7,1,0,0,0.723,0
txn_014945,403.56,UPI,card_declined,ICICI,18,3,0,0,0.618,0
txn_014946,38.95,Credit Card,bank_server_down,SBI,23,5,1,0,0.73,0
txn_014947,1624.06,Debit Card,bank_server_down,ICICI,6,5,1,0,0.92,0
txn_014948,284.69,UPI,network_timeout,ICICI,8,2,0,0,0.414,1
txn_014949,133.01,Credit Card,insufficient_funds,HDFC,1,1,0,0,0.756,0
txn_014950,675.15,UPI,bank_server_down,IDFC,19,4,0,0,0.283,0
txn_014951,923.09,Debit Card,insufficient_funds,Kotak,18,4,0,0,0.532,0
txn_014952,366.4,UPI,bank_server_down,IDFC,17,4,0,1,0.706,1
txn_014953,485.09,UPI,bank_server_down,HDFC,0,2,0,2,0.613,1
txn_014954,555.86,UPI,insufficient_funds,HDFC,16,0,0,0,0.732,0
txn_014955,464.15,Wallet,wrong_otp,Kotak,5,0,0,0,0.601,0
txn_014956,1788.67,UPI,risk_flagged,Yes Bank,7,5,1,1,0.787,0
txn_014957,552.05,Debit Card,insufficient_funds,Axis,18,2,0,1,0.949,0
txn_014958,817.32,Credit Card,card_declined,HDFC,20,0,0,0,0.944,1
txn_014959,2478.01,UPI,card_declined,SBI,11,5,1,0,0.232,0
txn_014960,338.19,Debit Card,card_declined,SBI,3,2,0,0,0.642,0
txn_014961,765.7,Debit Card,insufficient_funds,Kotak,16,4,0,0,0.777,0
txn_014962,1185.03,UPI,card_declined,IDFC,19,5,1,1,0.781,1
txn_014963,470.0,Debit Card,insufficient_funds,ICICI,22,0,0,0,0.698,1
txn_014964,68.52,UPI,card_declined,SBI,12,3,0,1,0.99,0
txn_014965,293.1,Credit Card,insufficient_funds,SBI,3,5,1,0,0.863,0
txn_014966,4631.77,Credit Card,card_declined,Kotak,16,3,0,1,0.68,0
txn_014967,450.72,UPI,network_timeout,SBI,17,0,0,0,0.512,1
txn_014968,378.76,Debit Card,expired_card,Yes Bank,18,4,0,1,0.642,0
txn_014969,555.13,Debit Card,network_timeout,ICICI,7,4,0,2,0.794,0
txn_014970,814.6,Credit Card,card_declined,ICICI,11,0,0,1,0.387,0
txn_014971,1879.31,UPI,insufficient_funds,HDFC,13,3,0,3,0.617,0
txn_014972,1164.61,Credit Card,card_declined,Axis,10,4,0,0,0.934,1
txn_014973,391.39,Debit Card,insufficient_funds,Kotak,7,6,1,1,0.754,1
txn_014974,1101.64,UPI,card_declined,ICICI,13,2,0,0,0.518,1
txn_014975,478.15,UPI,wrong_otp,Yes Bank,21,1,0,1,0.871,0
txn_014976,1173.72,Netbanking,network_timeout,Yes Bank,23,3,0,0,0.736,1
txn_014977,2213.31,UPI,card_declined,IDFC,23,4,0,1,0.936,1
txn_014978,881.75,Credit Card,network_timeout,HDFC,18,6,1,0,0.847,1
txn_014979,3555.3,UPI,expired_card,Axis,6,4,0,2,0.717,0
txn_014980,574.69,UPI,insufficient_funds,Axis,8,6,1,1,0.962,0
txn_014981,1212.57,Wallet,expired_card,SBI,12,1,0,2,0.704,0
txn_014982,1138.18,Debit Card,network_timeout,Kotak,3,6,1,1,0.642,0
txn_014983,1062.78,UPI,wrong_otp,IDFC,22,5,1,0,0.835,1
txn_014984,1946.93,Netbanking,insufficient_funds,Yes Bank,2,5,1,1,0.912,1
txn_014985,793.4,Credit Card,card_declined,IDFC,12,1,0,4,0.725,0
txn_014986,2136.32,Wallet,network_timeout,HDFC,7,3,0,1,0.74,0
txn_014987,2941.34,UPI,expired_card,Axis,1,6,1,1,0.593,0
txn_014988,262.59,UPI,risk_flagged,IDFC,1,0,0,1,0.754,1
txn_014989,198.24,Credit Card,bank_server_down,Yes Bank,13,0,0,0,0.962,1
txn_014990,502.73,Debit Card,insufficient_funds,Axis,20,3,0,0,0.882,0
txn_014991,468.16,Credit Card,card_declined,Yes Bank,17,0,0,2,0.899,1
txn_014992,296.15,UPI,network_timeout,IDFC,3,0,0,2,0.731,1
txn_014993,966.93,UPI,bank_server_down,Kotak,9,2,0,0,0.475,0
txn_014994,938.81,UPI,network_timeout,ICICI,4,5,1,0,0.784,0
txn_014995,208.76,Debit Card,bank_server_down,HDFC,9,5,1,0,0.727,1
txn_014996,727.39,UPI,risk_flagged,HDFC,18,6,1,0,0.785,0
txn_014997,1012.14,Debit Card,insufficient_funds,HDFC,17,5,1,1,0.764,1
txn_014998,674.8,Credit Card,risk_flagged,IDFC,11,2,0,1,0.945,0
txn_014999,913.73,Netbanking,card_declined,HDFC,22,3,0,1,0.951,0
